solid OpenSCAD_Model
  facet normal 1 -0 0
    outer loop
      vertex -21 1.88892 17.5
      vertex -21 3 14
      vertex -21 3 17.5
    endloop
  endfacet
  facet normal 1 -0 0
    outer loop
      vertex -21 0 15.6111
      vertex -21 3 14
      vertex -21 1.88892 17.5
    endloop
  endfacet
  facet normal 1 0 0
    outer loop
      vertex -21 -3 14
      vertex -21 -1.88892 17.5
      vertex -21 -3 17.5
    endloop
  endfacet
  facet normal 1 0 0
    outer loop
      vertex -21 0 15.6111
      vertex -21 -3 14
      vertex -21 3 14
    endloop
  endfacet
  facet normal 1 0 0
    outer loop
      vertex -21 -1.88892 17.5
      vertex -21 -3 14
      vertex -21 0 15.6111
    endloop
  endfacet
  facet normal -0 0 1
    outer loop
      vertex -25 3 17.5
      vertex -21 1.88892 17.5
      vertex -21 3 17.5
    endloop
  endfacet
  facet normal 0 0 1
    outer loop
      vertex -21 1.88892 17.5
      vertex -25 3 17.5
      vertex -25 1.88892 17.5
    endloop
  endfacet
  facet normal -0 0 1
    outer loop
      vertex -25 -1.88892 17.5
      vertex -21 -3 17.5
      vertex -21 -1.88892 17.5
    endloop
  endfacet
  facet normal 0 0 1
    outer loop
      vertex -21 -3 17.5
      vertex -25 -1.88892 17.5
      vertex -25 -3 17.5
    endloop
  endfacet
  facet normal -1 0 0
    outer loop
      vertex -25 3 14
      vertex -25 1.88892 17.5
      vertex -25 3 17.5
    endloop
  endfacet
  facet normal -1 0 0
    outer loop
      vertex -25 3 14
      vertex -25 0 15.6111
      vertex -25 1.88892 17.5
    endloop
  endfacet
  facet normal -1 0 0
    outer loop
      vertex -25 -3 14
      vertex -25 0 15.6111
      vertex -25 3 14
    endloop
  endfacet
  facet normal -1 0 0
    outer loop
      vertex -25 -3 14
      vertex -25 -1.88892 17.5
      vertex -25 0 15.6111
    endloop
  endfacet
  facet normal -1 -0 0
    outer loop
      vertex -25 -1.88892 17.5
      vertex -25 -3 14
      vertex -25 -3 17.5
    endloop
  endfacet
  facet normal 0 1 -0
    outer loop
      vertex -21 3 14
      vertex -25 3 17.5
      vertex -21 3 17.5
    endloop
  endfacet
  facet normal 0 1 0
    outer loop
      vertex -25 3 17.5
      vertex -21 3 14
      vertex -25 3 14
    endloop
  endfacet
  facet normal 0 -1 0
    outer loop
      vertex -25 -3 14
      vertex -21 -3 17.5
      vertex -25 -3 17.5
    endloop
  endfacet
  facet normal 0 -1 -0
    outer loop
      vertex -21 -3 17.5
      vertex -25 -3 14
      vertex -21 -3 14
    endloop
  endfacet
  facet normal 1 -0 0
    outer loop
      vertex 25 1.88892 17.5
      vertex 25 3 14
      vertex 25 3 17.5
    endloop
  endfacet
  facet normal 1 -0 0
    outer loop
      vertex 25 0 15.6111
      vertex 25 3 14
      vertex 25 1.88892 17.5
    endloop
  endfacet
  facet normal 1 0 0
    outer loop
      vertex 25 -3 14
      vertex 25 -1.88892 17.5
      vertex 25 -3 17.5
    endloop
  endfacet
  facet normal 1 0 0
    outer loop
      vertex 25 0 15.6111
      vertex 25 -3 14
      vertex 25 3 14
    endloop
  endfacet
  facet normal 1 0 0
    outer loop
      vertex 25 -1.88892 17.5
      vertex 25 -3 14
      vertex 25 0 15.6111
    endloop
  endfacet
  facet normal -0 0 1
    outer loop
      vertex 21 3 17.5
      vertex 25 1.88892 17.5
      vertex 25 3 17.5
    endloop
  endfacet
  facet normal 0 0 1
    outer loop
      vertex 25 1.88892 17.5
      vertex 21 3 17.5
      vertex 21 1.88892 17.5
    endloop
  endfacet
  facet normal -0 0 1
    outer loop
      vertex 21 -1.88892 17.5
      vertex 25 -3 17.5
      vertex 25 -1.88892 17.5
    endloop
  endfacet
  facet normal 0 0 1
    outer loop
      vertex 25 -3 17.5
      vertex 21 -1.88892 17.5
      vertex 21 -3 17.5
    endloop
  endfacet
  facet normal -1 0 0
    outer loop
      vertex 21 3 14
      vertex 21 1.88892 17.5
      vertex 21 3 17.5
    endloop
  endfacet
  facet normal -1 0 0
    outer loop
      vertex 21 3 14
      vertex 21 0 15.6111
      vertex 21 1.88892 17.5
    endloop
  endfacet
  facet normal -1 0 0
    outer loop
      vertex 21 -3 14
      vertex 21 0 15.6111
      vertex 21 3 14
    endloop
  endfacet
  facet normal -1 0 0
    outer loop
      vertex 21 -3 14
      vertex 21 -1.88892 17.5
      vertex 21 0 15.6111
    endloop
  endfacet
  facet normal -1 -0 0
    outer loop
      vertex 21 -1.88892 17.5
      vertex 21 -3 14
      vertex 21 -3 17.5
    endloop
  endfacet
  facet normal 0 1 -0
    outer loop
      vertex 25 3 14
      vertex 21 3 17.5
      vertex 25 3 17.5
    endloop
  endfacet
  facet normal 0 1 0
    outer loop
      vertex 21 3 17.5
      vertex 25 3 14
      vertex 21 3 14
    endloop
  endfacet
  facet normal 0 -1 0
    outer loop
      vertex 21 -3 14
      vertex 25 -3 17.5
      vertex 21 -3 17.5
    endloop
  endfacet
  facet normal 0 -1 -0
    outer loop
      vertex 25 -3 17.5
      vertex 21 -3 14
      vertex 25 -3 14
    endloop
  endfacet
  facet normal 1 -0 0
    outer loop
      vertex 29 -21 14
      vertex 29 21 0
      vertex 29 21 14
    endloop
  endfacet
  facet normal 1 0 0
    outer loop
      vertex 29 21 0
      vertex 29 -21 14
      vertex 29 -21 0
    endloop
  endfacet
  facet normal 0 0 1
    outer loop
      vertex -20 -14 14
      vertex -21.3145 -15.7781 14
      vertex -21.3 -16 14
    endloop
  endfacet
  facet normal 0 0 1
    outer loop
      vertex -20 -14 14
      vertex -21.3579 -15.56 14
      vertex -21.3145 -15.7781 14
    endloop
  endfacet
  facet normal 0 0 1
    outer loop
      vertex -20 -14 14
      vertex -21.4294 -15.3494 14
      vertex -21.3579 -15.56 14
    endloop
  endfacet
  facet normal 0 0 1
    outer loop
      vertex -20 -14 14
      vertex -21.5278 -15.15 14
      vertex -21.4294 -15.3494 14
    endloop
  endfacet
  facet normal 0 0 1
    outer loop
      vertex -20 -14 14
      vertex -21.6513 -14.9651 14
      vertex -21.5278 -15.15 14
    endloop
  endfacet
  facet normal 0 0 1
    outer loop
      vertex -20 -14 14
      vertex -21.7979 -14.7979 14
      vertex -21.6513 -14.9651 14
    endloop
  endfacet
  facet normal 0 0 1
    outer loop
      vertex -20 -14 14
      vertex -21.9651 -14.6513 14
      vertex -21.7979 -14.7979 14
    endloop
  endfacet
  facet normal 0 0 1
    outer loop
      vertex -20 -14 14
      vertex -22.15 -14.5278 14
      vertex -21.9651 -14.6513 14
    endloop
  endfacet
  facet normal 0 0 1
    outer loop
      vertex -20 -14 14
      vertex -22.3494 -14.4294 14
      vertex -22.15 -14.5278 14
    endloop
  endfacet
  facet normal 0 0 1
    outer loop
      vertex -20 -14 14
      vertex -22.56 -14.3579 14
      vertex -22.3494 -14.4294 14
    endloop
  endfacet
  facet normal 0 0 1
    outer loop
      vertex -20 -14 14
      vertex -22.7781 -14.3145 14
      vertex -22.56 -14.3579 14
    endloop
  endfacet
  facet normal 0 0 1
    outer loop
      vertex -21 -3 14
      vertex -23 -14.3 14
      vertex -22.7781 -14.3145 14
    endloop
  endfacet
  facet normal -0 0 1
    outer loop
      vertex -25 -3 14
      vertex -23 -14.3 14
      vertex -21 -3 14
    endloop
  endfacet
  facet normal 0 0 1
    outer loop
      vertex -23 -14.3 14
      vertex -25 -3 14
      vertex -23.2219 -14.3145 14
    endloop
  endfacet
  facet normal 0 0 1
    outer loop
      vertex -23.2219 -14.3145 14
      vertex -25 -3 14
      vertex -23.44 -14.3579 14
    endloop
  endfacet
  facet normal 0 0 1
    outer loop
      vertex -23.44 -14.3579 14
      vertex -25 -3 14
      vertex -23.6506 -14.4294 14
    endloop
  endfacet
  facet normal 0 0 1
    outer loop
      vertex -23.6506 -14.4294 14
      vertex -25 -3 14
      vertex -23.85 -14.5278 14
    endloop
  endfacet
  facet normal 0 0 1
    outer loop
      vertex -23.85 -14.5278 14
      vertex -25 -3 14
      vertex -24.0349 -14.6513 14
    endloop
  endfacet
  facet normal 0 0 1
    outer loop
      vertex -24.0349 -14.6513 14
      vertex -25 -3 14
      vertex -24.2021 -14.7979 14
    endloop
  endfacet
  facet normal 0 0 1
    outer loop
      vertex -24.2021 -14.7979 14
      vertex -25 -3 14
      vertex -24.3487 -14.9651 14
    endloop
  endfacet
  facet normal 0 0 1
    outer loop
      vertex -24.3487 -14.9651 14
      vertex -25 -3 14
      vertex -24.4722 -15.15 14
    endloop
  endfacet
  facet normal 0 0 1
    outer loop
      vertex -24.4722 -15.15 14
      vertex -25 -3 14
      vertex -24.5706 -15.3494 14
    endloop
  endfacet
  facet normal 0 0 1
    outer loop
      vertex -24.6421 -15.56 14
      vertex -29 -21 14
      vertex -24.6855 -15.7781 14
    endloop
  endfacet
  facet normal 0 0 1
    outer loop
      vertex -24.5706 -15.3494 14
      vertex -29 -21 14
      vertex -24.6421 -15.56 14
    endloop
  endfacet
  facet normal 0 0 1
    outer loop
      vertex -29 -21 14
      vertex -24.5706 -15.3494 14
      vertex -25 -3 14
    endloop
  endfacet
  facet normal -0 0 1
    outer loop
      vertex -21.3579 15.56 14
      vertex -20 14 14
      vertex -21.3145 15.7781 14
    endloop
  endfacet
  facet normal -0 0 1
    outer loop
      vertex -21.4294 15.3494 14
      vertex -20 14 14
      vertex -21.3579 15.56 14
    endloop
  endfacet
  facet normal -0 0 1
    outer loop
      vertex -21.5278 15.15 14
      vertex -20 14 14
      vertex -21.4294 15.3494 14
    endloop
  endfacet
  facet normal -0 0 1
    outer loop
      vertex -21.6513 14.9651 14
      vertex -20 14 14
      vertex -21.5278 15.15 14
    endloop
  endfacet
  facet normal -0 0 1
    outer loop
      vertex -21.7979 14.7979 14
      vertex -20 14 14
      vertex -21.6513 14.9651 14
    endloop
  endfacet
  facet normal -0 0 1
    outer loop
      vertex -21.9651 14.6513 14
      vertex -20 14 14
      vertex -21.7979 14.7979 14
    endloop
  endfacet
  facet normal -0 0 1
    outer loop
      vertex -22.15 14.5278 14
      vertex -20 14 14
      vertex -21.9651 14.6513 14
    endloop
  endfacet
  facet normal -0 0 1
    outer loop
      vertex -22.3494 14.4294 14
      vertex -20 14 14
      vertex -22.15 14.5278 14
    endloop
  endfacet
  facet normal -0 0 1
    outer loop
      vertex -22.56 14.3579 14
      vertex -20 14 14
      vertex -22.3494 14.4294 14
    endloop
  endfacet
  facet normal -0 0 1
    outer loop
      vertex -22.7781 14.3145 14
      vertex -20 14 14
      vertex -22.56 14.3579 14
    endloop
  endfacet
  facet normal 0 0 1
    outer loop
      vertex -20 14 14
      vertex -22.7781 14.3145 14
      vertex -21 3 14
    endloop
  endfacet
  facet normal -0 0 1
    outer loop
      vertex -23 14.3 14
      vertex -21 3 14
      vertex -22.7781 14.3145 14
    endloop
  endfacet
  facet normal 0 0 1
    outer loop
      vertex -25 3 14
      vertex -23 14.3 14
      vertex -23.2219 14.3145 14
    endloop
  endfacet
  facet normal 0 0 1
    outer loop
      vertex -25 3 14
      vertex -23.2219 14.3145 14
      vertex -23.44 14.3579 14
    endloop
  endfacet
  facet normal 0 0 1
    outer loop
      vertex -25 3 14
      vertex -23.44 14.3579 14
      vertex -23.6506 14.4294 14
    endloop
  endfacet
  facet normal 0 0 1
    outer loop
      vertex -25 3 14
      vertex -23.6506 14.4294 14
      vertex -23.85 14.5278 14
    endloop
  endfacet
  facet normal 0 0 1
    outer loop
      vertex -25 3 14
      vertex -23.85 14.5278 14
      vertex -24.0349 14.6513 14
    endloop
  endfacet
  facet normal 0 0 1
    outer loop
      vertex -25 3 14
      vertex -24.0349 14.6513 14
      vertex -24.2021 14.7979 14
    endloop
  endfacet
  facet normal 0 0 1
    outer loop
      vertex -25 3 14
      vertex -24.2021 14.7979 14
      vertex -24.3487 14.9651 14
    endloop
  endfacet
  facet normal 0 0 1
    outer loop
      vertex -25 3 14
      vertex -24.3487 14.9651 14
      vertex -24.4722 15.15 14
    endloop
  endfacet
  facet normal 0 0 1
    outer loop
      vertex -25 3 14
      vertex -24.4722 15.15 14
      vertex -24.5706 15.3494 14
    endloop
  endfacet
  facet normal 0 0 1
    outer loop
      vertex -29 21 14
      vertex -24.5706 15.3494 14
      vertex -24.6421 15.56 14
    endloop
  endfacet
  facet normal 0 0 1
    outer loop
      vertex -23 14.3 14
      vertex -25 3 14
      vertex -21 3 14
    endloop
  endfacet
  facet normal 0 0 1
    outer loop
      vertex -29 21 14
      vertex -24.6421 15.56 14
      vertex -24.6855 15.7781 14
    endloop
  endfacet
  facet normal 0 0 1
    outer loop
      vertex -29 21 14
      vertex -24.6855 15.7781 14
      vertex -24.7 16 14
    endloop
  endfacet
  facet normal 0 0 1
    outer loop
      vertex 29 -21 14
      vertex 24.6855 -15.7781 14
      vertex 24.7 -16 14
    endloop
  endfacet
  facet normal 0 0 1
    outer loop
      vertex 29 -21 14
      vertex 24.6421 -15.56 14
      vertex 24.6855 -15.7781 14
    endloop
  endfacet
  facet normal 0 0 1
    outer loop
      vertex 29 -21 14
      vertex 24.5706 -15.3494 14
      vertex 24.6421 -15.56 14
    endloop
  endfacet
  facet normal 0 0 1
    outer loop
      vertex 25 -3 14
      vertex 24.4722 -15.15 14
      vertex 24.5706 -15.3494 14
    endloop
  endfacet
  facet normal 0 0 1
    outer loop
      vertex 25 -3 14
      vertex 24.3487 -14.9651 14
      vertex 24.4722 -15.15 14
    endloop
  endfacet
  facet normal 0 0 1
    outer loop
      vertex 25 -3 14
      vertex 24.2021 -14.7979 14
      vertex 24.3487 -14.9651 14
    endloop
  endfacet
  facet normal 0 0 1
    outer loop
      vertex 25 -3 14
      vertex 24.0349 -14.6513 14
      vertex 24.2021 -14.7979 14
    endloop
  endfacet
  facet normal 0 0 1
    outer loop
      vertex 25 -3 14
      vertex 23.85 -14.5278 14
      vertex 24.0349 -14.6513 14
    endloop
  endfacet
  facet normal 0 0 1
    outer loop
      vertex 25 -3 14
      vertex 23.6506 -14.4294 14
      vertex 23.85 -14.5278 14
    endloop
  endfacet
  facet normal 0 0 1
    outer loop
      vertex 25 -3 14
      vertex 23.44 -14.3579 14
      vertex 23.6506 -14.4294 14
    endloop
  endfacet
  facet normal 0 0 1
    outer loop
      vertex 25 -3 14
      vertex 23.2219 -14.3145 14
      vertex 23.44 -14.3579 14
    endloop
  endfacet
  facet normal 0 0 1
    outer loop
      vertex 25 -3 14
      vertex 23 -14.3 14
      vertex 23.2219 -14.3145 14
    endloop
  endfacet
  facet normal -0 0 1
    outer loop
      vertex 21 -3 14
      vertex 23 -14.3 14
      vertex 25 -3 14
    endloop
  endfacet
  facet normal 0 0 1
    outer loop
      vertex 23 -14.3 14
      vertex 21 -3 14
      vertex 22.7781 -14.3145 14
    endloop
  endfacet
  facet normal -0 0 1
    outer loop
      vertex 20 -14 14
      vertex 22.7781 -14.3145 14
      vertex 21 -3 14
    endloop
  endfacet
  facet normal 0 0 1
    outer loop
      vertex 22.7781 -14.3145 14
      vertex 20 -14 14
      vertex 22.56 -14.3579 14
    endloop
  endfacet
  facet normal 0 0 1
    outer loop
      vertex 22.56 -14.3579 14
      vertex 20 -14 14
      vertex 22.3494 -14.4294 14
    endloop
  endfacet
  facet normal 0 0 1
    outer loop
      vertex 22.3494 -14.4294 14
      vertex 20 -14 14
      vertex 22.15 -14.5278 14
    endloop
  endfacet
  facet normal 0 0 1
    outer loop
      vertex 21.9651 -14.6513 14
      vertex 20 -14 14
      vertex 21.7979 -14.7979 14
    endloop
  endfacet
  facet normal 0 0 1
    outer loop
      vertex 21.7979 -14.7979 14
      vertex 20 -14 14
      vertex 21.6513 -14.9651 14
    endloop
  endfacet
  facet normal 0 0 1
    outer loop
      vertex 21.6513 -14.9651 14
      vertex 20 -14 14
      vertex 21.5278 -15.15 14
    endloop
  endfacet
  facet normal 0 0 1
    outer loop
      vertex 21.5278 -15.15 14
      vertex 20 -14 14
      vertex 21.4294 -15.3494 14
    endloop
  endfacet
  facet normal 0 0 1
    outer loop
      vertex 21.3579 -15.56 14
      vertex 20 -14 14
      vertex 21.3145 -15.7781 14
    endloop
  endfacet
  facet normal 0 0 1
    outer loop
      vertex 21.4294 -15.3494 14
      vertex 20 -14 14
      vertex 21.3579 -15.56 14
    endloop
  endfacet
  facet normal 0 0 1
    outer loop
      vertex 22.15 -14.5278 14
      vertex 20 -14 14
      vertex 21.9651 -14.6513 14
    endloop
  endfacet
  facet normal 0 0 1
    outer loop
      vertex 29 21 14
      vertex 25 3 14
      vertex 29 -21 14
    endloop
  endfacet
  facet normal 0 0 1
    outer loop
      vertex 24.6855 15.7781 14
      vertex 29 21 14
      vertex 24.7 16 14
    endloop
  endfacet
  facet normal 0 0 1
    outer loop
      vertex 29 21 14
      vertex 24.6855 16.2219 14
      vertex 24.7 16 14
    endloop
  endfacet
  facet normal 0 0 1
    outer loop
      vertex 29 21 14
      vertex 24.6421 16.44 14
      vertex 24.6855 16.2219 14
    endloop
  endfacet
  facet normal 0 0 1
    outer loop
      vertex 29 21 14
      vertex 24.5706 16.6506 14
      vertex 24.6421 16.44 14
    endloop
  endfacet
  facet normal 0 0 1
    outer loop
      vertex 29 21 14
      vertex 24.4722 16.85 14
      vertex 24.5706 16.6506 14
    endloop
  endfacet
  facet normal 0 0 1
    outer loop
      vertex 29 21 14
      vertex 24.3487 17.0349 14
      vertex 24.4722 16.85 14
    endloop
  endfacet
  facet normal 0 0 1
    outer loop
      vertex 29 21 14
      vertex 24.2021 17.2021 14
      vertex 24.3487 17.0349 14
    endloop
  endfacet
  facet normal 0 0 1
    outer loop
      vertex 29 21 14
      vertex 24.0349 17.3487 14
      vertex 24.2021 17.2021 14
    endloop
  endfacet
  facet normal 0 0 1
    outer loop
      vertex 29 21 14
      vertex 23.85 17.4722 14
      vertex 24.0349 17.3487 14
    endloop
  endfacet
  facet normal 0 0 1
    outer loop
      vertex 29 21 14
      vertex 23.6506 17.5706 14
      vertex 23.85 17.4722 14
    endloop
  endfacet
  facet normal 0 0 1
    outer loop
      vertex 29 21 14
      vertex 23.44 17.6421 14
      vertex 23.6506 17.5706 14
    endloop
  endfacet
  facet normal 0 0 1
    outer loop
      vertex 29 21 14
      vertex 23.2219 17.6855 14
      vertex 23.44 17.6421 14
    endloop
  endfacet
  facet normal 0 0 1
    outer loop
      vertex 29 21 14
      vertex 23 17.7 14
      vertex 23.2219 17.6855 14
    endloop
  endfacet
  facet normal 0 0 1
    outer loop
      vertex 29 21 14
      vertex 22.7781 17.6855 14
      vertex 23 17.7 14
    endloop
  endfacet
  facet normal 0 0 1
    outer loop
      vertex 29 21 14
      vertex 22.56 17.6421 14
      vertex 22.7781 17.6855 14
    endloop
  endfacet
  facet normal 0 0 1
    outer loop
      vertex 29 21 14
      vertex 22.3494 17.5706 14
      vertex 22.56 17.6421 14
    endloop
  endfacet
  facet normal 0 0 1
    outer loop
      vertex -22.3494 17.5706 14
      vertex 22.3494 17.5706 14
      vertex 29 21 14
    endloop
  endfacet
  facet normal 0 0 1
    outer loop
      vertex 21 3 14
      vertex 20 14 14
      vertex 21 -3 14
    endloop
  endfacet
  facet normal 0 0 1
    outer loop
      vertex 22.7781 14.3145 14
      vertex 20 14 14
      vertex 21 3 14
    endloop
  endfacet
  facet normal 0 0 1
    outer loop
      vertex 21.3145 16.2219 14
      vertex 20 14 14
      vertex 21.3 16 14
    endloop
  endfacet
  facet normal 0 0 1
    outer loop
      vertex 21.3579 16.44 14
      vertex 20 14 14
      vertex 21.3145 16.2219 14
    endloop
  endfacet
  facet normal 0 0 1
    outer loop
      vertex 21.4294 16.6506 14
      vertex 20 14 14
      vertex 21.3579 16.44 14
    endloop
  endfacet
  facet normal 0 0 1
    outer loop
      vertex -21.4294 16.6506 14
      vertex 21.4294 16.6506 14
      vertex 21.5278 16.85 14
    endloop
  endfacet
  facet normal 0 0 1
    outer loop
      vertex 21.4294 16.6506 14
      vertex -20 14 14
      vertex 20 14 14
    endloop
  endfacet
  facet normal 0 0 1
    outer loop
      vertex -21.5278 16.85 14
      vertex 21.5278 16.85 14
      vertex 21.6513 17.0349 14
    endloop
  endfacet
  facet normal 0 0 1
    outer loop
      vertex -21.6513 17.0349 14
      vertex 21.6513 17.0349 14
      vertex 21.7979 17.2021 14
    endloop
  endfacet
  facet normal 0 0 1
    outer loop
      vertex -21.7979 17.2021 14
      vertex 21.7979 17.2021 14
      vertex 21.9651 17.3487 14
    endloop
  endfacet
  facet normal 0 0 1
    outer loop
      vertex -21.9651 17.3487 14
      vertex 21.9651 17.3487 14
      vertex 22.15 17.4722 14
    endloop
  endfacet
  facet normal 0 0 1
    outer loop
      vertex 22.3494 17.5706 14
      vertex -22.3494 17.5706 14
      vertex 22.15 17.4722 14
    endloop
  endfacet
  facet normal 0 0 1
    outer loop
      vertex -20 14 14
      vertex -21 3 14
      vertex -20 -14 14
    endloop
  endfacet
  facet normal -0 0 1
    outer loop
      vertex -21.3145 15.7781 14
      vertex -20 14 14
      vertex -21.3 16 14
    endloop
  endfacet
  facet normal 0 0 1
    outer loop
      vertex 21.4294 16.6506 14
      vertex -21.4294 16.6506 14
      vertex -20 14 14
    endloop
  endfacet
  facet normal 0 0 1
    outer loop
      vertex -20 14 14
      vertex -21.3145 16.2219 14
      vertex -21.3 16 14
    endloop
  endfacet
  facet normal 0 0 1
    outer loop
      vertex -20 14 14
      vertex -21.3579 16.44 14
      vertex -21.3145 16.2219 14
    endloop
  endfacet
  facet normal 0 0 1
    outer loop
      vertex -20 14 14
      vertex -21.4294 16.6506 14
      vertex -21.3579 16.44 14
    endloop
  endfacet
  facet normal 0 0 1
    outer loop
      vertex 21.5278 16.85 14
      vertex -21.5278 16.85 14
      vertex -21.4294 16.6506 14
    endloop
  endfacet
  facet normal 0 0 1
    outer loop
      vertex 21.6513 17.0349 14
      vertex -21.6513 17.0349 14
      vertex -21.5278 16.85 14
    endloop
  endfacet
  facet normal 0 0 1
    outer loop
      vertex 21.7979 17.2021 14
      vertex -21.7979 17.2021 14
      vertex -21.6513 17.0349 14
    endloop
  endfacet
  facet normal 0 0 1
    outer loop
      vertex 21.9651 17.3487 14
      vertex -21.9651 17.3487 14
      vertex -21.7979 17.2021 14
    endloop
  endfacet
  facet normal 0 0 1
    outer loop
      vertex 22.15 17.4722 14
      vertex -22.15 17.4722 14
      vertex -21.9651 17.3487 14
    endloop
  endfacet
  facet normal 0 0 1
    outer loop
      vertex 22.15 17.4722 14
      vertex -22.3494 17.5706 14
      vertex -22.15 17.4722 14
    endloop
  endfacet
  facet normal -0 0 1
    outer loop
      vertex -29 21 14
      vertex -22.3494 17.5706 14
      vertex 29 21 14
    endloop
  endfacet
  facet normal 0 0 1
    outer loop
      vertex -22.3494 17.5706 14
      vertex -29 21 14
      vertex -22.56 17.6421 14
    endloop
  endfacet
  facet normal 0 0 1
    outer loop
      vertex -22.56 17.6421 14
      vertex -29 21 14
      vertex -22.7781 17.6855 14
    endloop
  endfacet
  facet normal 0 0 1
    outer loop
      vertex -25 3 14
      vertex -29 21 14
      vertex -25 -3 14
    endloop
  endfacet
  facet normal 0 0 1
    outer loop
      vertex -24.5706 15.3494 14
      vertex -29 21 14
      vertex -25 3 14
    endloop
  endfacet
  facet normal 0 0 1
    outer loop
      vertex -24.6855 16.2219 14
      vertex -29 21 14
      vertex -24.7 16 14
    endloop
  endfacet
  facet normal 0 0 1
    outer loop
      vertex -24.6421 16.44 14
      vertex -29 21 14
      vertex -24.6855 16.2219 14
    endloop
  endfacet
  facet normal 0 0 1
    outer loop
      vertex -24.5706 16.6506 14
      vertex -29 21 14
      vertex -24.6421 16.44 14
    endloop
  endfacet
  facet normal 0 0 1
    outer loop
      vertex -24.4722 16.85 14
      vertex -29 21 14
      vertex -24.5706 16.6506 14
    endloop
  endfacet
  facet normal 0 0 1
    outer loop
      vertex -24.3487 17.0349 14
      vertex -29 21 14
      vertex -24.4722 16.85 14
    endloop
  endfacet
  facet normal 0 0 1
    outer loop
      vertex -24.2021 17.2021 14
      vertex -29 21 14
      vertex -24.3487 17.0349 14
    endloop
  endfacet
  facet normal 0 0 1
    outer loop
      vertex -24.0349 17.3487 14
      vertex -29 21 14
      vertex -24.2021 17.2021 14
    endloop
  endfacet
  facet normal 0 0 1
    outer loop
      vertex -23.85 17.4722 14
      vertex -29 21 14
      vertex -24.0349 17.3487 14
    endloop
  endfacet
  facet normal 0 0 1
    outer loop
      vertex -23.6506 17.5706 14
      vertex -29 21 14
      vertex -23.85 17.4722 14
    endloop
  endfacet
  facet normal 0 0 1
    outer loop
      vertex -23.44 17.6421 14
      vertex -29 21 14
      vertex -23.6506 17.5706 14
    endloop
  endfacet
  facet normal 0 0 1
    outer loop
      vertex -23.2219 17.6855 14
      vertex -29 21 14
      vertex -23.44 17.6421 14
    endloop
  endfacet
  facet normal 0 0 1
    outer loop
      vertex -23 17.7 14
      vertex -29 21 14
      vertex -23.2219 17.6855 14
    endloop
  endfacet
  facet normal 0 0 1
    outer loop
      vertex -22.7781 17.6855 14
      vertex -29 21 14
      vertex -23 17.7 14
    endloop
  endfacet
  facet normal -0 0 1
    outer loop
      vertex 25 -3 14
      vertex 29 -21 14
      vertex 25 3 14
    endloop
  endfacet
  facet normal -0 0 1
    outer loop
      vertex 24.5706 -15.3494 14
      vertex 29 -21 14
      vertex 25 -3 14
    endloop
  endfacet
  facet normal -0 0 1
    outer loop
      vertex 24.6855 -16.2219 14
      vertex 29 -21 14
      vertex 24.7 -16 14
    endloop
  endfacet
  facet normal -0 0 1
    outer loop
      vertex 24.6421 -16.44 14
      vertex 29 -21 14
      vertex 24.6855 -16.2219 14
    endloop
  endfacet
  facet normal -0 0 1
    outer loop
      vertex 24.5706 -16.6506 14
      vertex 29 -21 14
      vertex 24.6421 -16.44 14
    endloop
  endfacet
  facet normal -0 0 1
    outer loop
      vertex 24.4722 -16.85 14
      vertex 29 -21 14
      vertex 24.5706 -16.6506 14
    endloop
  endfacet
  facet normal -0 0 1
    outer loop
      vertex 24.3487 -17.0349 14
      vertex 29 -21 14
      vertex 24.4722 -16.85 14
    endloop
  endfacet
  facet normal -0 0 1
    outer loop
      vertex 24.2021 -17.2021 14
      vertex 29 -21 14
      vertex 24.3487 -17.0349 14
    endloop
  endfacet
  facet normal -0 0 1
    outer loop
      vertex 24.0349 -17.3487 14
      vertex 29 -21 14
      vertex 24.2021 -17.2021 14
    endloop
  endfacet
  facet normal -0 0 1
    outer loop
      vertex 23.85 -17.4722 14
      vertex 29 -21 14
      vertex 24.0349 -17.3487 14
    endloop
  endfacet
  facet normal -0 0 1
    outer loop
      vertex 23.6506 -17.5706 14
      vertex 29 -21 14
      vertex 23.85 -17.4722 14
    endloop
  endfacet
  facet normal -0 0 1
    outer loop
      vertex 23.44 -17.6421 14
      vertex 29 -21 14
      vertex 23.6506 -17.5706 14
    endloop
  endfacet
  facet normal -0 0 1
    outer loop
      vertex 23.2219 -17.6855 14
      vertex 29 -21 14
      vertex 23.44 -17.6421 14
    endloop
  endfacet
  facet normal -0 0 1
    outer loop
      vertex 23 -17.7 14
      vertex 29 -21 14
      vertex 23.2219 -17.6855 14
    endloop
  endfacet
  facet normal 0 0 1
    outer loop
      vertex 22.7781 -17.6855 14
      vertex 29 -21 14
      vertex 23 -17.7 14
    endloop
  endfacet
  facet normal 0 0 1
    outer loop
      vertex 22.56 -17.6421 14
      vertex 29 -21 14
      vertex 22.7781 -17.6855 14
    endloop
  endfacet
  facet normal 0 0 1
    outer loop
      vertex 22.3494 -17.5706 14
      vertex 29 -21 14
      vertex 22.56 -17.6421 14
    endloop
  endfacet
  facet normal 0 0 1
    outer loop
      vertex -22.3494 -17.5706 14
      vertex 22.3494 -17.5706 14
      vertex 22.15 -17.4722 14
    endloop
  endfacet
  facet normal 0 0 1
    outer loop
      vertex 20 -14 14
      vertex 21 -3 14
      vertex 20 14 14
    endloop
  endfacet
  facet normal 0 0 1
    outer loop
      vertex 21.3145 -15.7781 14
      vertex 20 -14 14
      vertex 21.3 -16 14
    endloop
  endfacet
  facet normal 0 0 1
    outer loop
      vertex 20 -14 14
      vertex 21.3145 -16.2219 14
      vertex 21.3 -16 14
    endloop
  endfacet
  facet normal 0 0 1
    outer loop
      vertex 20 -14 14
      vertex 21.3579 -16.44 14
      vertex 21.3145 -16.2219 14
    endloop
  endfacet
  facet normal 0 0 1
    outer loop
      vertex 20 -14 14
      vertex 21.4294 -16.6506 14
      vertex 21.3579 -16.44 14
    endloop
  endfacet
  facet normal -0 0 1
    outer loop
      vertex -20 -14 14
      vertex 21.4294 -16.6506 14
      vertex 20 -14 14
    endloop
  endfacet
  facet normal 0 0 1
    outer loop
      vertex -21.4294 -16.6506 14
      vertex 21.4294 -16.6506 14
      vertex -20 -14 14
    endloop
  endfacet
  facet normal 0 0 1
    outer loop
      vertex 21.4294 -16.6506 14
      vertex -21.4294 -16.6506 14
      vertex 21.5278 -16.85 14
    endloop
  endfacet
  facet normal 0 0 1
    outer loop
      vertex -21.5278 -16.85 14
      vertex 21.5278 -16.85 14
      vertex -21.4294 -16.6506 14
    endloop
  endfacet
  facet normal 0 0 1
    outer loop
      vertex 21.5278 -16.85 14
      vertex -21.5278 -16.85 14
      vertex 21.6513 -17.0349 14
    endloop
  endfacet
  facet normal 0 0 1
    outer loop
      vertex -21.6513 -17.0349 14
      vertex 21.6513 -17.0349 14
      vertex -21.5278 -16.85 14
    endloop
  endfacet
  facet normal 0 0 1
    outer loop
      vertex 21.6513 -17.0349 14
      vertex -21.6513 -17.0349 14
      vertex 21.7979 -17.2021 14
    endloop
  endfacet
  facet normal -0 0 1
    outer loop
      vertex -21 -3 14
      vertex -20 -14 14
      vertex -21 3 14
    endloop
  endfacet
  facet normal 0 0 1
    outer loop
      vertex -22.7781 -14.3145 14
      vertex -20 -14 14
      vertex -21 -3 14
    endloop
  endfacet
  facet normal 0 0 1
    outer loop
      vertex -21.3145 -16.2219 14
      vertex -20 -14 14
      vertex -21.3 -16 14
    endloop
  endfacet
  facet normal 0 0 1
    outer loop
      vertex -21.3579 -16.44 14
      vertex -20 -14 14
      vertex -21.3145 -16.2219 14
    endloop
  endfacet
  facet normal 0 0 1
    outer loop
      vertex -21.4294 -16.6506 14
      vertex -20 -14 14
      vertex -21.3579 -16.44 14
    endloop
  endfacet
  facet normal 0 0 1
    outer loop
      vertex -21.7979 -17.2021 14
      vertex 21.7979 -17.2021 14
      vertex -21.6513 -17.0349 14
    endloop
  endfacet
  facet normal 0 0 1
    outer loop
      vertex 21.7979 -17.2021 14
      vertex -21.7979 -17.2021 14
      vertex 21.9651 -17.3487 14
    endloop
  endfacet
  facet normal 0 0 1
    outer loop
      vertex -21.9651 -17.3487 14
      vertex 21.9651 -17.3487 14
      vertex -21.7979 -17.2021 14
    endloop
  endfacet
  facet normal 0 0 1
    outer loop
      vertex 21.9651 -17.3487 14
      vertex -21.9651 -17.3487 14
      vertex 22.15 -17.4722 14
    endloop
  endfacet
  facet normal 0 0 1
    outer loop
      vertex -22.15 -17.4722 14
      vertex 22.15 -17.4722 14
      vertex -21.9651 -17.3487 14
    endloop
  endfacet
  facet normal 0 0 1
    outer loop
      vertex -22.3494 -17.5706 14
      vertex 22.15 -17.4722 14
      vertex -22.15 -17.4722 14
    endloop
  endfacet
  facet normal 0 0 1
    outer loop
      vertex 22.3494 -17.5706 14
      vertex -22.3494 -17.5706 14
      vertex 29 -21 14
    endloop
  endfacet
  facet normal 0 0 1
    outer loop
      vertex -29 -21 14
      vertex -22.3494 -17.5706 14
      vertex -22.56 -17.6421 14
    endloop
  endfacet
  facet normal 0 0 1
    outer loop
      vertex -29 -21 14
      vertex -22.56 -17.6421 14
      vertex -22.7781 -17.6855 14
    endloop
  endfacet
  facet normal 0 0 1
    outer loop
      vertex -29 -21 14
      vertex -22.7781 -17.6855 14
      vertex -23 -17.7 14
    endloop
  endfacet
  facet normal 0 0 1
    outer loop
      vertex -29 -21 14
      vertex -25 -3 14
      vertex -29 21 14
    endloop
  endfacet
  facet normal 0 0 1
    outer loop
      vertex -24.6855 -15.7781 14
      vertex -29 -21 14
      vertex -24.7 -16 14
    endloop
  endfacet
  facet normal 0 0 1
    outer loop
      vertex -22.3494 -17.5706 14
      vertex -29 -21 14
      vertex 29 -21 14
    endloop
  endfacet
  facet normal 0 0 1
    outer loop
      vertex -23.2219 -17.6855 14
      vertex -29 -21 14
      vertex -23 -17.7 14
    endloop
  endfacet
  facet normal 0 0 1
    outer loop
      vertex -23.44 -17.6421 14
      vertex -29 -21 14
      vertex -23.2219 -17.6855 14
    endloop
  endfacet
  facet normal 0 0 1
    outer loop
      vertex -23.6506 -17.5706 14
      vertex -29 -21 14
      vertex -23.44 -17.6421 14
    endloop
  endfacet
  facet normal 0 0 1
    outer loop
      vertex -23.85 -17.4722 14
      vertex -29 -21 14
      vertex -23.6506 -17.5706 14
    endloop
  endfacet
  facet normal 0 0 1
    outer loop
      vertex -24.0349 -17.3487 14
      vertex -29 -21 14
      vertex -23.85 -17.4722 14
    endloop
  endfacet
  facet normal 0 0 1
    outer loop
      vertex -24.2021 -17.2021 14
      vertex -29 -21 14
      vertex -24.0349 -17.3487 14
    endloop
  endfacet
  facet normal 0 0 1
    outer loop
      vertex -24.3487 -17.0349 14
      vertex -29 -21 14
      vertex -24.2021 -17.2021 14
    endloop
  endfacet
  facet normal 0 0 1
    outer loop
      vertex -24.4722 -16.85 14
      vertex -29 -21 14
      vertex -24.3487 -17.0349 14
    endloop
  endfacet
  facet normal 0 0 1
    outer loop
      vertex -24.5706 -16.6506 14
      vertex -29 -21 14
      vertex -24.4722 -16.85 14
    endloop
  endfacet
  facet normal 0 0 1
    outer loop
      vertex -24.6421 -16.44 14
      vertex -29 -21 14
      vertex -24.5706 -16.6506 14
    endloop
  endfacet
  facet normal 0 0 1
    outer loop
      vertex -24.6855 -16.2219 14
      vertex -29 -21 14
      vertex -24.6421 -16.44 14
    endloop
  endfacet
  facet normal 0 0 1
    outer loop
      vertex -24.7 -16 14
      vertex -29 -21 14
      vertex -24.6855 -16.2219 14
    endloop
  endfacet
  facet normal 0 0 1
    outer loop
      vertex 24.6421 15.56 14
      vertex 29 21 14
      vertex 24.6855 15.7781 14
    endloop
  endfacet
  facet normal 0 0 1
    outer loop
      vertex 24.5706 15.3494 14
      vertex 29 21 14
      vertex 24.6421 15.56 14
    endloop
  endfacet
  facet normal 0 0 1
    outer loop
      vertex 29 21 14
      vertex 24.5706 15.3494 14
      vertex 25 3 14
    endloop
  endfacet
  facet normal -0 0 1
    outer loop
      vertex 24.4722 15.15 14
      vertex 25 3 14
      vertex 24.5706 15.3494 14
    endloop
  endfacet
  facet normal -0 0 1
    outer loop
      vertex 24.3487 14.9651 14
      vertex 25 3 14
      vertex 24.4722 15.15 14
    endloop
  endfacet
  facet normal -0 0 1
    outer loop
      vertex 24.2021 14.7979 14
      vertex 25 3 14
      vertex 24.3487 14.9651 14
    endloop
  endfacet
  facet normal -0 0 1
    outer loop
      vertex 24.0349 14.6513 14
      vertex 25 3 14
      vertex 24.2021 14.7979 14
    endloop
  endfacet
  facet normal -0 0 1
    outer loop
      vertex 23.85 14.5278 14
      vertex 25 3 14
      vertex 24.0349 14.6513 14
    endloop
  endfacet
  facet normal -0 0 1
    outer loop
      vertex 23.6506 14.4294 14
      vertex 25 3 14
      vertex 23.85 14.5278 14
    endloop
  endfacet
  facet normal -0 0 1
    outer loop
      vertex 23.44 14.3579 14
      vertex 25 3 14
      vertex 23.6506 14.4294 14
    endloop
  endfacet
  facet normal -0 0 1
    outer loop
      vertex 23.2219 14.3145 14
      vertex 25 3 14
      vertex 23.44 14.3579 14
    endloop
  endfacet
  facet normal -0 0 1
    outer loop
      vertex 23 14.3 14
      vertex 25 3 14
      vertex 23.2219 14.3145 14
    endloop
  endfacet
  facet normal 0 0 1
    outer loop
      vertex 21 3 14
      vertex 23 14.3 14
      vertex 22.7781 14.3145 14
    endloop
  endfacet
  facet normal 0 0 1
    outer loop
      vertex 20 14 14
      vertex 22.7781 14.3145 14
      vertex 22.56 14.3579 14
    endloop
  endfacet
  facet normal 0 0 1
    outer loop
      vertex 20 14 14
      vertex 22.56 14.3579 14
      vertex 22.3494 14.4294 14
    endloop
  endfacet
  facet normal 0 0 1
    outer loop
      vertex 20 14 14
      vertex 22.3494 14.4294 14
      vertex 22.15 14.5278 14
    endloop
  endfacet
  facet normal 0 0 1
    outer loop
      vertex 20 14 14
      vertex 22.15 14.5278 14
      vertex 21.9651 14.6513 14
    endloop
  endfacet
  facet normal 0 0 1
    outer loop
      vertex 20 14 14
      vertex 21.9651 14.6513 14
      vertex 21.7979 14.7979 14
    endloop
  endfacet
  facet normal 0 0 1
    outer loop
      vertex 20 14 14
      vertex 21.7979 14.7979 14
      vertex 21.6513 14.9651 14
    endloop
  endfacet
  facet normal 0 0 1
    outer loop
      vertex 20 14 14
      vertex 21.6513 14.9651 14
      vertex 21.5278 15.15 14
    endloop
  endfacet
  facet normal 0 0 1
    outer loop
      vertex 20 14 14
      vertex 21.5278 15.15 14
      vertex 21.4294 15.3494 14
    endloop
  endfacet
  facet normal 0 0 1
    outer loop
      vertex 20 14 14
      vertex 21.4294 15.3494 14
      vertex 21.3579 15.56 14
    endloop
  endfacet
  facet normal 0 0 1
    outer loop
      vertex 23 14.3 14
      vertex 21 3 14
      vertex 25 3 14
    endloop
  endfacet
  facet normal 0 0 1
    outer loop
      vertex 20 14 14
      vertex 21.3579 15.56 14
      vertex 21.3145 15.7781 14
    endloop
  endfacet
  facet normal 0 0 1
    outer loop
      vertex 20 14 14
      vertex 21.3145 15.7781 14
      vertex 21.3 16 14
    endloop
  endfacet
  facet normal 0 0 -1
    outer loop
      vertex -23 -12.7091 0
      vertex -20.15 14.3546 0
      vertex -20.15 -14.3546 0
    endloop
  endfacet
  facet normal 0 0 -1
    outer loop
      vertex -23 -12.7091 0
      vertex -23 12.7091 0
      vertex -20.15 14.3546 0
    endloop
  endfacet
  facet normal 0 0 -1
    outer loop
      vertex -25.85 -14.3546 0
      vertex -23 12.7091 0
      vertex -23 -12.7091 0
    endloop
  endfacet
  facet normal -0 0 -1
    outer loop
      vertex -23 12.7091 0
      vertex -25.85 -14.3546 0
      vertex -25.85 14.3546 0
    endloop
  endfacet
  facet normal 0 0 -1
    outer loop
      vertex 23 -12.7091 0
      vertex 25.85 14.3546 0
      vertex 25.85 -14.3546 0
    endloop
  endfacet
  facet normal 0 0 -1
    outer loop
      vertex 23 -12.7091 0
      vertex 23 12.7091 0
      vertex 25.85 14.3546 0
    endloop
  endfacet
  facet normal 0 0 -1
    outer loop
      vertex 20.15 -14.3546 0
      vertex 23 12.7091 0
      vertex 23 -12.7091 0
    endloop
  endfacet
  facet normal -0 0 -1
    outer loop
      vertex 23 12.7091 0
      vertex 20.15 -14.3546 0
      vertex 20.15 14.3546 0
    endloop
  endfacet
  facet normal 0 0 -1
    outer loop
      vertex 25.85 -14.3546 0
      vertex 29 -21 0
      vertex 25.85 -17.6454 0
    endloop
  endfacet
  facet normal 0 0 -1
    outer loop
      vertex 29 -21 0
      vertex 23 -19.2909 0
      vertex 25.85 -17.6454 0
    endloop
  endfacet
  facet normal 0 0 -1
    outer loop
      vertex -20.15 -14.3546 0
      vertex 20.15 -14.3546 0
      vertex 20.15 -17.6454 0
    endloop
  endfacet
  facet normal 0 0 -1
    outer loop
      vertex 20.15 -14.3546 0
      vertex -20.15 -14.3546 0
      vertex 20.15 14.3546 0
    endloop
  endfacet
  facet normal 0 0 -1
    outer loop
      vertex -20.15 -14.3546 0
      vertex 20.15 -17.6454 0
      vertex -20.15 -17.6454 0
    endloop
  endfacet
  facet normal 0 0 -1
    outer loop
      vertex 23 -19.2909 0
      vertex -20.15 -17.6454 0
      vertex 20.15 -17.6454 0
    endloop
  endfacet
  facet normal 0 0 -1
    outer loop
      vertex -23 -19.2909 0
      vertex 23 -19.2909 0
      vertex 29 -21 0
    endloop
  endfacet
  facet normal 0 0 -1
    outer loop
      vertex 23 -19.2909 0
      vertex -23 -19.2909 0
      vertex -20.15 -17.6454 0
    endloop
  endfacet
  facet normal 0 0 -1
    outer loop
      vertex -29 -21 0
      vertex -25.85 -14.3546 0
      vertex -25.85 -17.6454 0
    endloop
  endfacet
  facet normal -0 0 -1
    outer loop
      vertex -25.85 -14.3546 0
      vertex -29 -21 0
      vertex -25.85 14.3546 0
    endloop
  endfacet
  facet normal 0 0 -1
    outer loop
      vertex -29 21 0
      vertex -25.85 14.3546 0
      vertex -29 -21 0
    endloop
  endfacet
  facet normal -0 0 -1
    outer loop
      vertex -23 -19.2909 0
      vertex -29 -21 0
      vertex -25.85 -17.6454 0
    endloop
  endfacet
  facet normal 0 0 -1
    outer loop
      vertex -29 -21 0
      vertex -23 -19.2909 0
      vertex 29 -21 0
    endloop
  endfacet
  facet normal 0 0 -1
    outer loop
      vertex 29 -21 0
      vertex 25.85 -14.3546 0
      vertex 29 21 0
    endloop
  endfacet
  facet normal 0 0 -1
    outer loop
      vertex 25.85 14.3546 0
      vertex 29 21 0
      vertex 25.85 -14.3546 0
    endloop
  endfacet
  facet normal 0 0 -1
    outer loop
      vertex 25.85 17.6454 0
      vertex 29 21 0
      vertex 25.85 14.3546 0
    endloop
  endfacet
  facet normal 0 0 -1
    outer loop
      vertex 23 19.2909 0
      vertex 29 21 0
      vertex 25.85 17.6454 0
    endloop
  endfacet
  facet normal 0 0 -1
    outer loop
      vertex -20.15 14.3546 0
      vertex 20.15 14.3546 0
      vertex -20.15 -14.3546 0
    endloop
  endfacet
  facet normal 0 0 -1
    outer loop
      vertex 20.15 14.3546 0
      vertex -20.15 14.3546 0
      vertex 20.15 17.6454 0
    endloop
  endfacet
  facet normal 0 0 -1
    outer loop
      vertex -20.15 17.6454 0
      vertex 20.15 17.6454 0
      vertex -20.15 14.3546 0
    endloop
  endfacet
  facet normal 0 0 -1
    outer loop
      vertex 20.15 17.6454 0
      vertex -20.15 17.6454 0
      vertex 23 19.2909 0
    endloop
  endfacet
  facet normal 0 0 -1
    outer loop
      vertex -23 19.2909 0
      vertex 23 19.2909 0
      vertex -20.15 17.6454 0
    endloop
  endfacet
  facet normal 0 0 -1
    outer loop
      vertex 23 19.2909 0
      vertex -23 19.2909 0
      vertex 29 21 0
    endloop
  endfacet
  facet normal 0 0 -1
    outer loop
      vertex -23 19.2909 0
      vertex -29 21 0
      vertex 29 21 0
    endloop
  endfacet
  facet normal 0 0 -1
    outer loop
      vertex -25.85 17.6454 0
      vertex -29 21 0
      vertex -23 19.2909 0
    endloop
  endfacet
  facet normal 0 0 -1
    outer loop
      vertex -25.85 14.3546 0
      vertex -29 21 0
      vertex -25.85 17.6454 0
    endloop
  endfacet
  facet normal -1 0 0
    outer loop
      vertex -29 -21 0
      vertex -29 21 14
      vertex -29 21 0
    endloop
  endfacet
  facet normal -1 -0 0
    outer loop
      vertex -29 21 14
      vertex -29 -21 0
      vertex -29 -21 14
    endloop
  endfacet
  facet normal 0 1 -0
    outer loop
      vertex 29 21 0
      vertex -29 21 14
      vertex 29 21 14
    endloop
  endfacet
  facet normal 0 1 0
    outer loop
      vertex -29 21 14
      vertex 29 21 0
      vertex -29 21 0
    endloop
  endfacet
  facet normal 0 -1 0
    outer loop
      vertex -29 -21 0
      vertex 29 -21 14
      vertex -29 -21 14
    endloop
  endfacet
  facet normal 0 -1 -0
    outer loop
      vertex 29 -21 14
      vertex -29 -21 0
      vertex 29 -21 0
    endloop
  endfacet
  facet normal 0 0.707103 0.707111
    outer loop
      vertex -21 0 15.6111
      vertex -25 -1.88892 17.5
      vertex -21 -1.88892 17.5
    endloop
  endfacet
  facet normal 0 0.707103 0.707111
    outer loop
      vertex -25 -1.88892 17.5
      vertex -21 0 15.6111
      vertex -25 0 15.6111
    endloop
  endfacet
  facet normal 0 -0.707103 0.707111
    outer loop
      vertex -25 0 15.6111
      vertex -21 1.88892 17.5
      vertex -25 1.88892 17.5
    endloop
  endfacet
  facet normal 0 -0.707103 0.707111
    outer loop
      vertex -21 1.88892 17.5
      vertex -25 0 15.6111
      vertex -21 0 15.6111
    endloop
  endfacet
  facet normal 0 0.707103 0.707111
    outer loop
      vertex 25 0 15.6111
      vertex 21 -1.88892 17.5
      vertex 25 -1.88892 17.5
    endloop
  endfacet
  facet normal 0 0.707103 0.707111
    outer loop
      vertex 21 -1.88892 17.5
      vertex 25 0 15.6111
      vertex 21 0 15.6111
    endloop
  endfacet
  facet normal 0 -0.707103 0.707111
    outer loop
      vertex 21 0 15.6111
      vertex 25 1.88892 17.5
      vertex 21 1.88892 17.5
    endloop
  endfacet
  facet normal 0 -0.707103 0.707111
    outer loop
      vertex 25 1.88892 17.5
      vertex 21 0 15.6111
      vertex 25 0 15.6111
    endloop
  endfacet
  facet normal -0.98077 -0.195165 0
    outer loop
      vertex -21.3145 -15.7781 2.78
      vertex -21.3579 -15.56 14
      vertex -21.3579 -15.56 2.78
    endloop
  endfacet
  facet normal -0.98077 -0.195165 0
    outer loop
      vertex -21.3579 -15.56 14
      vertex -21.3145 -15.7781 2.78
      vertex -21.3145 -15.7781 14
    endloop
  endfacet
  facet normal -0.997872 -0.0652057 0
    outer loop
      vertex -21.3 -16 2.78
      vertex -21.3145 -15.7781 14
      vertex -21.3145 -15.7781 2.78
    endloop
  endfacet
  facet normal -0.997872 -0.0652057 0
    outer loop
      vertex -21.3145 -15.7781 14
      vertex -21.3 -16 2.78
      vertex -21.3 -16 14
    endloop
  endfacet
  facet normal -0.0652057 0.997872 0
    outer loop
      vertex -22.7781 -17.6855 2.78
      vertex -23 -17.7 14
      vertex -22.7781 -17.6855 14
    endloop
  endfacet
  facet normal -0.0652057 0.997872 0
    outer loop
      vertex -23 -17.7 14
      vertex -22.7781 -17.6855 2.78
      vertex -23 -17.7 2.78
    endloop
  endfacet
  facet normal 0.659268 -0.751908 0
    outer loop
      vertex -24.2021 -14.7979 2.78
      vertex -24.0349 -14.6513 14
      vertex -24.2021 -14.7979 14
    endloop
  endfacet
  facet normal 0.659268 -0.751908 0
    outer loop
      vertex -24.0349 -14.6513 14
      vertex -24.2021 -14.7979 2.78
      vertex -24.0349 -14.6513 2.78
    endloop
  endfacet
  facet normal 0.831566 0.555426 0
    outer loop
      vertex -24.3487 -17.0349 14
      vertex -24.4722 -16.85 2.78
      vertex -24.4722 -16.85 14
    endloop
  endfacet
  facet normal 0.831566 0.555426 0
    outer loop
      vertex -24.4722 -16.85 2.78
      vertex -24.3487 -17.0349 14
      vertex -24.3487 -17.0349 2.78
    endloop
  endfacet
  facet normal 0.195165 0.98077 -0
    outer loop
      vertex -23.2219 -17.6855 2.78
      vertex -23.44 -17.6421 14
      vertex -23.2219 -17.6855 14
    endloop
  endfacet
  facet normal 0.195165 0.98077 0
    outer loop
      vertex -23.44 -17.6421 14
      vertex -23.2219 -17.6855 2.78
      vertex -23.44 -17.6421 2.78
    endloop
  endfacet
  facet normal -0.659268 -0.751908 0
    outer loop
      vertex -21.9651 -14.6513 2.78
      vertex -21.7979 -14.7979 14
      vertex -21.9651 -14.6513 14
    endloop
  endfacet
  facet normal -0.659268 -0.751908 -0
    outer loop
      vertex -21.7979 -14.7979 14
      vertex -21.9651 -14.6513 2.78
      vertex -21.7979 -14.7979 2.78
    endloop
  endfacet
  facet normal -0.946915 0.321484 0
    outer loop
      vertex -21.4294 -16.6506 2.78
      vertex -21.3579 -16.44 14
      vertex -21.3579 -16.44 2.78
    endloop
  endfacet
  facet normal -0.946915 0.321484 0
    outer loop
      vertex -21.3579 -16.44 14
      vertex -21.4294 -16.6506 2.78
      vertex -21.4294 -16.6506 14
    endloop
  endfacet
  facet normal -0.751908 0.659268 0
    outer loop
      vertex -21.7979 -17.2021 2.78
      vertex -21.6513 -17.0349 14
      vertex -21.6513 -17.0349 2.78
    endloop
  endfacet
  facet normal -0.751908 0.659268 0
    outer loop
      vertex -21.6513 -17.0349 14
      vertex -21.7979 -17.2021 2.78
      vertex -21.7979 -17.2021 14
    endloop
  endfacet
  facet normal -0.751908 -0.659268 0
    outer loop
      vertex -21.6513 -14.9651 2.78
      vertex -21.7979 -14.7979 14
      vertex -21.7979 -14.7979 2.78
    endloop
  endfacet
  facet normal -0.751908 -0.659268 0
    outer loop
      vertex -21.7979 -14.7979 14
      vertex -21.6513 -14.9651 2.78
      vertex -21.6513 -14.9651 14
    endloop
  endfacet
  facet normal 0.946915 0.321484 0
    outer loop
      vertex -24.5706 -16.6506 14
      vertex -24.6421 -16.44 2.78
      vertex -24.6421 -16.44 14
    endloop
  endfacet
  facet normal 0.946915 0.321484 0
    outer loop
      vertex -24.6421 -16.44 2.78
      vertex -24.5706 -16.6506 14
      vertex -24.5706 -16.6506 2.78
    endloop
  endfacet
  facet normal -0.321484 0.946915 0
    outer loop
      vertex -22.3494 -17.5706 2.78
      vertex -22.56 -17.6421 14
      vertex -22.3494 -17.5706 14
    endloop
  endfacet
  facet normal -0.321484 0.946915 0
    outer loop
      vertex -22.56 -17.6421 14
      vertex -22.3494 -17.5706 2.78
      vertex -22.56 -17.6421 2.78
    endloop
  endfacet
  facet normal 0.0652057 0.997872 -0
    outer loop
      vertex -23 -17.7 2.78
      vertex -23.2219 -17.6855 14
      vertex -23 -17.7 14
    endloop
  endfacet
  facet normal 0.0652057 0.997872 0
    outer loop
      vertex -23.2219 -17.6855 14
      vertex -23 -17.7 2.78
      vertex -23.2219 -17.6855 2.78
    endloop
  endfacet
  facet normal 0.321484 -0.946915 0
    outer loop
      vertex -23.6506 -14.4294 2.78
      vertex -23.44 -14.3579 14
      vertex -23.6506 -14.4294 14
    endloop
  endfacet
  facet normal 0.321484 -0.946915 0
    outer loop
      vertex -23.44 -14.3579 14
      vertex -23.6506 -14.4294 2.78
      vertex -23.44 -14.3579 2.78
    endloop
  endfacet
  facet normal -0.946915 -0.321484 0
    outer loop
      vertex -21.3579 -15.56 2.78
      vertex -21.4294 -15.3494 14
      vertex -21.4294 -15.3494 2.78
    endloop
  endfacet
  facet normal -0.946915 -0.321484 0
    outer loop
      vertex -21.4294 -15.3494 14
      vertex -21.3579 -15.56 2.78
      vertex -21.3579 -15.56 14
    endloop
  endfacet
  facet normal 0.751908 -0.659268 0
    outer loop
      vertex -24.3487 -14.9651 14
      vertex -24.2021 -14.7979 2.78
      vertex -24.2021 -14.7979 14
    endloop
  endfacet
  facet normal 0.751908 -0.659268 0
    outer loop
      vertex -24.2021 -14.7979 2.78
      vertex -24.3487 -14.9651 14
      vertex -24.3487 -14.9651 2.78
    endloop
  endfacet
  facet normal 0.44253 0.896754 -0
    outer loop
      vertex -23.6506 -17.5706 2.78
      vertex -23.85 -17.4722 14
      vertex -23.6506 -17.5706 14
    endloop
  endfacet
  facet normal 0.44253 0.896754 0
    outer loop
      vertex -23.85 -17.4722 14
      vertex -23.6506 -17.5706 2.78
      vertex -23.85 -17.4722 2.78
    endloop
  endfacet
  facet normal 0.0652057 -0.997872 0
    outer loop
      vertex -23.2219 -14.3145 2.78
      vertex -23 -14.3 14
      vertex -23.2219 -14.3145 14
    endloop
  endfacet
  facet normal 0.0652057 -0.997872 0
    outer loop
      vertex -23 -14.3 14
      vertex -23.2219 -14.3145 2.78
      vertex -23 -14.3 2.78
    endloop
  endfacet
  facet normal -0.896754 0.44253 0
    outer loop
      vertex -21.5278 -16.85 2.78
      vertex -21.4294 -16.6506 14
      vertex -21.4294 -16.6506 2.78
    endloop
  endfacet
  facet normal -0.896754 0.44253 0
    outer loop
      vertex -21.4294 -16.6506 14
      vertex -21.5278 -16.85 2.78
      vertex -21.5278 -16.85 14
    endloop
  endfacet
  facet normal -0.555426 0.831566 0
    outer loop
      vertex -21.9651 -17.3487 2.78
      vertex -22.15 -17.4722 14
      vertex -21.9651 -17.3487 14
    endloop
  endfacet
  facet normal -0.555426 0.831566 0
    outer loop
      vertex -22.15 -17.4722 14
      vertex -21.9651 -17.3487 2.78
      vertex -22.15 -17.4722 2.78
    endloop
  endfacet
  facet normal 0.98077 0.195165 0
    outer loop
      vertex -24.6421 -16.44 14
      vertex -24.6855 -16.2219 2.78
      vertex -24.6855 -16.2219 14
    endloop
  endfacet
  facet normal 0.98077 0.195165 0
    outer loop
      vertex -24.6855 -16.2219 2.78
      vertex -24.6421 -16.44 14
      vertex -24.6421 -16.44 2.78
    endloop
  endfacet
  facet normal -0.195165 -0.98077 0
    outer loop
      vertex -22.7781 -14.3145 2.78
      vertex -22.56 -14.3579 14
      vertex -22.7781 -14.3145 14
    endloop
  endfacet
  facet normal -0.195165 -0.98077 -0
    outer loop
      vertex -22.56 -14.3579 14
      vertex -22.7781 -14.3145 2.78
      vertex -22.56 -14.3579 2.78
    endloop
  endfacet
  facet normal -0.831566 -0.555426 0
    outer loop
      vertex -21.5278 -15.15 2.78
      vertex -21.6513 -14.9651 14
      vertex -21.6513 -14.9651 2.78
    endloop
  endfacet
  facet normal -0.831566 -0.555426 0
    outer loop
      vertex -21.6513 -14.9651 14
      vertex -21.5278 -15.15 2.78
      vertex -21.5278 -15.15 14
    endloop
  endfacet
  facet normal -0.997872 0.0652057 0
    outer loop
      vertex -21.3145 -16.2219 2.78
      vertex -21.3 -16 14
      vertex -21.3 -16 2.78
    endloop
  endfacet
  facet normal -0.997872 0.0652057 0
    outer loop
      vertex -21.3 -16 14
      vertex -21.3145 -16.2219 2.78
      vertex -21.3145 -16.2219 14
    endloop
  endfacet
  facet normal -0.321484 -0.946915 0
    outer loop
      vertex -22.56 -14.3579 2.78
      vertex -22.3494 -14.4294 14
      vertex -22.56 -14.3579 14
    endloop
  endfacet
  facet normal -0.321484 -0.946915 -0
    outer loop
      vertex -22.3494 -14.4294 14
      vertex -22.56 -14.3579 2.78
      vertex -22.3494 -14.4294 2.78
    endloop
  endfacet
  facet normal -0.555426 -0.831566 0
    outer loop
      vertex -22.15 -14.5278 2.78
      vertex -21.9651 -14.6513 14
      vertex -22.15 -14.5278 14
    endloop
  endfacet
  facet normal -0.555426 -0.831566 -0
    outer loop
      vertex -21.9651 -14.6513 14
      vertex -22.15 -14.5278 2.78
      vertex -21.9651 -14.6513 2.78
    endloop
  endfacet
  facet normal 0.195165 -0.98077 0
    outer loop
      vertex -23.44 -14.3579 2.78
      vertex -23.2219 -14.3145 14
      vertex -23.44 -14.3579 14
    endloop
  endfacet
  facet normal 0.195165 -0.98077 0
    outer loop
      vertex -23.2219 -14.3145 14
      vertex -23.44 -14.3579 2.78
      vertex -23.2219 -14.3145 2.78
    endloop
  endfacet
  facet normal -0.659268 0.751908 0
    outer loop
      vertex -21.7979 -17.2021 2.78
      vertex -21.9651 -17.3487 14
      vertex -21.7979 -17.2021 14
    endloop
  endfacet
  facet normal -0.659268 0.751908 0
    outer loop
      vertex -21.9651 -17.3487 14
      vertex -21.7979 -17.2021 2.78
      vertex -21.9651 -17.3487 2.78
    endloop
  endfacet
  facet normal 0.896754 -0.44253 0
    outer loop
      vertex -24.5706 -15.3494 14
      vertex -24.4722 -15.15 2.78
      vertex -24.4722 -15.15 14
    endloop
  endfacet
  facet normal 0.896754 -0.44253 0
    outer loop
      vertex -24.4722 -15.15 2.78
      vertex -24.5706 -15.3494 14
      vertex -24.5706 -15.3494 2.78
    endloop
  endfacet
  facet normal -0.98077 0.195165 0
    outer loop
      vertex -21.3579 -16.44 2.78
      vertex -21.3145 -16.2219 14
      vertex -21.3145 -16.2219 2.78
    endloop
  endfacet
  facet normal -0.98077 0.195165 0
    outer loop
      vertex -21.3145 -16.2219 14
      vertex -21.3579 -16.44 2.78
      vertex -21.3579 -16.44 14
    endloop
  endfacet
  facet normal -0.195165 0.98077 0
    outer loop
      vertex -22.56 -17.6421 2.78
      vertex -22.7781 -17.6855 14
      vertex -22.56 -17.6421 14
    endloop
  endfacet
  facet normal -0.195165 0.98077 0
    outer loop
      vertex -22.7781 -17.6855 14
      vertex -22.56 -17.6421 2.78
      vertex -22.7781 -17.6855 2.78
    endloop
  endfacet
  facet normal 0.659268 0.751908 -0
    outer loop
      vertex -24.0349 -17.3487 2.78
      vertex -24.2021 -17.2021 14
      vertex -24.0349 -17.3487 14
    endloop
  endfacet
  facet normal 0.659268 0.751908 0
    outer loop
      vertex -24.2021 -17.2021 14
      vertex -24.0349 -17.3487 2.78
      vertex -24.2021 -17.2021 2.78
    endloop
  endfacet
  facet normal 0.751908 0.659268 0
    outer loop
      vertex -24.2021 -17.2021 14
      vertex -24.3487 -17.0349 2.78
      vertex -24.3487 -17.0349 14
    endloop
  endfacet
  facet normal 0.751908 0.659268 0
    outer loop
      vertex -24.3487 -17.0349 2.78
      vertex -24.2021 -17.2021 14
      vertex -24.2021 -17.2021 2.78
    endloop
  endfacet
  facet normal -0.0652057 -0.997872 0
    outer loop
      vertex -23 -14.3 2.78
      vertex -22.7781 -14.3145 14
      vertex -23 -14.3 14
    endloop
  endfacet
  facet normal -0.0652057 -0.997872 -0
    outer loop
      vertex -22.7781 -14.3145 14
      vertex -23 -14.3 2.78
      vertex -22.7781 -14.3145 2.78
    endloop
  endfacet
  facet normal -0.44253 -0.896754 0
    outer loop
      vertex -22.3494 -14.4294 2.78
      vertex -22.15 -14.5278 14
      vertex -22.3494 -14.4294 14
    endloop
  endfacet
  facet normal -0.44253 -0.896754 -0
    outer loop
      vertex -22.15 -14.5278 14
      vertex -22.3494 -14.4294 2.78
      vertex -22.15 -14.5278 2.78
    endloop
  endfacet
  facet normal -0.831566 0.555426 0
    outer loop
      vertex -21.6513 -17.0349 2.78
      vertex -21.5278 -16.85 14
      vertex -21.5278 -16.85 2.78
    endloop
  endfacet
  facet normal -0.831566 0.555426 0
    outer loop
      vertex -21.5278 -16.85 14
      vertex -21.6513 -17.0349 2.78
      vertex -21.6513 -17.0349 14
    endloop
  endfacet
  facet normal 0.997872 0.0652057 0
    outer loop
      vertex -24.6855 -16.2219 14
      vertex -24.7 -16 2.78
      vertex -24.7 -16 14
    endloop
  endfacet
  facet normal 0.997872 0.0652057 0
    outer loop
      vertex -24.7 -16 2.78
      vertex -24.6855 -16.2219 14
      vertex -24.6855 -16.2219 2.78
    endloop
  endfacet
  facet normal -0.44253 0.896754 0
    outer loop
      vertex -22.15 -17.4722 2.78
      vertex -22.3494 -17.5706 14
      vertex -22.15 -17.4722 14
    endloop
  endfacet
  facet normal -0.44253 0.896754 0
    outer loop
      vertex -22.3494 -17.5706 14
      vertex -22.15 -17.4722 2.78
      vertex -22.3494 -17.5706 2.78
    endloop
  endfacet
  facet normal 0.98077 -0.195165 0
    outer loop
      vertex -24.6855 -15.7781 14
      vertex -24.6421 -15.56 2.78
      vertex -24.6421 -15.56 14
    endloop
  endfacet
  facet normal 0.98077 -0.195165 0
    outer loop
      vertex -24.6421 -15.56 2.78
      vertex -24.6855 -15.7781 14
      vertex -24.6855 -15.7781 2.78
    endloop
  endfacet
  facet normal 0.896754 0.44253 0
    outer loop
      vertex -24.4722 -16.85 14
      vertex -24.5706 -16.6506 2.78
      vertex -24.5706 -16.6506 14
    endloop
  endfacet
  facet normal 0.896754 0.44253 0
    outer loop
      vertex -24.5706 -16.6506 2.78
      vertex -24.4722 -16.85 14
      vertex -24.4722 -16.85 2.78
    endloop
  endfacet
  facet normal 0.946915 -0.321484 0
    outer loop
      vertex -24.6421 -15.56 14
      vertex -24.5706 -15.3494 2.78
      vertex -24.5706 -15.3494 14
    endloop
  endfacet
  facet normal 0.946915 -0.321484 0
    outer loop
      vertex -24.5706 -15.3494 2.78
      vertex -24.6421 -15.56 14
      vertex -24.6421 -15.56 2.78
    endloop
  endfacet
  facet normal 0.555426 -0.831566 0
    outer loop
      vertex -24.0349 -14.6513 2.78
      vertex -23.85 -14.5278 14
      vertex -24.0349 -14.6513 14
    endloop
  endfacet
  facet normal 0.555426 -0.831566 0
    outer loop
      vertex -23.85 -14.5278 14
      vertex -24.0349 -14.6513 2.78
      vertex -23.85 -14.5278 2.78
    endloop
  endfacet
  facet normal -0.896754 -0.44253 0
    outer loop
      vertex -21.4294 -15.3494 2.78
      vertex -21.5278 -15.15 14
      vertex -21.5278 -15.15 2.78
    endloop
  endfacet
  facet normal -0.896754 -0.44253 0
    outer loop
      vertex -21.5278 -15.15 14
      vertex -21.4294 -15.3494 2.78
      vertex -21.4294 -15.3494 14
    endloop
  endfacet
  facet normal 0.997872 -0.0652057 0
    outer loop
      vertex -24.7 -16 14
      vertex -24.6855 -15.7781 2.78
      vertex -24.6855 -15.7781 14
    endloop
  endfacet
  facet normal 0.997872 -0.0652057 0
    outer loop
      vertex -24.6855 -15.7781 2.78
      vertex -24.7 -16 14
      vertex -24.7 -16 2.78
    endloop
  endfacet
  facet normal 0.321484 0.946915 -0
    outer loop
      vertex -23.44 -17.6421 2.78
      vertex -23.6506 -17.5706 14
      vertex -23.44 -17.6421 14
    endloop
  endfacet
  facet normal 0.321484 0.946915 0
    outer loop
      vertex -23.6506 -17.5706 14
      vertex -23.44 -17.6421 2.78
      vertex -23.6506 -17.5706 2.78
    endloop
  endfacet
  facet normal 0.44253 -0.896754 0
    outer loop
      vertex -23.85 -14.5278 2.78
      vertex -23.6506 -14.4294 14
      vertex -23.85 -14.5278 14
    endloop
  endfacet
  facet normal 0.44253 -0.896754 0
    outer loop
      vertex -23.6506 -14.4294 14
      vertex -23.85 -14.5278 2.78
      vertex -23.6506 -14.4294 2.78
    endloop
  endfacet
  facet normal 0.831566 -0.555426 0
    outer loop
      vertex -24.4722 -15.15 14
      vertex -24.3487 -14.9651 2.78
      vertex -24.3487 -14.9651 14
    endloop
  endfacet
  facet normal 0.831566 -0.555426 0
    outer loop
      vertex -24.3487 -14.9651 2.78
      vertex -24.4722 -15.15 14
      vertex -24.4722 -15.15 2.78
    endloop
  endfacet
  facet normal 0.555426 0.831566 -0
    outer loop
      vertex -23.85 -17.4722 2.78
      vertex -24.0349 -17.3487 14
      vertex -23.85 -17.4722 14
    endloop
  endfacet
  facet normal 0.555426 0.831566 0
    outer loop
      vertex -24.0349 -17.3487 14
      vertex -23.85 -17.4722 2.78
      vertex -24.0349 -17.3487 2.78
    endloop
  endfacet
  facet normal -0.98077 -0.195165 0
    outer loop
      vertex -21.3145 16.2219 2.78
      vertex -21.3579 16.44 14
      vertex -21.3579 16.44 2.78
    endloop
  endfacet
  facet normal -0.98077 -0.195165 0
    outer loop
      vertex -21.3579 16.44 14
      vertex -21.3145 16.2219 2.78
      vertex -21.3145 16.2219 14
    endloop
  endfacet
  facet normal -0.997872 -0.0652057 0
    outer loop
      vertex -21.3 16 2.78
      vertex -21.3145 16.2219 14
      vertex -21.3145 16.2219 2.78
    endloop
  endfacet
  facet normal -0.997872 -0.0652057 0
    outer loop
      vertex -21.3145 16.2219 14
      vertex -21.3 16 2.78
      vertex -21.3 16 14
    endloop
  endfacet
  facet normal 0.44253 -0.896754 0
    outer loop
      vertex -23.85 17.4722 2.78
      vertex -23.6506 17.5706 14
      vertex -23.85 17.4722 14
    endloop
  endfacet
  facet normal 0.44253 -0.896754 0
    outer loop
      vertex -23.6506 17.5706 14
      vertex -23.85 17.4722 2.78
      vertex -23.6506 17.5706 2.78
    endloop
  endfacet
  facet normal -0.555426 -0.831566 0
    outer loop
      vertex -22.15 17.4722 2.78
      vertex -21.9651 17.3487 14
      vertex -22.15 17.4722 14
    endloop
  endfacet
  facet normal -0.555426 -0.831566 -0
    outer loop
      vertex -21.9651 17.3487 14
      vertex -22.15 17.4722 2.78
      vertex -21.9651 17.3487 2.78
    endloop
  endfacet
  facet normal 0.659268 -0.751908 0
    outer loop
      vertex -24.2021 17.2021 2.78
      vertex -24.0349 17.3487 14
      vertex -24.2021 17.2021 14
    endloop
  endfacet
  facet normal 0.659268 -0.751908 0
    outer loop
      vertex -24.0349 17.3487 14
      vertex -24.2021 17.2021 2.78
      vertex -24.0349 17.3487 2.78
    endloop
  endfacet
  facet normal -0.321484 0.946915 0
    outer loop
      vertex -22.3494 14.4294 2.78
      vertex -22.56 14.3579 14
      vertex -22.3494 14.4294 14
    endloop
  endfacet
  facet normal -0.321484 0.946915 0
    outer loop
      vertex -22.56 14.3579 14
      vertex -22.3494 14.4294 2.78
      vertex -22.56 14.3579 2.78
    endloop
  endfacet
  facet normal -0.946915 0.321484 0
    outer loop
      vertex -21.4294 15.3494 2.78
      vertex -21.3579 15.56 14
      vertex -21.3579 15.56 2.78
    endloop
  endfacet
  facet normal -0.946915 0.321484 0
    outer loop
      vertex -21.3579 15.56 14
      vertex -21.4294 15.3494 2.78
      vertex -21.4294 15.3494 14
    endloop
  endfacet
  facet normal -0.321484 -0.946915 0
    outer loop
      vertex -22.56 17.6421 2.78
      vertex -22.3494 17.5706 14
      vertex -22.56 17.6421 14
    endloop
  endfacet
  facet normal -0.321484 -0.946915 -0
    outer loop
      vertex -22.3494 17.5706 14
      vertex -22.56 17.6421 2.78
      vertex -22.3494 17.5706 2.78
    endloop
  endfacet
  facet normal -0.195165 -0.98077 0
    outer loop
      vertex -22.7781 17.6855 2.78
      vertex -22.56 17.6421 14
      vertex -22.7781 17.6855 14
    endloop
  endfacet
  facet normal -0.195165 -0.98077 -0
    outer loop
      vertex -22.56 17.6421 14
      vertex -22.7781 17.6855 2.78
      vertex -22.56 17.6421 2.78
    endloop
  endfacet
  facet normal 0.555426 -0.831566 0
    outer loop
      vertex -24.0349 17.3487 2.78
      vertex -23.85 17.4722 14
      vertex -24.0349 17.3487 14
    endloop
  endfacet
  facet normal 0.555426 -0.831566 0
    outer loop
      vertex -23.85 17.4722 14
      vertex -24.0349 17.3487 2.78
      vertex -23.85 17.4722 2.78
    endloop
  endfacet
  facet normal -0.896754 0.44253 0
    outer loop
      vertex -21.5278 15.15 2.78
      vertex -21.4294 15.3494 14
      vertex -21.4294 15.3494 2.78
    endloop
  endfacet
  facet normal -0.896754 0.44253 0
    outer loop
      vertex -21.4294 15.3494 14
      vertex -21.5278 15.15 2.78
      vertex -21.5278 15.15 14
    endloop
  endfacet
  facet normal -0.659268 -0.751908 0
    outer loop
      vertex -21.9651 17.3487 2.78
      vertex -21.7979 17.2021 14
      vertex -21.9651 17.3487 14
    endloop
  endfacet
  facet normal -0.659268 -0.751908 -0
    outer loop
      vertex -21.7979 17.2021 14
      vertex -21.9651 17.3487 2.78
      vertex -21.7979 17.2021 2.78
    endloop
  endfacet
  facet normal -0.555426 0.831566 0
    outer loop
      vertex -21.9651 14.6513 2.78
      vertex -22.15 14.5278 14
      vertex -21.9651 14.6513 14
    endloop
  endfacet
  facet normal -0.555426 0.831566 0
    outer loop
      vertex -22.15 14.5278 14
      vertex -21.9651 14.6513 2.78
      vertex -22.15 14.5278 2.78
    endloop
  endfacet
  facet normal -0.44253 -0.896754 0
    outer loop
      vertex -22.3494 17.5706 2.78
      vertex -22.15 17.4722 14
      vertex -22.3494 17.5706 14
    endloop
  endfacet
  facet normal -0.44253 -0.896754 -0
    outer loop
      vertex -22.15 17.4722 14
      vertex -22.3494 17.5706 2.78
      vertex -22.15 17.4722 2.78
    endloop
  endfacet
  facet normal 0.997872 -0.0652057 0
    outer loop
      vertex -24.7 16 14
      vertex -24.6855 16.2219 2.78
      vertex -24.6855 16.2219 14
    endloop
  endfacet
  facet normal 0.997872 -0.0652057 0
    outer loop
      vertex -24.6855 16.2219 2.78
      vertex -24.7 16 14
      vertex -24.7 16 2.78
    endloop
  endfacet
  facet normal 0.659268 0.751908 -0
    outer loop
      vertex -24.0349 14.6513 2.78
      vertex -24.2021 14.7979 14
      vertex -24.0349 14.6513 14
    endloop
  endfacet
  facet normal 0.659268 0.751908 0
    outer loop
      vertex -24.2021 14.7979 14
      vertex -24.0349 14.6513 2.78
      vertex -24.2021 14.7979 2.78
    endloop
  endfacet
  facet normal 0.751908 0.659268 0
    outer loop
      vertex -24.2021 14.7979 14
      vertex -24.3487 14.9651 2.78
      vertex -24.3487 14.9651 14
    endloop
  endfacet
  facet normal 0.751908 0.659268 0
    outer loop
      vertex -24.3487 14.9651 2.78
      vertex -24.2021 14.7979 14
      vertex -24.2021 14.7979 2.78
    endloop
  endfacet
  facet normal 0.831566 0.555426 0
    outer loop
      vertex -24.3487 14.9651 14
      vertex -24.4722 15.15 2.78
      vertex -24.4722 15.15 14
    endloop
  endfacet
  facet normal 0.831566 0.555426 0
    outer loop
      vertex -24.4722 15.15 2.78
      vertex -24.3487 14.9651 14
      vertex -24.3487 14.9651 2.78
    endloop
  endfacet
  facet normal -0.831566 -0.555426 0
    outer loop
      vertex -21.5278 16.85 2.78
      vertex -21.6513 17.0349 14
      vertex -21.6513 17.0349 2.78
    endloop
  endfacet
  facet normal -0.831566 -0.555426 0
    outer loop
      vertex -21.6513 17.0349 14
      vertex -21.5278 16.85 2.78
      vertex -21.5278 16.85 14
    endloop
  endfacet
  facet normal -0.195165 0.98077 0
    outer loop
      vertex -22.56 14.3579 2.78
      vertex -22.7781 14.3145 14
      vertex -22.56 14.3579 14
    endloop
  endfacet
  facet normal -0.195165 0.98077 0
    outer loop
      vertex -22.7781 14.3145 14
      vertex -22.56 14.3579 2.78
      vertex -22.7781 14.3145 2.78
    endloop
  endfacet
  facet normal -0.98077 0.195165 0
    outer loop
      vertex -21.3579 15.56 2.78
      vertex -21.3145 15.7781 14
      vertex -21.3145 15.7781 2.78
    endloop
  endfacet
  facet normal -0.98077 0.195165 0
    outer loop
      vertex -21.3145 15.7781 14
      vertex -21.3579 15.56 2.78
      vertex -21.3579 15.56 14
    endloop
  endfacet
  facet normal 0.946915 0.321484 0
    outer loop
      vertex -24.5706 15.3494 14
      vertex -24.6421 15.56 2.78
      vertex -24.6421 15.56 14
    endloop
  endfacet
  facet normal 0.946915 0.321484 0
    outer loop
      vertex -24.6421 15.56 2.78
      vertex -24.5706 15.3494 14
      vertex -24.5706 15.3494 2.78
    endloop
  endfacet
  facet normal -0.44253 0.896754 0
    outer loop
      vertex -22.15 14.5278 2.78
      vertex -22.3494 14.4294 14
      vertex -22.15 14.5278 14
    endloop
  endfacet
  facet normal -0.44253 0.896754 0
    outer loop
      vertex -22.3494 14.4294 14
      vertex -22.15 14.5278 2.78
      vertex -22.3494 14.4294 2.78
    endloop
  endfacet
  facet normal -0.0652057 -0.997872 0
    outer loop
      vertex -23 17.7 2.78
      vertex -22.7781 17.6855 14
      vertex -23 17.7 14
    endloop
  endfacet
  facet normal -0.0652057 -0.997872 -0
    outer loop
      vertex -22.7781 17.6855 14
      vertex -23 17.7 2.78
      vertex -22.7781 17.6855 2.78
    endloop
  endfacet
  facet normal 0.321484 -0.946915 0
    outer loop
      vertex -23.6506 17.5706 2.78
      vertex -23.44 17.6421 14
      vertex -23.6506 17.5706 14
    endloop
  endfacet
  facet normal 0.321484 -0.946915 0
    outer loop
      vertex -23.44 17.6421 14
      vertex -23.6506 17.5706 2.78
      vertex -23.44 17.6421 2.78
    endloop
  endfacet
  facet normal 0.195165 -0.98077 0
    outer loop
      vertex -23.44 17.6421 2.78
      vertex -23.2219 17.6855 14
      vertex -23.44 17.6421 14
    endloop
  endfacet
  facet normal 0.195165 -0.98077 0
    outer loop
      vertex -23.2219 17.6855 14
      vertex -23.44 17.6421 2.78
      vertex -23.2219 17.6855 2.78
    endloop
  endfacet
  facet normal -0.896754 -0.44253 0
    outer loop
      vertex -21.4294 16.6506 2.78
      vertex -21.5278 16.85 14
      vertex -21.5278 16.85 2.78
    endloop
  endfacet
  facet normal -0.896754 -0.44253 0
    outer loop
      vertex -21.5278 16.85 14
      vertex -21.4294 16.6506 2.78
      vertex -21.4294 16.6506 14
    endloop
  endfacet
  facet normal -0.997872 0.0652057 0
    outer loop
      vertex -21.3145 15.7781 2.78
      vertex -21.3 16 14
      vertex -21.3 16 2.78
    endloop
  endfacet
  facet normal -0.997872 0.0652057 0
    outer loop
      vertex -21.3 16 14
      vertex -21.3145 15.7781 2.78
      vertex -21.3145 15.7781 14
    endloop
  endfacet
  facet normal -0.0652057 0.997872 0
    outer loop
      vertex -22.7781 14.3145 2.78
      vertex -23 14.3 14
      vertex -22.7781 14.3145 14
    endloop
  endfacet
  facet normal -0.0652057 0.997872 0
    outer loop
      vertex -23 14.3 14
      vertex -22.7781 14.3145 2.78
      vertex -23 14.3 2.78
    endloop
  endfacet
  facet normal -0.751908 -0.659268 0
    outer loop
      vertex -21.6513 17.0349 2.78
      vertex -21.7979 17.2021 14
      vertex -21.7979 17.2021 2.78
    endloop
  endfacet
  facet normal -0.751908 -0.659268 0
    outer loop
      vertex -21.7979 17.2021 14
      vertex -21.6513 17.0349 2.78
      vertex -21.6513 17.0349 14
    endloop
  endfacet
  facet normal 0.997872 0.0652057 0
    outer loop
      vertex -24.6855 15.7781 14
      vertex -24.7 16 2.78
      vertex -24.7 16 14
    endloop
  endfacet
  facet normal 0.997872 0.0652057 0
    outer loop
      vertex -24.7 16 2.78
      vertex -24.6855 15.7781 14
      vertex -24.6855 15.7781 2.78
    endloop
  endfacet
  facet normal -0.751908 0.659268 0
    outer loop
      vertex -21.7979 14.7979 2.78
      vertex -21.6513 14.9651 14
      vertex -21.6513 14.9651 2.78
    endloop
  endfacet
  facet normal -0.751908 0.659268 0
    outer loop
      vertex -21.6513 14.9651 14
      vertex -21.7979 14.7979 2.78
      vertex -21.7979 14.7979 14
    endloop
  endfacet
  facet normal 0.751908 -0.659268 0
    outer loop
      vertex -24.3487 17.0349 14
      vertex -24.2021 17.2021 2.78
      vertex -24.2021 17.2021 14
    endloop
  endfacet
  facet normal 0.751908 -0.659268 0
    outer loop
      vertex -24.2021 17.2021 2.78
      vertex -24.3487 17.0349 14
      vertex -24.3487 17.0349 2.78
    endloop
  endfacet
  facet normal 0.831566 -0.555426 0
    outer loop
      vertex -24.4722 16.85 14
      vertex -24.3487 17.0349 2.78
      vertex -24.3487 17.0349 14
    endloop
  endfacet
  facet normal 0.831566 -0.555426 0
    outer loop
      vertex -24.3487 17.0349 2.78
      vertex -24.4722 16.85 14
      vertex -24.4722 16.85 2.78
    endloop
  endfacet
  facet normal 0.0652057 -0.997872 0
    outer loop
      vertex -23.2219 17.6855 2.78
      vertex -23 17.7 14
      vertex -23.2219 17.6855 14
    endloop
  endfacet
  facet normal 0.0652057 -0.997872 0
    outer loop
      vertex -23 17.7 14
      vertex -23.2219 17.6855 2.78
      vertex -23 17.7 2.78
    endloop
  endfacet
  facet normal 0.98077 0.195165 0
    outer loop
      vertex -24.6421 15.56 14
      vertex -24.6855 15.7781 2.78
      vertex -24.6855 15.7781 14
    endloop
  endfacet
  facet normal 0.98077 0.195165 0
    outer loop
      vertex -24.6855 15.7781 2.78
      vertex -24.6421 15.56 14
      vertex -24.6421 15.56 2.78
    endloop
  endfacet
  facet normal 0.321484 0.946915 -0
    outer loop
      vertex -23.44 14.3579 2.78
      vertex -23.6506 14.4294 14
      vertex -23.44 14.3579 14
    endloop
  endfacet
  facet normal 0.321484 0.946915 0
    outer loop
      vertex -23.6506 14.4294 14
      vertex -23.44 14.3579 2.78
      vertex -23.6506 14.4294 2.78
    endloop
  endfacet
  facet normal -0.946915 -0.321484 0
    outer loop
      vertex -21.3579 16.44 2.78
      vertex -21.4294 16.6506 14
      vertex -21.4294 16.6506 2.78
    endloop
  endfacet
  facet normal -0.946915 -0.321484 0
    outer loop
      vertex -21.4294 16.6506 14
      vertex -21.3579 16.44 2.78
      vertex -21.3579 16.44 14
    endloop
  endfacet
  facet normal 0.44253 0.896754 -0
    outer loop
      vertex -23.6506 14.4294 2.78
      vertex -23.85 14.5278 14
      vertex -23.6506 14.4294 14
    endloop
  endfacet
  facet normal 0.44253 0.896754 0
    outer loop
      vertex -23.85 14.5278 14
      vertex -23.6506 14.4294 2.78
      vertex -23.85 14.5278 2.78
    endloop
  endfacet
  facet normal -0.831566 0.555426 0
    outer loop
      vertex -21.6513 14.9651 2.78
      vertex -21.5278 15.15 14
      vertex -21.5278 15.15 2.78
    endloop
  endfacet
  facet normal -0.831566 0.555426 0
    outer loop
      vertex -21.5278 15.15 14
      vertex -21.6513 14.9651 2.78
      vertex -21.6513 14.9651 14
    endloop
  endfacet
  facet normal 0.555426 0.831566 -0
    outer loop
      vertex -23.85 14.5278 2.78
      vertex -24.0349 14.6513 14
      vertex -23.85 14.5278 14
    endloop
  endfacet
  facet normal 0.555426 0.831566 0
    outer loop
      vertex -24.0349 14.6513 14
      vertex -23.85 14.5278 2.78
      vertex -24.0349 14.6513 2.78
    endloop
  endfacet
  facet normal 0.195165 0.98077 -0
    outer loop
      vertex -23.2219 14.3145 2.78
      vertex -23.44 14.3579 14
      vertex -23.2219 14.3145 14
    endloop
  endfacet
  facet normal 0.195165 0.98077 0
    outer loop
      vertex -23.44 14.3579 14
      vertex -23.2219 14.3145 2.78
      vertex -23.44 14.3579 2.78
    endloop
  endfacet
  facet normal 0.896754 -0.44253 0
    outer loop
      vertex -24.5706 16.6506 14
      vertex -24.4722 16.85 2.78
      vertex -24.4722 16.85 14
    endloop
  endfacet
  facet normal 0.896754 -0.44253 0
    outer loop
      vertex -24.4722 16.85 2.78
      vertex -24.5706 16.6506 14
      vertex -24.5706 16.6506 2.78
    endloop
  endfacet
  facet normal 0.0652057 0.997872 -0
    outer loop
      vertex -23 14.3 2.78
      vertex -23.2219 14.3145 14
      vertex -23 14.3 14
    endloop
  endfacet
  facet normal 0.0652057 0.997872 0
    outer loop
      vertex -23.2219 14.3145 14
      vertex -23 14.3 2.78
      vertex -23.2219 14.3145 2.78
    endloop
  endfacet
  facet normal 0.896754 0.44253 0
    outer loop
      vertex -24.4722 15.15 14
      vertex -24.5706 15.3494 2.78
      vertex -24.5706 15.3494 14
    endloop
  endfacet
  facet normal 0.896754 0.44253 0
    outer loop
      vertex -24.5706 15.3494 2.78
      vertex -24.4722 15.15 14
      vertex -24.4722 15.15 2.78
    endloop
  endfacet
  facet normal 0.98077 -0.195165 0
    outer loop
      vertex -24.6855 16.2219 14
      vertex -24.6421 16.44 2.78
      vertex -24.6421 16.44 14
    endloop
  endfacet
  facet normal 0.98077 -0.195165 0
    outer loop
      vertex -24.6421 16.44 2.78
      vertex -24.6855 16.2219 14
      vertex -24.6855 16.2219 2.78
    endloop
  endfacet
  facet normal 0.946915 -0.321484 0
    outer loop
      vertex -24.6421 16.44 14
      vertex -24.5706 16.6506 2.78
      vertex -24.5706 16.6506 14
    endloop
  endfacet
  facet normal 0.946915 -0.321484 0
    outer loop
      vertex -24.5706 16.6506 2.78
      vertex -24.6421 16.44 14
      vertex -24.6421 16.44 2.78
    endloop
  endfacet
  facet normal -0.659268 0.751908 0
    outer loop
      vertex -21.7979 14.7979 2.78
      vertex -21.9651 14.6513 14
      vertex -21.7979 14.7979 14
    endloop
  endfacet
  facet normal -0.659268 0.751908 0
    outer loop
      vertex -21.9651 14.6513 14
      vertex -21.7979 14.7979 2.78
      vertex -21.9651 14.6513 2.78
    endloop
  endfacet
  facet normal -0.98077 -0.195165 0
    outer loop
      vertex 24.6855 -15.7781 2.78
      vertex 24.6421 -15.56 14
      vertex 24.6421 -15.56 2.78
    endloop
  endfacet
  facet normal -0.98077 -0.195165 0
    outer loop
      vertex 24.6421 -15.56 14
      vertex 24.6855 -15.7781 2.78
      vertex 24.6855 -15.7781 14
    endloop
  endfacet
  facet normal -0.997872 -0.0652057 0
    outer loop
      vertex 24.7 -16 2.78
      vertex 24.6855 -15.7781 14
      vertex 24.6855 -15.7781 2.78
    endloop
  endfacet
  facet normal -0.997872 -0.0652057 0
    outer loop
      vertex 24.6855 -15.7781 14
      vertex 24.7 -16 2.78
      vertex 24.7 -16 14
    endloop
  endfacet
  facet normal -0.0652057 0.997872 0
    outer loop
      vertex 23.2219 -17.6855 2.78
      vertex 23 -17.7 14
      vertex 23.2219 -17.6855 14
    endloop
  endfacet
  facet normal -0.0652057 0.997872 0
    outer loop
      vertex 23 -17.7 14
      vertex 23.2219 -17.6855 2.78
      vertex 23 -17.7 2.78
    endloop
  endfacet
  facet normal 0.659268 -0.751908 0
    outer loop
      vertex 21.7979 -14.7979 2.78
      vertex 21.9651 -14.6513 14
      vertex 21.7979 -14.7979 14
    endloop
  endfacet
  facet normal 0.659268 -0.751908 0
    outer loop
      vertex 21.9651 -14.6513 14
      vertex 21.7979 -14.7979 2.78
      vertex 21.9651 -14.6513 2.78
    endloop
  endfacet
  facet normal 0.831566 0.555426 0
    outer loop
      vertex 21.6513 -17.0349 14
      vertex 21.5278 -16.85 2.78
      vertex 21.5278 -16.85 14
    endloop
  endfacet
  facet normal 0.831566 0.555426 0
    outer loop
      vertex 21.5278 -16.85 2.78
      vertex 21.6513 -17.0349 14
      vertex 21.6513 -17.0349 2.78
    endloop
  endfacet
  facet normal 0.195165 0.98077 -0
    outer loop
      vertex 22.7781 -17.6855 2.78
      vertex 22.56 -17.6421 14
      vertex 22.7781 -17.6855 14
    endloop
  endfacet
  facet normal 0.195165 0.98077 0
    outer loop
      vertex 22.56 -17.6421 14
      vertex 22.7781 -17.6855 2.78
      vertex 22.56 -17.6421 2.78
    endloop
  endfacet
  facet normal -0.659268 -0.751908 0
    outer loop
      vertex 24.0349 -14.6513 2.78
      vertex 24.2021 -14.7979 14
      vertex 24.0349 -14.6513 14
    endloop
  endfacet
  facet normal -0.659268 -0.751908 -0
    outer loop
      vertex 24.2021 -14.7979 14
      vertex 24.0349 -14.6513 2.78
      vertex 24.2021 -14.7979 2.78
    endloop
  endfacet
  facet normal -0.946915 0.321484 0
    outer loop
      vertex 24.5706 -16.6506 2.78
      vertex 24.6421 -16.44 14
      vertex 24.6421 -16.44 2.78
    endloop
  endfacet
  facet normal -0.946915 0.321484 0
    outer loop
      vertex 24.6421 -16.44 14
      vertex 24.5706 -16.6506 2.78
      vertex 24.5706 -16.6506 14
    endloop
  endfacet
  facet normal -0.751908 0.659268 0
    outer loop
      vertex 24.2021 -17.2021 2.78
      vertex 24.3487 -17.0349 14
      vertex 24.3487 -17.0349 2.78
    endloop
  endfacet
  facet normal -0.751908 0.659268 0
    outer loop
      vertex 24.3487 -17.0349 14
      vertex 24.2021 -17.2021 2.78
      vertex 24.2021 -17.2021 14
    endloop
  endfacet
  facet normal -0.751908 -0.659268 0
    outer loop
      vertex 24.3487 -14.9651 2.78
      vertex 24.2021 -14.7979 14
      vertex 24.2021 -14.7979 2.78
    endloop
  endfacet
  facet normal -0.751908 -0.659268 0
    outer loop
      vertex 24.2021 -14.7979 14
      vertex 24.3487 -14.9651 2.78
      vertex 24.3487 -14.9651 14
    endloop
  endfacet
  facet normal 0.946915 0.321484 0
    outer loop
      vertex 21.4294 -16.6506 14
      vertex 21.3579 -16.44 2.78
      vertex 21.3579 -16.44 14
    endloop
  endfacet
  facet normal 0.946915 0.321484 0
    outer loop
      vertex 21.3579 -16.44 2.78
      vertex 21.4294 -16.6506 14
      vertex 21.4294 -16.6506 2.78
    endloop
  endfacet
  facet normal -0.321484 0.946915 0
    outer loop
      vertex 23.6506 -17.5706 2.78
      vertex 23.44 -17.6421 14
      vertex 23.6506 -17.5706 14
    endloop
  endfacet
  facet normal -0.321484 0.946915 0
    outer loop
      vertex 23.44 -17.6421 14
      vertex 23.6506 -17.5706 2.78
      vertex 23.44 -17.6421 2.78
    endloop
  endfacet
  facet normal 0.0652057 0.997872 -0
    outer loop
      vertex 23 -17.7 2.78
      vertex 22.7781 -17.6855 14
      vertex 23 -17.7 14
    endloop
  endfacet
  facet normal 0.0652057 0.997872 0
    outer loop
      vertex 22.7781 -17.6855 14
      vertex 23 -17.7 2.78
      vertex 22.7781 -17.6855 2.78
    endloop
  endfacet
  facet normal 0.321484 -0.946915 0
    outer loop
      vertex 22.3494 -14.4294 2.78
      vertex 22.56 -14.3579 14
      vertex 22.3494 -14.4294 14
    endloop
  endfacet
  facet normal 0.321484 -0.946915 0
    outer loop
      vertex 22.56 -14.3579 14
      vertex 22.3494 -14.4294 2.78
      vertex 22.56 -14.3579 2.78
    endloop
  endfacet
  facet normal -0.946915 -0.321484 0
    outer loop
      vertex 24.6421 -15.56 2.78
      vertex 24.5706 -15.3494 14
      vertex 24.5706 -15.3494 2.78
    endloop
  endfacet
  facet normal -0.946915 -0.321484 0
    outer loop
      vertex 24.5706 -15.3494 14
      vertex 24.6421 -15.56 2.78
      vertex 24.6421 -15.56 14
    endloop
  endfacet
  facet normal 0.751908 -0.659268 0
    outer loop
      vertex 21.6513 -14.9651 14
      vertex 21.7979 -14.7979 2.78
      vertex 21.7979 -14.7979 14
    endloop
  endfacet
  facet normal 0.751908 -0.659268 0
    outer loop
      vertex 21.7979 -14.7979 2.78
      vertex 21.6513 -14.9651 14
      vertex 21.6513 -14.9651 2.78
    endloop
  endfacet
  facet normal 0.44253 0.896754 -0
    outer loop
      vertex 22.3494 -17.5706 2.78
      vertex 22.15 -17.4722 14
      vertex 22.3494 -17.5706 14
    endloop
  endfacet
  facet normal 0.44253 0.896754 0
    outer loop
      vertex 22.15 -17.4722 14
      vertex 22.3494 -17.5706 2.78
      vertex 22.15 -17.4722 2.78
    endloop
  endfacet
  facet normal 0.0652057 -0.997872 0
    outer loop
      vertex 22.7781 -14.3145 2.78
      vertex 23 -14.3 14
      vertex 22.7781 -14.3145 14
    endloop
  endfacet
  facet normal 0.0652057 -0.997872 0
    outer loop
      vertex 23 -14.3 14
      vertex 22.7781 -14.3145 2.78
      vertex 23 -14.3 2.78
    endloop
  endfacet
  facet normal -0.896754 0.44253 0
    outer loop
      vertex 24.4722 -16.85 2.78
      vertex 24.5706 -16.6506 14
      vertex 24.5706 -16.6506 2.78
    endloop
  endfacet
  facet normal -0.896754 0.44253 0
    outer loop
      vertex 24.5706 -16.6506 14
      vertex 24.4722 -16.85 2.78
      vertex 24.4722 -16.85 14
    endloop
  endfacet
  facet normal -0.555426 0.831566 0
    outer loop
      vertex 24.0349 -17.3487 2.78
      vertex 23.85 -17.4722 14
      vertex 24.0349 -17.3487 14
    endloop
  endfacet
  facet normal -0.555426 0.831566 0
    outer loop
      vertex 23.85 -17.4722 14
      vertex 24.0349 -17.3487 2.78
      vertex 23.85 -17.4722 2.78
    endloop
  endfacet
  facet normal 0.98077 0.195165 0
    outer loop
      vertex 21.3579 -16.44 14
      vertex 21.3145 -16.2219 2.78
      vertex 21.3145 -16.2219 14
    endloop
  endfacet
  facet normal 0.98077 0.195165 0
    outer loop
      vertex 21.3145 -16.2219 2.78
      vertex 21.3579 -16.44 14
      vertex 21.3579 -16.44 2.78
    endloop
  endfacet
  facet normal -0.195165 -0.98077 0
    outer loop
      vertex 23.2219 -14.3145 2.78
      vertex 23.44 -14.3579 14
      vertex 23.2219 -14.3145 14
    endloop
  endfacet
  facet normal -0.195165 -0.98077 -0
    outer loop
      vertex 23.44 -14.3579 14
      vertex 23.2219 -14.3145 2.78
      vertex 23.44 -14.3579 2.78
    endloop
  endfacet
  facet normal -0.831566 -0.555426 0
    outer loop
      vertex 24.4722 -15.15 2.78
      vertex 24.3487 -14.9651 14
      vertex 24.3487 -14.9651 2.78
    endloop
  endfacet
  facet normal -0.831566 -0.555426 0
    outer loop
      vertex 24.3487 -14.9651 14
      vertex 24.4722 -15.15 2.78
      vertex 24.4722 -15.15 14
    endloop
  endfacet
  facet normal -0.997872 0.0652057 0
    outer loop
      vertex 24.6855 -16.2219 2.78
      vertex 24.7 -16 14
      vertex 24.7 -16 2.78
    endloop
  endfacet
  facet normal -0.997872 0.0652057 0
    outer loop
      vertex 24.7 -16 14
      vertex 24.6855 -16.2219 2.78
      vertex 24.6855 -16.2219 14
    endloop
  endfacet
  facet normal -0.321484 -0.946915 0
    outer loop
      vertex 23.44 -14.3579 2.78
      vertex 23.6506 -14.4294 14
      vertex 23.44 -14.3579 14
    endloop
  endfacet
  facet normal -0.321484 -0.946915 -0
    outer loop
      vertex 23.6506 -14.4294 14
      vertex 23.44 -14.3579 2.78
      vertex 23.6506 -14.4294 2.78
    endloop
  endfacet
  facet normal -0.555426 -0.831566 0
    outer loop
      vertex 23.85 -14.5278 2.78
      vertex 24.0349 -14.6513 14
      vertex 23.85 -14.5278 14
    endloop
  endfacet
  facet normal -0.555426 -0.831566 -0
    outer loop
      vertex 24.0349 -14.6513 14
      vertex 23.85 -14.5278 2.78
      vertex 24.0349 -14.6513 2.78
    endloop
  endfacet
  facet normal 0.195165 -0.98077 0
    outer loop
      vertex 22.56 -14.3579 2.78
      vertex 22.7781 -14.3145 14
      vertex 22.56 -14.3579 14
    endloop
  endfacet
  facet normal 0.195165 -0.98077 0
    outer loop
      vertex 22.7781 -14.3145 14
      vertex 22.56 -14.3579 2.78
      vertex 22.7781 -14.3145 2.78
    endloop
  endfacet
  facet normal -0.659268 0.751908 0
    outer loop
      vertex 24.2021 -17.2021 2.78
      vertex 24.0349 -17.3487 14
      vertex 24.2021 -17.2021 14
    endloop
  endfacet
  facet normal -0.659268 0.751908 0
    outer loop
      vertex 24.0349 -17.3487 14
      vertex 24.2021 -17.2021 2.78
      vertex 24.0349 -17.3487 2.78
    endloop
  endfacet
  facet normal 0.896754 -0.44253 0
    outer loop
      vertex 21.4294 -15.3494 14
      vertex 21.5278 -15.15 2.78
      vertex 21.5278 -15.15 14
    endloop
  endfacet
  facet normal 0.896754 -0.44253 0
    outer loop
      vertex 21.5278 -15.15 2.78
      vertex 21.4294 -15.3494 14
      vertex 21.4294 -15.3494 2.78
    endloop
  endfacet
  facet normal -0.98077 0.195165 0
    outer loop
      vertex 24.6421 -16.44 2.78
      vertex 24.6855 -16.2219 14
      vertex 24.6855 -16.2219 2.78
    endloop
  endfacet
  facet normal -0.98077 0.195165 0
    outer loop
      vertex 24.6855 -16.2219 14
      vertex 24.6421 -16.44 2.78
      vertex 24.6421 -16.44 14
    endloop
  endfacet
  facet normal -0.195165 0.98077 0
    outer loop
      vertex 23.44 -17.6421 2.78
      vertex 23.2219 -17.6855 14
      vertex 23.44 -17.6421 14
    endloop
  endfacet
  facet normal -0.195165 0.98077 0
    outer loop
      vertex 23.2219 -17.6855 14
      vertex 23.44 -17.6421 2.78
      vertex 23.2219 -17.6855 2.78
    endloop
  endfacet
  facet normal 0.659268 0.751908 -0
    outer loop
      vertex 21.9651 -17.3487 2.78
      vertex 21.7979 -17.2021 14
      vertex 21.9651 -17.3487 14
    endloop
  endfacet
  facet normal 0.659268 0.751908 0
    outer loop
      vertex 21.7979 -17.2021 14
      vertex 21.9651 -17.3487 2.78
      vertex 21.7979 -17.2021 2.78
    endloop
  endfacet
  facet normal 0.751908 0.659268 0
    outer loop
      vertex 21.7979 -17.2021 14
      vertex 21.6513 -17.0349 2.78
      vertex 21.6513 -17.0349 14
    endloop
  endfacet
  facet normal 0.751908 0.659268 0
    outer loop
      vertex 21.6513 -17.0349 2.78
      vertex 21.7979 -17.2021 14
      vertex 21.7979 -17.2021 2.78
    endloop
  endfacet
  facet normal -0.0652057 -0.997872 0
    outer loop
      vertex 23 -14.3 2.78
      vertex 23.2219 -14.3145 14
      vertex 23 -14.3 14
    endloop
  endfacet
  facet normal -0.0652057 -0.997872 -0
    outer loop
      vertex 23.2219 -14.3145 14
      vertex 23 -14.3 2.78
      vertex 23.2219 -14.3145 2.78
    endloop
  endfacet
  facet normal -0.44253 -0.896754 0
    outer loop
      vertex 23.6506 -14.4294 2.78
      vertex 23.85 -14.5278 14
      vertex 23.6506 -14.4294 14
    endloop
  endfacet
  facet normal -0.44253 -0.896754 -0
    outer loop
      vertex 23.85 -14.5278 14
      vertex 23.6506 -14.4294 2.78
      vertex 23.85 -14.5278 2.78
    endloop
  endfacet
  facet normal -0.831566 0.555426 0
    outer loop
      vertex 24.3487 -17.0349 2.78
      vertex 24.4722 -16.85 14
      vertex 24.4722 -16.85 2.78
    endloop
  endfacet
  facet normal -0.831566 0.555426 0
    outer loop
      vertex 24.4722 -16.85 14
      vertex 24.3487 -17.0349 2.78
      vertex 24.3487 -17.0349 14
    endloop
  endfacet
  facet normal 0.997872 0.0652057 0
    outer loop
      vertex 21.3145 -16.2219 14
      vertex 21.3 -16 2.78
      vertex 21.3 -16 14
    endloop
  endfacet
  facet normal 0.997872 0.0652057 0
    outer loop
      vertex 21.3 -16 2.78
      vertex 21.3145 -16.2219 14
      vertex 21.3145 -16.2219 2.78
    endloop
  endfacet
  facet normal -0.44253 0.896754 0
    outer loop
      vertex 23.85 -17.4722 2.78
      vertex 23.6506 -17.5706 14
      vertex 23.85 -17.4722 14
    endloop
  endfacet
  facet normal -0.44253 0.896754 0
    outer loop
      vertex 23.6506 -17.5706 14
      vertex 23.85 -17.4722 2.78
      vertex 23.6506 -17.5706 2.78
    endloop
  endfacet
  facet normal 0.98077 -0.195165 0
    outer loop
      vertex 21.3145 -15.7781 14
      vertex 21.3579 -15.56 2.78
      vertex 21.3579 -15.56 14
    endloop
  endfacet
  facet normal 0.98077 -0.195165 0
    outer loop
      vertex 21.3579 -15.56 2.78
      vertex 21.3145 -15.7781 14
      vertex 21.3145 -15.7781 2.78
    endloop
  endfacet
  facet normal 0.896754 0.44253 0
    outer loop
      vertex 21.5278 -16.85 14
      vertex 21.4294 -16.6506 2.78
      vertex 21.4294 -16.6506 14
    endloop
  endfacet
  facet normal 0.896754 0.44253 0
    outer loop
      vertex 21.4294 -16.6506 2.78
      vertex 21.5278 -16.85 14
      vertex 21.5278 -16.85 2.78
    endloop
  endfacet
  facet normal 0.946915 -0.321484 0
    outer loop
      vertex 21.3579 -15.56 14
      vertex 21.4294 -15.3494 2.78
      vertex 21.4294 -15.3494 14
    endloop
  endfacet
  facet normal 0.946915 -0.321484 0
    outer loop
      vertex 21.4294 -15.3494 2.78
      vertex 21.3579 -15.56 14
      vertex 21.3579 -15.56 2.78
    endloop
  endfacet
  facet normal 0.555426 -0.831566 0
    outer loop
      vertex 21.9651 -14.6513 2.78
      vertex 22.15 -14.5278 14
      vertex 21.9651 -14.6513 14
    endloop
  endfacet
  facet normal 0.555426 -0.831566 0
    outer loop
      vertex 22.15 -14.5278 14
      vertex 21.9651 -14.6513 2.78
      vertex 22.15 -14.5278 2.78
    endloop
  endfacet
  facet normal -0.896754 -0.44253 0
    outer loop
      vertex 24.5706 -15.3494 2.78
      vertex 24.4722 -15.15 14
      vertex 24.4722 -15.15 2.78
    endloop
  endfacet
  facet normal -0.896754 -0.44253 0
    outer loop
      vertex 24.4722 -15.15 14
      vertex 24.5706 -15.3494 2.78
      vertex 24.5706 -15.3494 14
    endloop
  endfacet
  facet normal 0.997872 -0.0652057 0
    outer loop
      vertex 21.3 -16 14
      vertex 21.3145 -15.7781 2.78
      vertex 21.3145 -15.7781 14
    endloop
  endfacet
  facet normal 0.997872 -0.0652057 0
    outer loop
      vertex 21.3145 -15.7781 2.78
      vertex 21.3 -16 14
      vertex 21.3 -16 2.78
    endloop
  endfacet
  facet normal 0.321484 0.946915 -0
    outer loop
      vertex 22.56 -17.6421 2.78
      vertex 22.3494 -17.5706 14
      vertex 22.56 -17.6421 14
    endloop
  endfacet
  facet normal 0.321484 0.946915 0
    outer loop
      vertex 22.3494 -17.5706 14
      vertex 22.56 -17.6421 2.78
      vertex 22.3494 -17.5706 2.78
    endloop
  endfacet
  facet normal 0.44253 -0.896754 0
    outer loop
      vertex 22.15 -14.5278 2.78
      vertex 22.3494 -14.4294 14
      vertex 22.15 -14.5278 14
    endloop
  endfacet
  facet normal 0.44253 -0.896754 0
    outer loop
      vertex 22.3494 -14.4294 14
      vertex 22.15 -14.5278 2.78
      vertex 22.3494 -14.4294 2.78
    endloop
  endfacet
  facet normal 0.831566 -0.555426 0
    outer loop
      vertex 21.5278 -15.15 14
      vertex 21.6513 -14.9651 2.78
      vertex 21.6513 -14.9651 14
    endloop
  endfacet
  facet normal 0.831566 -0.555426 0
    outer loop
      vertex 21.6513 -14.9651 2.78
      vertex 21.5278 -15.15 14
      vertex 21.5278 -15.15 2.78
    endloop
  endfacet
  facet normal 0.555426 0.831566 -0
    outer loop
      vertex 22.15 -17.4722 2.78
      vertex 21.9651 -17.3487 14
      vertex 22.15 -17.4722 14
    endloop
  endfacet
  facet normal 0.555426 0.831566 0
    outer loop
      vertex 21.9651 -17.3487 14
      vertex 22.15 -17.4722 2.78
      vertex 21.9651 -17.3487 2.78
    endloop
  endfacet
  facet normal -0.98077 -0.195165 0
    outer loop
      vertex 24.6855 16.2219 2.78
      vertex 24.6421 16.44 14
      vertex 24.6421 16.44 2.78
    endloop
  endfacet
  facet normal -0.98077 -0.195165 0
    outer loop
      vertex 24.6421 16.44 14
      vertex 24.6855 16.2219 2.78
      vertex 24.6855 16.2219 14
    endloop
  endfacet
  facet normal -0.997872 -0.0652057 0
    outer loop
      vertex 24.7 16 2.78
      vertex 24.6855 16.2219 14
      vertex 24.6855 16.2219 2.78
    endloop
  endfacet
  facet normal -0.997872 -0.0652057 0
    outer loop
      vertex 24.6855 16.2219 14
      vertex 24.7 16 2.78
      vertex 24.7 16 14
    endloop
  endfacet
  facet normal 0.44253 -0.896754 0
    outer loop
      vertex 22.15 17.4722 2.78
      vertex 22.3494 17.5706 14
      vertex 22.15 17.4722 14
    endloop
  endfacet
  facet normal 0.44253 -0.896754 0
    outer loop
      vertex 22.3494 17.5706 14
      vertex 22.15 17.4722 2.78
      vertex 22.3494 17.5706 2.78
    endloop
  endfacet
  facet normal -0.555426 -0.831566 0
    outer loop
      vertex 23.85 17.4722 2.78
      vertex 24.0349 17.3487 14
      vertex 23.85 17.4722 14
    endloop
  endfacet
  facet normal -0.555426 -0.831566 -0
    outer loop
      vertex 24.0349 17.3487 14
      vertex 23.85 17.4722 2.78
      vertex 24.0349 17.3487 2.78
    endloop
  endfacet
  facet normal 0.659268 -0.751908 0
    outer loop
      vertex 21.7979 17.2021 2.78
      vertex 21.9651 17.3487 14
      vertex 21.7979 17.2021 14
    endloop
  endfacet
  facet normal 0.659268 -0.751908 0
    outer loop
      vertex 21.9651 17.3487 14
      vertex 21.7979 17.2021 2.78
      vertex 21.9651 17.3487 2.78
    endloop
  endfacet
  facet normal -0.321484 0.946915 0
    outer loop
      vertex 23.6506 14.4294 2.78
      vertex 23.44 14.3579 14
      vertex 23.6506 14.4294 14
    endloop
  endfacet
  facet normal -0.321484 0.946915 0
    outer loop
      vertex 23.44 14.3579 14
      vertex 23.6506 14.4294 2.78
      vertex 23.44 14.3579 2.78
    endloop
  endfacet
  facet normal -0.831566 0.555426 0
    outer loop
      vertex 24.3487 14.9651 2.78
      vertex 24.4722 15.15 14
      vertex 24.4722 15.15 2.78
    endloop
  endfacet
  facet normal -0.831566 0.555426 0
    outer loop
      vertex 24.4722 15.15 14
      vertex 24.3487 14.9651 2.78
      vertex 24.3487 14.9651 14
    endloop
  endfacet
  facet normal -0.946915 0.321484 0
    outer loop
      vertex 24.5706 15.3494 2.78
      vertex 24.6421 15.56 14
      vertex 24.6421 15.56 2.78
    endloop
  endfacet
  facet normal -0.946915 0.321484 0
    outer loop
      vertex 24.6421 15.56 14
      vertex 24.5706 15.3494 2.78
      vertex 24.5706 15.3494 14
    endloop
  endfacet
  facet normal -0.321484 -0.946915 0
    outer loop
      vertex 23.44 17.6421 2.78
      vertex 23.6506 17.5706 14
      vertex 23.44 17.6421 14
    endloop
  endfacet
  facet normal -0.321484 -0.946915 -0
    outer loop
      vertex 23.6506 17.5706 14
      vertex 23.44 17.6421 2.78
      vertex 23.6506 17.5706 2.78
    endloop
  endfacet
  facet normal -0.195165 -0.98077 0
    outer loop
      vertex 23.2219 17.6855 2.78
      vertex 23.44 17.6421 14
      vertex 23.2219 17.6855 14
    endloop
  endfacet
  facet normal -0.195165 -0.98077 -0
    outer loop
      vertex 23.44 17.6421 14
      vertex 23.2219 17.6855 2.78
      vertex 23.44 17.6421 2.78
    endloop
  endfacet
  facet normal 0.555426 -0.831566 0
    outer loop
      vertex 21.9651 17.3487 2.78
      vertex 22.15 17.4722 14
      vertex 21.9651 17.3487 14
    endloop
  endfacet
  facet normal 0.555426 -0.831566 0
    outer loop
      vertex 22.15 17.4722 14
      vertex 21.9651 17.3487 2.78
      vertex 22.15 17.4722 2.78
    endloop
  endfacet
  facet normal -0.896754 0.44253 0
    outer loop
      vertex 24.4722 15.15 2.78
      vertex 24.5706 15.3494 14
      vertex 24.5706 15.3494 2.78
    endloop
  endfacet
  facet normal -0.896754 0.44253 0
    outer loop
      vertex 24.5706 15.3494 14
      vertex 24.4722 15.15 2.78
      vertex 24.4722 15.15 14
    endloop
  endfacet
  facet normal -0.659268 -0.751908 0
    outer loop
      vertex 24.0349 17.3487 2.78
      vertex 24.2021 17.2021 14
      vertex 24.0349 17.3487 14
    endloop
  endfacet
  facet normal -0.659268 -0.751908 -0
    outer loop
      vertex 24.2021 17.2021 14
      vertex 24.0349 17.3487 2.78
      vertex 24.2021 17.2021 2.78
    endloop
  endfacet
  facet normal -0.555426 0.831566 0
    outer loop
      vertex 24.0349 14.6513 2.78
      vertex 23.85 14.5278 14
      vertex 24.0349 14.6513 14
    endloop
  endfacet
  facet normal -0.555426 0.831566 0
    outer loop
      vertex 23.85 14.5278 14
      vertex 24.0349 14.6513 2.78
      vertex 23.85 14.5278 2.78
    endloop
  endfacet
  facet normal -0.44253 -0.896754 0
    outer loop
      vertex 23.6506 17.5706 2.78
      vertex 23.85 17.4722 14
      vertex 23.6506 17.5706 14
    endloop
  endfacet
  facet normal -0.44253 -0.896754 -0
    outer loop
      vertex 23.85 17.4722 14
      vertex 23.6506 17.5706 2.78
      vertex 23.85 17.4722 2.78
    endloop
  endfacet
  facet normal 0.659268 0.751908 -0
    outer loop
      vertex 21.9651 14.6513 2.78
      vertex 21.7979 14.7979 14
      vertex 21.9651 14.6513 14
    endloop
  endfacet
  facet normal 0.659268 0.751908 0
    outer loop
      vertex 21.7979 14.7979 14
      vertex 21.9651 14.6513 2.78
      vertex 21.7979 14.7979 2.78
    endloop
  endfacet
  facet normal 0.751908 0.659268 0
    outer loop
      vertex 21.7979 14.7979 14
      vertex 21.6513 14.9651 2.78
      vertex 21.6513 14.9651 14
    endloop
  endfacet
  facet normal 0.751908 0.659268 0
    outer loop
      vertex 21.6513 14.9651 2.78
      vertex 21.7979 14.7979 14
      vertex 21.7979 14.7979 2.78
    endloop
  endfacet
  facet normal 0.831566 0.555426 0
    outer loop
      vertex 21.6513 14.9651 14
      vertex 21.5278 15.15 2.78
      vertex 21.5278 15.15 14
    endloop
  endfacet
  facet normal 0.831566 0.555426 0
    outer loop
      vertex 21.5278 15.15 2.78
      vertex 21.6513 14.9651 14
      vertex 21.6513 14.9651 2.78
    endloop
  endfacet
  facet normal -0.831566 -0.555426 0
    outer loop
      vertex 24.4722 16.85 2.78
      vertex 24.3487 17.0349 14
      vertex 24.3487 17.0349 2.78
    endloop
  endfacet
  facet normal -0.831566 -0.555426 0
    outer loop
      vertex 24.3487 17.0349 14
      vertex 24.4722 16.85 2.78
      vertex 24.4722 16.85 14
    endloop
  endfacet
  facet normal -0.195165 0.98077 0
    outer loop
      vertex 23.44 14.3579 2.78
      vertex 23.2219 14.3145 14
      vertex 23.44 14.3579 14
    endloop
  endfacet
  facet normal -0.195165 0.98077 0
    outer loop
      vertex 23.2219 14.3145 14
      vertex 23.44 14.3579 2.78
      vertex 23.2219 14.3145 2.78
    endloop
  endfacet
  facet normal -0.98077 0.195165 0
    outer loop
      vertex 24.6421 15.56 2.78
      vertex 24.6855 15.7781 14
      vertex 24.6855 15.7781 2.78
    endloop
  endfacet
  facet normal -0.98077 0.195165 0
    outer loop
      vertex 24.6855 15.7781 14
      vertex 24.6421 15.56 2.78
      vertex 24.6421 15.56 14
    endloop
  endfacet
  facet normal 0.946915 0.321484 0
    outer loop
      vertex 21.4294 15.3494 14
      vertex 21.3579 15.56 2.78
      vertex 21.3579 15.56 14
    endloop
  endfacet
  facet normal 0.946915 0.321484 0
    outer loop
      vertex 21.3579 15.56 2.78
      vertex 21.4294 15.3494 14
      vertex 21.4294 15.3494 2.78
    endloop
  endfacet
  facet normal -0.44253 0.896754 0
    outer loop
      vertex 23.85 14.5278 2.78
      vertex 23.6506 14.4294 14
      vertex 23.85 14.5278 14
    endloop
  endfacet
  facet normal -0.44253 0.896754 0
    outer loop
      vertex 23.6506 14.4294 14
      vertex 23.85 14.5278 2.78
      vertex 23.6506 14.4294 2.78
    endloop
  endfacet
  facet normal -0.0652057 -0.997872 0
    outer loop
      vertex 23 17.7 2.78
      vertex 23.2219 17.6855 14
      vertex 23 17.7 14
    endloop
  endfacet
  facet normal -0.0652057 -0.997872 -0
    outer loop
      vertex 23.2219 17.6855 14
      vertex 23 17.7 2.78
      vertex 23.2219 17.6855 2.78
    endloop
  endfacet
  facet normal 0.321484 -0.946915 0
    outer loop
      vertex 22.3494 17.5706 2.78
      vertex 22.56 17.6421 14
      vertex 22.3494 17.5706 14
    endloop
  endfacet
  facet normal 0.321484 -0.946915 0
    outer loop
      vertex 22.56 17.6421 14
      vertex 22.3494 17.5706 2.78
      vertex 22.56 17.6421 2.78
    endloop
  endfacet
  facet normal 0.195165 -0.98077 0
    outer loop
      vertex 22.56 17.6421 2.78
      vertex 22.7781 17.6855 14
      vertex 22.56 17.6421 14
    endloop
  endfacet
  facet normal 0.195165 -0.98077 0
    outer loop
      vertex 22.7781 17.6855 14
      vertex 22.56 17.6421 2.78
      vertex 22.7781 17.6855 2.78
    endloop
  endfacet
  facet normal -0.896754 -0.44253 0
    outer loop
      vertex 24.5706 16.6506 2.78
      vertex 24.4722 16.85 14
      vertex 24.4722 16.85 2.78
    endloop
  endfacet
  facet normal -0.896754 -0.44253 0
    outer loop
      vertex 24.4722 16.85 14
      vertex 24.5706 16.6506 2.78
      vertex 24.5706 16.6506 14
    endloop
  endfacet
  facet normal -0.997872 0.0652057 0
    outer loop
      vertex 24.6855 15.7781 2.78
      vertex 24.7 16 14
      vertex 24.7 16 2.78
    endloop
  endfacet
  facet normal -0.997872 0.0652057 0
    outer loop
      vertex 24.7 16 14
      vertex 24.6855 15.7781 2.78
      vertex 24.6855 15.7781 14
    endloop
  endfacet
  facet normal -0.0652057 0.997872 0
    outer loop
      vertex 23.2219 14.3145 2.78
      vertex 23 14.3 14
      vertex 23.2219 14.3145 14
    endloop
  endfacet
  facet normal -0.0652057 0.997872 0
    outer loop
      vertex 23 14.3 14
      vertex 23.2219 14.3145 2.78
      vertex 23 14.3 2.78
    endloop
  endfacet
  facet normal -0.751908 -0.659268 0
    outer loop
      vertex 24.3487 17.0349 2.78
      vertex 24.2021 17.2021 14
      vertex 24.2021 17.2021 2.78
    endloop
  endfacet
  facet normal -0.751908 -0.659268 0
    outer loop
      vertex 24.2021 17.2021 14
      vertex 24.3487 17.0349 2.78
      vertex 24.3487 17.0349 14
    endloop
  endfacet
  facet normal 0.997872 0.0652057 0
    outer loop
      vertex 21.3145 15.7781 14
      vertex 21.3 16 2.78
      vertex 21.3 16 14
    endloop
  endfacet
  facet normal 0.997872 0.0652057 0
    outer loop
      vertex 21.3 16 2.78
      vertex 21.3145 15.7781 14
      vertex 21.3145 15.7781 2.78
    endloop
  endfacet
  facet normal -0.751908 0.659268 0
    outer loop
      vertex 24.2021 14.7979 2.78
      vertex 24.3487 14.9651 14
      vertex 24.3487 14.9651 2.78
    endloop
  endfacet
  facet normal -0.751908 0.659268 0
    outer loop
      vertex 24.3487 14.9651 14
      vertex 24.2021 14.7979 2.78
      vertex 24.2021 14.7979 14
    endloop
  endfacet
  facet normal 0.751908 -0.659268 0
    outer loop
      vertex 21.6513 17.0349 14
      vertex 21.7979 17.2021 2.78
      vertex 21.7979 17.2021 14
    endloop
  endfacet
  facet normal 0.751908 -0.659268 0
    outer loop
      vertex 21.7979 17.2021 2.78
      vertex 21.6513 17.0349 14
      vertex 21.6513 17.0349 2.78
    endloop
  endfacet
  facet normal 0.831566 -0.555426 0
    outer loop
      vertex 21.5278 16.85 14
      vertex 21.6513 17.0349 2.78
      vertex 21.6513 17.0349 14
    endloop
  endfacet
  facet normal 0.831566 -0.555426 0
    outer loop
      vertex 21.6513 17.0349 2.78
      vertex 21.5278 16.85 14
      vertex 21.5278 16.85 2.78
    endloop
  endfacet
  facet normal 0.0652057 -0.997872 0
    outer loop
      vertex 22.7781 17.6855 2.78
      vertex 23 17.7 14
      vertex 22.7781 17.6855 14
    endloop
  endfacet
  facet normal 0.0652057 -0.997872 0
    outer loop
      vertex 23 17.7 14
      vertex 22.7781 17.6855 2.78
      vertex 23 17.7 2.78
    endloop
  endfacet
  facet normal 0.98077 0.195165 0
    outer loop
      vertex 21.3579 15.56 14
      vertex 21.3145 15.7781 2.78
      vertex 21.3145 15.7781 14
    endloop
  endfacet
  facet normal 0.98077 0.195165 0
    outer loop
      vertex 21.3145 15.7781 2.78
      vertex 21.3579 15.56 14
      vertex 21.3579 15.56 2.78
    endloop
  endfacet
  facet normal 0.321484 0.946915 -0
    outer loop
      vertex 22.56 14.3579 2.78
      vertex 22.3494 14.4294 14
      vertex 22.56 14.3579 14
    endloop
  endfacet
  facet normal 0.321484 0.946915 0
    outer loop
      vertex 22.3494 14.4294 14
      vertex 22.56 14.3579 2.78
      vertex 22.3494 14.4294 2.78
    endloop
  endfacet
  facet normal -0.946915 -0.321484 0
    outer loop
      vertex 24.6421 16.44 2.78
      vertex 24.5706 16.6506 14
      vertex 24.5706 16.6506 2.78
    endloop
  endfacet
  facet normal -0.946915 -0.321484 0
    outer loop
      vertex 24.5706 16.6506 14
      vertex 24.6421 16.44 2.78
      vertex 24.6421 16.44 14
    endloop
  endfacet
  facet normal 0.44253 0.896754 -0
    outer loop
      vertex 22.3494 14.4294 2.78
      vertex 22.15 14.5278 14
      vertex 22.3494 14.4294 14
    endloop
  endfacet
  facet normal 0.44253 0.896754 0
    outer loop
      vertex 22.15 14.5278 14
      vertex 22.3494 14.4294 2.78
      vertex 22.15 14.5278 2.78
    endloop
  endfacet
  facet normal 0.555426 0.831566 -0
    outer loop
      vertex 22.15 14.5278 2.78
      vertex 21.9651 14.6513 14
      vertex 22.15 14.5278 14
    endloop
  endfacet
  facet normal 0.555426 0.831566 0
    outer loop
      vertex 21.9651 14.6513 14
      vertex 22.15 14.5278 2.78
      vertex 21.9651 14.6513 2.78
    endloop
  endfacet
  facet normal 0.195165 0.98077 -0
    outer loop
      vertex 22.7781 14.3145 2.78
      vertex 22.56 14.3579 14
      vertex 22.7781 14.3145 14
    endloop
  endfacet
  facet normal 0.195165 0.98077 0
    outer loop
      vertex 22.56 14.3579 14
      vertex 22.7781 14.3145 2.78
      vertex 22.56 14.3579 2.78
    endloop
  endfacet
  facet normal 0.896754 -0.44253 0
    outer loop
      vertex 21.4294 16.6506 14
      vertex 21.5278 16.85 2.78
      vertex 21.5278 16.85 14
    endloop
  endfacet
  facet normal 0.896754 -0.44253 0
    outer loop
      vertex 21.5278 16.85 2.78
      vertex 21.4294 16.6506 14
      vertex 21.4294 16.6506 2.78
    endloop
  endfacet
  facet normal 0.0652057 0.997872 -0
    outer loop
      vertex 23 14.3 2.78
      vertex 22.7781 14.3145 14
      vertex 23 14.3 14
    endloop
  endfacet
  facet normal 0.0652057 0.997872 0
    outer loop
      vertex 22.7781 14.3145 14
      vertex 23 14.3 2.78
      vertex 22.7781 14.3145 2.78
    endloop
  endfacet
  facet normal 0.896754 0.44253 0
    outer loop
      vertex 21.5278 15.15 14
      vertex 21.4294 15.3494 2.78
      vertex 21.4294 15.3494 14
    endloop
  endfacet
  facet normal 0.896754 0.44253 0
    outer loop
      vertex 21.4294 15.3494 2.78
      vertex 21.5278 15.15 14
      vertex 21.5278 15.15 2.78
    endloop
  endfacet
  facet normal 0.997872 -0.0652057 0
    outer loop
      vertex 21.3 16 14
      vertex 21.3145 16.2219 2.78
      vertex 21.3145 16.2219 14
    endloop
  endfacet
  facet normal 0.997872 -0.0652057 0
    outer loop
      vertex 21.3145 16.2219 2.78
      vertex 21.3 16 14
      vertex 21.3 16 2.78
    endloop
  endfacet
  facet normal 0.98077 -0.195165 0
    outer loop
      vertex 21.3145 16.2219 14
      vertex 21.3579 16.44 2.78
      vertex 21.3579 16.44 14
    endloop
  endfacet
  facet normal 0.98077 -0.195165 0
    outer loop
      vertex 21.3579 16.44 2.78
      vertex 21.3145 16.2219 14
      vertex 21.3145 16.2219 2.78
    endloop
  endfacet
  facet normal 0.946915 -0.321484 0
    outer loop
      vertex 21.3579 16.44 14
      vertex 21.4294 16.6506 2.78
      vertex 21.4294 16.6506 14
    endloop
  endfacet
  facet normal 0.946915 -0.321484 0
    outer loop
      vertex 21.4294 16.6506 2.78
      vertex 21.3579 16.44 14
      vertex 21.3579 16.44 2.78
    endloop
  endfacet
  facet normal -0.659268 0.751908 0
    outer loop
      vertex 24.2021 14.7979 2.78
      vertex 24.0349 14.6513 14
      vertex 24.2021 14.7979 14
    endloop
  endfacet
  facet normal -0.659268 0.751908 0
    outer loop
      vertex 24.0349 14.6513 14
      vertex 24.2021 14.7979 2.78
      vertex 24.0349 14.6513 2.78
    endloop
  endfacet
  facet normal 0.500012 -0.866019 0
    outer loop
      vertex -25.85 -14.3546 0
      vertex -23 -12.7091 2.78
      vertex -25.85 -14.3546 2.78
    endloop
  endfacet
  facet normal 0.500012 -0.866019 0
    outer loop
      vertex -23 -12.7091 2.78
      vertex -25.85 -14.3546 0
      vertex -23 -12.7091 0
    endloop
  endfacet
  facet normal -0.500012 -0.866019 0
    outer loop
      vertex -23 -12.7091 0
      vertex -20.15 -14.3546 2.78
      vertex -23 -12.7091 2.78
    endloop
  endfacet
  facet normal -0.500012 -0.866019 -0
    outer loop
      vertex -20.15 -14.3546 2.78
      vertex -23 -12.7091 0
      vertex -20.15 -14.3546 0
    endloop
  endfacet
  facet normal -1 0 0
    outer loop
      vertex -20.15 -17.6454 0
      vertex -20.15 -14.3546 2.78
      vertex -20.15 -14.3546 0
    endloop
  endfacet
  facet normal -1 -0 0
    outer loop
      vertex -20.15 -14.3546 2.78
      vertex -20.15 -17.6454 0
      vertex -20.15 -17.6454 2.78
    endloop
  endfacet
  facet normal 0 0 -1
    outer loop
      vertex -20.15 -17.6454 2.78
      vertex -21.3 -16 2.78
      vertex -20.15 -14.3546 2.78
    endloop
  endfacet
  facet normal 0 0 -1
    outer loop
      vertex -20.15 -17.6454 2.78
      vertex -21.3145 -16.2219 2.78
      vertex -21.3 -16 2.78
    endloop
  endfacet
  facet normal 0 0 -1
    outer loop
      vertex -20.15 -17.6454 2.78
      vertex -21.3579 -16.44 2.78
      vertex -21.3145 -16.2219 2.78
    endloop
  endfacet
  facet normal 0 0 -1
    outer loop
      vertex -20.15 -17.6454 2.78
      vertex -21.4294 -16.6506 2.78
      vertex -21.3579 -16.44 2.78
    endloop
  endfacet
  facet normal 0 0 -1
    outer loop
      vertex -20.15 -17.6454 2.78
      vertex -21.5278 -16.85 2.78
      vertex -21.4294 -16.6506 2.78
    endloop
  endfacet
  facet normal 0 0 -1
    outer loop
      vertex -20.15 -17.6454 2.78
      vertex -21.6513 -17.0349 2.78
      vertex -21.5278 -16.85 2.78
    endloop
  endfacet
  facet normal 0 0 -1
    outer loop
      vertex -20.15 -17.6454 2.78
      vertex -21.7979 -17.2021 2.78
      vertex -21.6513 -17.0349 2.78
    endloop
  endfacet
  facet normal 0 0 -1
    outer loop
      vertex -20.15 -17.6454 2.78
      vertex -21.9651 -17.3487 2.78
      vertex -21.7979 -17.2021 2.78
    endloop
  endfacet
  facet normal 0 0 -1
    outer loop
      vertex -20.15 -17.6454 2.78
      vertex -22.15 -17.4722 2.78
      vertex -21.9651 -17.3487 2.78
    endloop
  endfacet
  facet normal 0 0 -1
    outer loop
      vertex -23 -19.2909 2.78
      vertex -22.15 -17.4722 2.78
      vertex -20.15 -17.6454 2.78
    endloop
  endfacet
  facet normal 0 0 -1
    outer loop
      vertex -22.15 -17.4722 2.78
      vertex -23 -19.2909 2.78
      vertex -22.3494 -17.5706 2.78
    endloop
  endfacet
  facet normal 0 0 -1
    outer loop
      vertex -22.3494 -17.5706 2.78
      vertex -23 -19.2909 2.78
      vertex -22.56 -17.6421 2.78
    endloop
  endfacet
  facet normal 0 0 -1
    outer loop
      vertex -22.56 -17.6421 2.78
      vertex -23 -19.2909 2.78
      vertex -22.7781 -17.6855 2.78
    endloop
  endfacet
  facet normal 0 0 -1
    outer loop
      vertex -23 -19.2909 2.78
      vertex -23 -17.7 2.78
      vertex -22.7781 -17.6855 2.78
    endloop
  endfacet
  facet normal 0 0 -1
    outer loop
      vertex -23 -19.2909 2.78
      vertex -23.2219 -17.6855 2.78
      vertex -23 -17.7 2.78
    endloop
  endfacet
  facet normal 0 0 -1
    outer loop
      vertex -23 -19.2909 2.78
      vertex -23.44 -17.6421 2.78
      vertex -23.2219 -17.6855 2.78
    endloop
  endfacet
  facet normal 0 0 -1
    outer loop
      vertex -23 -19.2909 2.78
      vertex -23.6506 -17.5706 2.78
      vertex -23.44 -17.6421 2.78
    endloop
  endfacet
  facet normal 0 0 -1
    outer loop
      vertex -23 -19.2909 2.78
      vertex -23.85 -17.4722 2.78
      vertex -23.6506 -17.5706 2.78
    endloop
  endfacet
  facet normal 0 0 -1
    outer loop
      vertex -25.85 -17.6454 2.78
      vertex -23.85 -17.4722 2.78
      vertex -23 -19.2909 2.78
    endloop
  endfacet
  facet normal -0 0 -1
    outer loop
      vertex -23.85 -17.4722 2.78
      vertex -25.85 -17.6454 2.78
      vertex -24.0349 -17.3487 2.78
    endloop
  endfacet
  facet normal -0 0 -1
    outer loop
      vertex -24.0349 -17.3487 2.78
      vertex -25.85 -17.6454 2.78
      vertex -24.2021 -17.2021 2.78
    endloop
  endfacet
  facet normal -0 0 -1
    outer loop
      vertex -24.2021 -17.2021 2.78
      vertex -25.85 -17.6454 2.78
      vertex -24.3487 -17.0349 2.78
    endloop
  endfacet
  facet normal -0 0 -1
    outer loop
      vertex -24.6855 -16.2219 2.78
      vertex -25.85 -17.6454 2.78
      vertex -24.7 -16 2.78
    endloop
  endfacet
  facet normal -0 0 -1
    outer loop
      vertex -24.6421 -16.44 2.78
      vertex -25.85 -17.6454 2.78
      vertex -24.6855 -16.2219 2.78
    endloop
  endfacet
  facet normal -0 0 -1
    outer loop
      vertex -24.5706 -16.6506 2.78
      vertex -25.85 -17.6454 2.78
      vertex -24.6421 -16.44 2.78
    endloop
  endfacet
  facet normal -0 0 -1
    outer loop
      vertex -24.4722 -16.85 2.78
      vertex -25.85 -17.6454 2.78
      vertex -24.5706 -16.6506 2.78
    endloop
  endfacet
  facet normal -0 0 -1
    outer loop
      vertex -24.3487 -17.0349 2.78
      vertex -25.85 -17.6454 2.78
      vertex -24.4722 -16.85 2.78
    endloop
  endfacet
  facet normal 0 0 -1
    outer loop
      vertex -21.3145 -15.7781 2.78
      vertex -20.15 -14.3546 2.78
      vertex -21.3 -16 2.78
    endloop
  endfacet
  facet normal 0 0 -1
    outer loop
      vertex -21.3579 -15.56 2.78
      vertex -20.15 -14.3546 2.78
      vertex -21.3145 -15.7781 2.78
    endloop
  endfacet
  facet normal 0 0 -1
    outer loop
      vertex -21.4294 -15.3494 2.78
      vertex -20.15 -14.3546 2.78
      vertex -21.3579 -15.56 2.78
    endloop
  endfacet
  facet normal 0 0 -1
    outer loop
      vertex -21.5278 -15.15 2.78
      vertex -20.15 -14.3546 2.78
      vertex -21.4294 -15.3494 2.78
    endloop
  endfacet
  facet normal 0 0 -1
    outer loop
      vertex -21.6513 -14.9651 2.78
      vertex -20.15 -14.3546 2.78
      vertex -21.5278 -15.15 2.78
    endloop
  endfacet
  facet normal 0 0 -1
    outer loop
      vertex -21.7979 -14.7979 2.78
      vertex -20.15 -14.3546 2.78
      vertex -21.6513 -14.9651 2.78
    endloop
  endfacet
  facet normal 0 0 -1
    outer loop
      vertex -21.9651 -14.6513 2.78
      vertex -20.15 -14.3546 2.78
      vertex -21.7979 -14.7979 2.78
    endloop
  endfacet
  facet normal 0 0 -1
    outer loop
      vertex -22.15 -14.5278 2.78
      vertex -20.15 -14.3546 2.78
      vertex -21.9651 -14.6513 2.78
    endloop
  endfacet
  facet normal 0 0 -1
    outer loop
      vertex -23 -12.7091 2.78
      vertex -22.15 -14.5278 2.78
      vertex -22.3494 -14.4294 2.78
    endloop
  endfacet
  facet normal 0 0 -1
    outer loop
      vertex -23 -12.7091 2.78
      vertex -22.3494 -14.4294 2.78
      vertex -22.56 -14.3579 2.78
    endloop
  endfacet
  facet normal 0 0 -1
    outer loop
      vertex -23 -12.7091 2.78
      vertex -22.56 -14.3579 2.78
      vertex -22.7781 -14.3145 2.78
    endloop
  endfacet
  facet normal 0 0 -1
    outer loop
      vertex -23 -12.7091 2.78
      vertex -22.7781 -14.3145 2.78
      vertex -23 -14.3 2.78
    endloop
  endfacet
  facet normal 0 0 -1
    outer loop
      vertex -22.15 -14.5278 2.78
      vertex -23 -12.7091 2.78
      vertex -20.15 -14.3546 2.78
    endloop
  endfacet
  facet normal 0 0 -1
    outer loop
      vertex -23.2219 -14.3145 2.78
      vertex -23 -12.7091 2.78
      vertex -23 -14.3 2.78
    endloop
  endfacet
  facet normal 0 0 -1
    outer loop
      vertex -23.44 -14.3579 2.78
      vertex -23 -12.7091 2.78
      vertex -23.2219 -14.3145 2.78
    endloop
  endfacet
  facet normal 0 0 -1
    outer loop
      vertex -23.6506 -14.4294 2.78
      vertex -23 -12.7091 2.78
      vertex -23.44 -14.3579 2.78
    endloop
  endfacet
  facet normal 0 0 -1
    outer loop
      vertex -23.85 -14.5278 2.78
      vertex -23 -12.7091 2.78
      vertex -23.6506 -14.4294 2.78
    endloop
  endfacet
  facet normal 0 0 -1
    outer loop
      vertex -25.85 -14.3546 2.78
      vertex -23.85 -14.5278 2.78
      vertex -24.0349 -14.6513 2.78
    endloop
  endfacet
  facet normal 0 0 -1
    outer loop
      vertex -25.85 -14.3546 2.78
      vertex -24.0349 -14.6513 2.78
      vertex -24.2021 -14.7979 2.78
    endloop
  endfacet
  facet normal 0 0 -1
    outer loop
      vertex -25.85 -14.3546 2.78
      vertex -24.2021 -14.7979 2.78
      vertex -24.3487 -14.9651 2.78
    endloop
  endfacet
  facet normal 0 0 -1
    outer loop
      vertex -25.85 -14.3546 2.78
      vertex -24.3487 -14.9651 2.78
      vertex -24.4722 -15.15 2.78
    endloop
  endfacet
  facet normal 0 0 -1
    outer loop
      vertex -25.85 -14.3546 2.78
      vertex -24.7 -16 2.78
      vertex -25.85 -17.6454 2.78
    endloop
  endfacet
  facet normal 0 0 -1
    outer loop
      vertex -24.7 -16 2.78
      vertex -25.85 -14.3546 2.78
      vertex -24.6855 -15.7781 2.78
    endloop
  endfacet
  facet normal 0 0 -1
    outer loop
      vertex -24.6855 -15.7781 2.78
      vertex -25.85 -14.3546 2.78
      vertex -24.6421 -15.56 2.78
    endloop
  endfacet
  facet normal 0 0 -1
    outer loop
      vertex -24.6421 -15.56 2.78
      vertex -25.85 -14.3546 2.78
      vertex -24.5706 -15.3494 2.78
    endloop
  endfacet
  facet normal 0 0 -1
    outer loop
      vertex -23.85 -14.5278 2.78
      vertex -25.85 -14.3546 2.78
      vertex -23 -12.7091 2.78
    endloop
  endfacet
  facet normal 0 0 -1
    outer loop
      vertex -24.5706 -15.3494 2.78
      vertex -25.85 -14.3546 2.78
      vertex -24.4722 -15.15 2.78
    endloop
  endfacet
  facet normal 0.500012 0.866019 -0
    outer loop
      vertex -23 -19.2909 0
      vertex -25.85 -17.6454 2.78
      vertex -23 -19.2909 2.78
    endloop
  endfacet
  facet normal 0.500012 0.866019 0
    outer loop
      vertex -25.85 -17.6454 2.78
      vertex -23 -19.2909 0
      vertex -25.85 -17.6454 0
    endloop
  endfacet
  facet normal -0.500012 0.866019 0
    outer loop
      vertex -20.15 -17.6454 0
      vertex -23 -19.2909 2.78
      vertex -20.15 -17.6454 2.78
    endloop
  endfacet
  facet normal -0.500012 0.866019 0
    outer loop
      vertex -23 -19.2909 2.78
      vertex -20.15 -17.6454 0
      vertex -23 -19.2909 0
    endloop
  endfacet
  facet normal 1 -0 0
    outer loop
      vertex -25.85 -17.6454 2.78
      vertex -25.85 -14.3546 0
      vertex -25.85 -14.3546 2.78
    endloop
  endfacet
  facet normal 1 0 0
    outer loop
      vertex -25.85 -14.3546 0
      vertex -25.85 -17.6454 2.78
      vertex -25.85 -17.6454 0
    endloop
  endfacet
  facet normal 0.500012 -0.866019 0
    outer loop
      vertex -25.85 17.6454 0
      vertex -23 19.2909 2.78
      vertex -25.85 17.6454 2.78
    endloop
  endfacet
  facet normal 0.500012 -0.866019 0
    outer loop
      vertex -23 19.2909 2.78
      vertex -25.85 17.6454 0
      vertex -23 19.2909 0
    endloop
  endfacet
  facet normal -0.500012 -0.866019 0
    outer loop
      vertex -23 19.2909 0
      vertex -20.15 17.6454 2.78
      vertex -23 19.2909 2.78
    endloop
  endfacet
  facet normal -0.500012 -0.866019 -0
    outer loop
      vertex -20.15 17.6454 2.78
      vertex -23 19.2909 0
      vertex -20.15 17.6454 0
    endloop
  endfacet
  facet normal -1 0 0
    outer loop
      vertex -20.15 14.3546 0
      vertex -20.15 17.6454 2.78
      vertex -20.15 17.6454 0
    endloop
  endfacet
  facet normal -1 -0 0
    outer loop
      vertex -20.15 17.6454 2.78
      vertex -20.15 14.3546 0
      vertex -20.15 14.3546 2.78
    endloop
  endfacet
  facet normal 1 -0 0
    outer loop
      vertex -25.85 14.3546 2.78
      vertex -25.85 17.6454 0
      vertex -25.85 17.6454 2.78
    endloop
  endfacet
  facet normal 1 0 0
    outer loop
      vertex -25.85 17.6454 0
      vertex -25.85 14.3546 2.78
      vertex -25.85 14.3546 0
    endloop
  endfacet
  facet normal 0 0 -1
    outer loop
      vertex -20.15 14.3546 2.78
      vertex -21.3 16 2.78
      vertex -20.15 17.6454 2.78
    endloop
  endfacet
  facet normal 0 0 -1
    outer loop
      vertex -20.15 14.3546 2.78
      vertex -21.3145 15.7781 2.78
      vertex -21.3 16 2.78
    endloop
  endfacet
  facet normal 0 0 -1
    outer loop
      vertex -20.15 14.3546 2.78
      vertex -21.3579 15.56 2.78
      vertex -21.3145 15.7781 2.78
    endloop
  endfacet
  facet normal 0 0 -1
    outer loop
      vertex -20.15 14.3546 2.78
      vertex -21.4294 15.3494 2.78
      vertex -21.3579 15.56 2.78
    endloop
  endfacet
  facet normal 0 0 -1
    outer loop
      vertex -20.15 14.3546 2.78
      vertex -21.5278 15.15 2.78
      vertex -21.4294 15.3494 2.78
    endloop
  endfacet
  facet normal 0 0 -1
    outer loop
      vertex -20.15 14.3546 2.78
      vertex -21.6513 14.9651 2.78
      vertex -21.5278 15.15 2.78
    endloop
  endfacet
  facet normal 0 0 -1
    outer loop
      vertex -20.15 14.3546 2.78
      vertex -21.7979 14.7979 2.78
      vertex -21.6513 14.9651 2.78
    endloop
  endfacet
  facet normal 0 0 -1
    outer loop
      vertex -20.15 14.3546 2.78
      vertex -21.9651 14.6513 2.78
      vertex -21.7979 14.7979 2.78
    endloop
  endfacet
  facet normal 0 0 -1
    outer loop
      vertex -20.15 14.3546 2.78
      vertex -22.15 14.5278 2.78
      vertex -21.9651 14.6513 2.78
    endloop
  endfacet
  facet normal 0 0 -1
    outer loop
      vertex -23 12.7091 2.78
      vertex -22.15 14.5278 2.78
      vertex -20.15 14.3546 2.78
    endloop
  endfacet
  facet normal 0 0 -1
    outer loop
      vertex -22.15 14.5278 2.78
      vertex -23 12.7091 2.78
      vertex -22.3494 14.4294 2.78
    endloop
  endfacet
  facet normal 0 0 -1
    outer loop
      vertex -22.3494 14.4294 2.78
      vertex -23 12.7091 2.78
      vertex -22.56 14.3579 2.78
    endloop
  endfacet
  facet normal 0 0 -1
    outer loop
      vertex -22.56 14.3579 2.78
      vertex -23 12.7091 2.78
      vertex -22.7781 14.3145 2.78
    endloop
  endfacet
  facet normal 0 0 -1
    outer loop
      vertex -23 12.7091 2.78
      vertex -23 14.3 2.78
      vertex -22.7781 14.3145 2.78
    endloop
  endfacet
  facet normal 0 0 -1
    outer loop
      vertex -23 12.7091 2.78
      vertex -23.2219 14.3145 2.78
      vertex -23 14.3 2.78
    endloop
  endfacet
  facet normal 0 0 -1
    outer loop
      vertex -23 12.7091 2.78
      vertex -23.44 14.3579 2.78
      vertex -23.2219 14.3145 2.78
    endloop
  endfacet
  facet normal 0 0 -1
    outer loop
      vertex -23 12.7091 2.78
      vertex -23.6506 14.4294 2.78
      vertex -23.44 14.3579 2.78
    endloop
  endfacet
  facet normal 0 0 -1
    outer loop
      vertex -23 12.7091 2.78
      vertex -23.85 14.5278 2.78
      vertex -23.6506 14.4294 2.78
    endloop
  endfacet
  facet normal 0 0 -1
    outer loop
      vertex -25.85 14.3546 2.78
      vertex -23.85 14.5278 2.78
      vertex -23 12.7091 2.78
    endloop
  endfacet
  facet normal -0 0 -1
    outer loop
      vertex -23.85 14.5278 2.78
      vertex -25.85 14.3546 2.78
      vertex -24.0349 14.6513 2.78
    endloop
  endfacet
  facet normal -0 0 -1
    outer loop
      vertex -24.0349 14.6513 2.78
      vertex -25.85 14.3546 2.78
      vertex -24.2021 14.7979 2.78
    endloop
  endfacet
  facet normal -0 0 -1
    outer loop
      vertex -24.2021 14.7979 2.78
      vertex -25.85 14.3546 2.78
      vertex -24.3487 14.9651 2.78
    endloop
  endfacet
  facet normal -0 0 -1
    outer loop
      vertex -24.6855 15.7781 2.78
      vertex -25.85 14.3546 2.78
      vertex -24.7 16 2.78
    endloop
  endfacet
  facet normal -0 0 -1
    outer loop
      vertex -24.6421 15.56 2.78
      vertex -25.85 14.3546 2.78
      vertex -24.6855 15.7781 2.78
    endloop
  endfacet
  facet normal -0 0 -1
    outer loop
      vertex -24.5706 15.3494 2.78
      vertex -25.85 14.3546 2.78
      vertex -24.6421 15.56 2.78
    endloop
  endfacet
  facet normal -0 0 -1
    outer loop
      vertex -24.4722 15.15 2.78
      vertex -25.85 14.3546 2.78
      vertex -24.5706 15.3494 2.78
    endloop
  endfacet
  facet normal -0 0 -1
    outer loop
      vertex -24.3487 14.9651 2.78
      vertex -25.85 14.3546 2.78
      vertex -24.4722 15.15 2.78
    endloop
  endfacet
  facet normal 0 0 -1
    outer loop
      vertex -21.3145 16.2219 2.78
      vertex -20.15 17.6454 2.78
      vertex -21.3 16 2.78
    endloop
  endfacet
  facet normal 0 0 -1
    outer loop
      vertex -21.3579 16.44 2.78
      vertex -20.15 17.6454 2.78
      vertex -21.3145 16.2219 2.78
    endloop
  endfacet
  facet normal 0 0 -1
    outer loop
      vertex -21.4294 16.6506 2.78
      vertex -20.15 17.6454 2.78
      vertex -21.3579 16.44 2.78
    endloop
  endfacet
  facet normal 0 0 -1
    outer loop
      vertex -21.5278 16.85 2.78
      vertex -20.15 17.6454 2.78
      vertex -21.4294 16.6506 2.78
    endloop
  endfacet
  facet normal 0 0 -1
    outer loop
      vertex -21.6513 17.0349 2.78
      vertex -20.15 17.6454 2.78
      vertex -21.5278 16.85 2.78
    endloop
  endfacet
  facet normal 0 0 -1
    outer loop
      vertex -21.7979 17.2021 2.78
      vertex -20.15 17.6454 2.78
      vertex -21.6513 17.0349 2.78
    endloop
  endfacet
  facet normal 0 0 -1
    outer loop
      vertex -21.9651 17.3487 2.78
      vertex -20.15 17.6454 2.78
      vertex -21.7979 17.2021 2.78
    endloop
  endfacet
  facet normal 0 0 -1
    outer loop
      vertex -22.15 17.4722 2.78
      vertex -20.15 17.6454 2.78
      vertex -21.9651 17.3487 2.78
    endloop
  endfacet
  facet normal 0 0 -1
    outer loop
      vertex -23 19.2909 2.78
      vertex -22.15 17.4722 2.78
      vertex -22.3494 17.5706 2.78
    endloop
  endfacet
  facet normal 0 0 -1
    outer loop
      vertex -23 19.2909 2.78
      vertex -22.3494 17.5706 2.78
      vertex -22.56 17.6421 2.78
    endloop
  endfacet
  facet normal 0 0 -1
    outer loop
      vertex -23 19.2909 2.78
      vertex -22.56 17.6421 2.78
      vertex -22.7781 17.6855 2.78
    endloop
  endfacet
  facet normal 0 0 -1
    outer loop
      vertex -23 19.2909 2.78
      vertex -22.7781 17.6855 2.78
      vertex -23 17.7 2.78
    endloop
  endfacet
  facet normal 0 0 -1
    outer loop
      vertex -22.15 17.4722 2.78
      vertex -23 19.2909 2.78
      vertex -20.15 17.6454 2.78
    endloop
  endfacet
  facet normal 0 0 -1
    outer loop
      vertex -23.2219 17.6855 2.78
      vertex -23 19.2909 2.78
      vertex -23 17.7 2.78
    endloop
  endfacet
  facet normal 0 0 -1
    outer loop
      vertex -23.44 17.6421 2.78
      vertex -23 19.2909 2.78
      vertex -23.2219 17.6855 2.78
    endloop
  endfacet
  facet normal 0 0 -1
    outer loop
      vertex -23.6506 17.5706 2.78
      vertex -23 19.2909 2.78
      vertex -23.44 17.6421 2.78
    endloop
  endfacet
  facet normal 0 0 -1
    outer loop
      vertex -23.85 17.4722 2.78
      vertex -23 19.2909 2.78
      vertex -23.6506 17.5706 2.78
    endloop
  endfacet
  facet normal 0 0 -1
    outer loop
      vertex -25.85 17.6454 2.78
      vertex -23.85 17.4722 2.78
      vertex -24.0349 17.3487 2.78
    endloop
  endfacet
  facet normal 0 0 -1
    outer loop
      vertex -25.85 17.6454 2.78
      vertex -24.0349 17.3487 2.78
      vertex -24.2021 17.2021 2.78
    endloop
  endfacet
  facet normal 0 0 -1
    outer loop
      vertex -25.85 17.6454 2.78
      vertex -24.2021 17.2021 2.78
      vertex -24.3487 17.0349 2.78
    endloop
  endfacet
  facet normal 0 0 -1
    outer loop
      vertex -25.85 17.6454 2.78
      vertex -24.3487 17.0349 2.78
      vertex -24.4722 16.85 2.78
    endloop
  endfacet
  facet normal 0 0 -1
    outer loop
      vertex -25.85 17.6454 2.78
      vertex -24.7 16 2.78
      vertex -25.85 14.3546 2.78
    endloop
  endfacet
  facet normal 0 0 -1
    outer loop
      vertex -24.7 16 2.78
      vertex -25.85 17.6454 2.78
      vertex -24.6855 16.2219 2.78
    endloop
  endfacet
  facet normal 0 0 -1
    outer loop
      vertex -24.6855 16.2219 2.78
      vertex -25.85 17.6454 2.78
      vertex -24.6421 16.44 2.78
    endloop
  endfacet
  facet normal 0 0 -1
    outer loop
      vertex -24.6421 16.44 2.78
      vertex -25.85 17.6454 2.78
      vertex -24.5706 16.6506 2.78
    endloop
  endfacet
  facet normal 0 0 -1
    outer loop
      vertex -23.85 17.4722 2.78
      vertex -25.85 17.6454 2.78
      vertex -23 19.2909 2.78
    endloop
  endfacet
  facet normal 0 0 -1
    outer loop
      vertex -24.5706 16.6506 2.78
      vertex -25.85 17.6454 2.78
      vertex -24.4722 16.85 2.78
    endloop
  endfacet
  facet normal 0.500012 0.866019 -0
    outer loop
      vertex -23 12.7091 0
      vertex -25.85 14.3546 2.78
      vertex -23 12.7091 2.78
    endloop
  endfacet
  facet normal 0.500012 0.866019 0
    outer loop
      vertex -25.85 14.3546 2.78
      vertex -23 12.7091 0
      vertex -25.85 14.3546 0
    endloop
  endfacet
  facet normal -0.500012 0.866019 0
    outer loop
      vertex -20.15 14.3546 0
      vertex -23 12.7091 2.78
      vertex -20.15 14.3546 2.78
    endloop
  endfacet
  facet normal -0.500012 0.866019 0
    outer loop
      vertex -23 12.7091 2.78
      vertex -20.15 14.3546 0
      vertex -23 12.7091 0
    endloop
  endfacet
  facet normal -0.500012 0.866019 0
    outer loop
      vertex 25.85 -17.6454 0
      vertex 23 -19.2909 2.78
      vertex 25.85 -17.6454 2.78
    endloop
  endfacet
  facet normal -0.500012 0.866019 0
    outer loop
      vertex 23 -19.2909 2.78
      vertex 25.85 -17.6454 0
      vertex 23 -19.2909 0
    endloop
  endfacet
  facet normal -1 0 0
    outer loop
      vertex 25.85 -17.6454 0
      vertex 25.85 -14.3546 2.78
      vertex 25.85 -14.3546 0
    endloop
  endfacet
  facet normal -1 -0 0
    outer loop
      vertex 25.85 -14.3546 2.78
      vertex 25.85 -17.6454 0
      vertex 25.85 -17.6454 2.78
    endloop
  endfacet
  facet normal 0.500012 -0.866019 0
    outer loop
      vertex 20.15 -14.3546 0
      vertex 23 -12.7091 2.78
      vertex 20.15 -14.3546 2.78
    endloop
  endfacet
  facet normal 0.500012 -0.866019 0
    outer loop
      vertex 23 -12.7091 2.78
      vertex 20.15 -14.3546 0
      vertex 23 -12.7091 0
    endloop
  endfacet
  facet normal -0.500012 -0.866019 0
    outer loop
      vertex 23 -12.7091 0
      vertex 25.85 -14.3546 2.78
      vertex 23 -12.7091 2.78
    endloop
  endfacet
  facet normal -0.500012 -0.866019 -0
    outer loop
      vertex 25.85 -14.3546 2.78
      vertex 23 -12.7091 0
      vertex 25.85 -14.3546 0
    endloop
  endfacet
  facet normal 1 -0 0
    outer loop
      vertex 20.15 -17.6454 2.78
      vertex 20.15 -14.3546 0
      vertex 20.15 -14.3546 2.78
    endloop
  endfacet
  facet normal 1 0 0
    outer loop
      vertex 20.15 -14.3546 0
      vertex 20.15 -17.6454 2.78
      vertex 20.15 -17.6454 0
    endloop
  endfacet
  facet normal 0.500012 0.866019 -0
    outer loop
      vertex 23 -19.2909 0
      vertex 20.15 -17.6454 2.78
      vertex 23 -19.2909 2.78
    endloop
  endfacet
  facet normal 0.500012 0.866019 0
    outer loop
      vertex 20.15 -17.6454 2.78
      vertex 23 -19.2909 0
      vertex 20.15 -17.6454 0
    endloop
  endfacet
  facet normal 0 0 -1
    outer loop
      vertex 25.85 -17.6454 2.78
      vertex 24.7 -16 2.78
      vertex 25.85 -14.3546 2.78
    endloop
  endfacet
  facet normal 0 0 -1
    outer loop
      vertex 25.85 -17.6454 2.78
      vertex 24.6855 -16.2219 2.78
      vertex 24.7 -16 2.78
    endloop
  endfacet
  facet normal 0 0 -1
    outer loop
      vertex 25.85 -17.6454 2.78
      vertex 24.6421 -16.44 2.78
      vertex 24.6855 -16.2219 2.78
    endloop
  endfacet
  facet normal 0 0 -1
    outer loop
      vertex 25.85 -17.6454 2.78
      vertex 24.5706 -16.6506 2.78
      vertex 24.6421 -16.44 2.78
    endloop
  endfacet
  facet normal 0 0 -1
    outer loop
      vertex 25.85 -17.6454 2.78
      vertex 24.4722 -16.85 2.78
      vertex 24.5706 -16.6506 2.78
    endloop
  endfacet
  facet normal 0 0 -1
    outer loop
      vertex 25.85 -17.6454 2.78
      vertex 24.3487 -17.0349 2.78
      vertex 24.4722 -16.85 2.78
    endloop
  endfacet
  facet normal 0 0 -1
    outer loop
      vertex 25.85 -17.6454 2.78
      vertex 24.2021 -17.2021 2.78
      vertex 24.3487 -17.0349 2.78
    endloop
  endfacet
  facet normal 0 0 -1
    outer loop
      vertex 25.85 -17.6454 2.78
      vertex 24.0349 -17.3487 2.78
      vertex 24.2021 -17.2021 2.78
    endloop
  endfacet
  facet normal 0 0 -1
    outer loop
      vertex 25.85 -17.6454 2.78
      vertex 23.85 -17.4722 2.78
      vertex 24.0349 -17.3487 2.78
    endloop
  endfacet
  facet normal 0 0 -1
    outer loop
      vertex 23 -19.2909 2.78
      vertex 23.85 -17.4722 2.78
      vertex 25.85 -17.6454 2.78
    endloop
  endfacet
  facet normal 0 0 -1
    outer loop
      vertex 23.85 -17.4722 2.78
      vertex 23 -19.2909 2.78
      vertex 23.6506 -17.5706 2.78
    endloop
  endfacet
  facet normal 0 0 -1
    outer loop
      vertex 23.6506 -17.5706 2.78
      vertex 23 -19.2909 2.78
      vertex 23.44 -17.6421 2.78
    endloop
  endfacet
  facet normal 0 0 -1
    outer loop
      vertex 23.44 -17.6421 2.78
      vertex 23 -19.2909 2.78
      vertex 23.2219 -17.6855 2.78
    endloop
  endfacet
  facet normal 0 0 -1
    outer loop
      vertex 23 -19.2909 2.78
      vertex 23 -17.7 2.78
      vertex 23.2219 -17.6855 2.78
    endloop
  endfacet
  facet normal 0 0 -1
    outer loop
      vertex 23 -19.2909 2.78
      vertex 22.7781 -17.6855 2.78
      vertex 23 -17.7 2.78
    endloop
  endfacet
  facet normal 0 0 -1
    outer loop
      vertex 23 -19.2909 2.78
      vertex 22.56 -17.6421 2.78
      vertex 22.7781 -17.6855 2.78
    endloop
  endfacet
  facet normal 0 0 -1
    outer loop
      vertex 23 -19.2909 2.78
      vertex 22.3494 -17.5706 2.78
      vertex 22.56 -17.6421 2.78
    endloop
  endfacet
  facet normal 0 0 -1
    outer loop
      vertex 23 -19.2909 2.78
      vertex 22.15 -17.4722 2.78
      vertex 22.3494 -17.5706 2.78
    endloop
  endfacet
  facet normal 0 0 -1
    outer loop
      vertex 20.15 -17.6454 2.78
      vertex 22.15 -17.4722 2.78
      vertex 23 -19.2909 2.78
    endloop
  endfacet
  facet normal -0 0 -1
    outer loop
      vertex 22.15 -17.4722 2.78
      vertex 20.15 -17.6454 2.78
      vertex 21.9651 -17.3487 2.78
    endloop
  endfacet
  facet normal -0 0 -1
    outer loop
      vertex 21.9651 -17.3487 2.78
      vertex 20.15 -17.6454 2.78
      vertex 21.7979 -17.2021 2.78
    endloop
  endfacet
  facet normal -0 0 -1
    outer loop
      vertex 21.7979 -17.2021 2.78
      vertex 20.15 -17.6454 2.78
      vertex 21.6513 -17.0349 2.78
    endloop
  endfacet
  facet normal -0 0 -1
    outer loop
      vertex 21.3145 -16.2219 2.78
      vertex 20.15 -17.6454 2.78
      vertex 21.3 -16 2.78
    endloop
  endfacet
  facet normal -0 0 -1
    outer loop
      vertex 21.3579 -16.44 2.78
      vertex 20.15 -17.6454 2.78
      vertex 21.3145 -16.2219 2.78
    endloop
  endfacet
  facet normal -0 0 -1
    outer loop
      vertex 21.4294 -16.6506 2.78
      vertex 20.15 -17.6454 2.78
      vertex 21.3579 -16.44 2.78
    endloop
  endfacet
  facet normal -0 0 -1
    outer loop
      vertex 21.5278 -16.85 2.78
      vertex 20.15 -17.6454 2.78
      vertex 21.4294 -16.6506 2.78
    endloop
  endfacet
  facet normal -0 0 -1
    outer loop
      vertex 21.6513 -17.0349 2.78
      vertex 20.15 -17.6454 2.78
      vertex 21.5278 -16.85 2.78
    endloop
  endfacet
  facet normal 0 0 -1
    outer loop
      vertex 24.6855 -15.7781 2.78
      vertex 25.85 -14.3546 2.78
      vertex 24.7 -16 2.78
    endloop
  endfacet
  facet normal 0 0 -1
    outer loop
      vertex 24.6421 -15.56 2.78
      vertex 25.85 -14.3546 2.78
      vertex 24.6855 -15.7781 2.78
    endloop
  endfacet
  facet normal 0 0 -1
    outer loop
      vertex 24.5706 -15.3494 2.78
      vertex 25.85 -14.3546 2.78
      vertex 24.6421 -15.56 2.78
    endloop
  endfacet
  facet normal 0 0 -1
    outer loop
      vertex 24.4722 -15.15 2.78
      vertex 25.85 -14.3546 2.78
      vertex 24.5706 -15.3494 2.78
    endloop
  endfacet
  facet normal 0 0 -1
    outer loop
      vertex 24.3487 -14.9651 2.78
      vertex 25.85 -14.3546 2.78
      vertex 24.4722 -15.15 2.78
    endloop
  endfacet
  facet normal 0 0 -1
    outer loop
      vertex 24.2021 -14.7979 2.78
      vertex 25.85 -14.3546 2.78
      vertex 24.3487 -14.9651 2.78
    endloop
  endfacet
  facet normal 0 0 -1
    outer loop
      vertex 24.0349 -14.6513 2.78
      vertex 25.85 -14.3546 2.78
      vertex 24.2021 -14.7979 2.78
    endloop
  endfacet
  facet normal 0 0 -1
    outer loop
      vertex 23.85 -14.5278 2.78
      vertex 25.85 -14.3546 2.78
      vertex 24.0349 -14.6513 2.78
    endloop
  endfacet
  facet normal 0 0 -1
    outer loop
      vertex 23 -12.7091 2.78
      vertex 23.85 -14.5278 2.78
      vertex 23.6506 -14.4294 2.78
    endloop
  endfacet
  facet normal 0 0 -1
    outer loop
      vertex 23 -12.7091 2.78
      vertex 23.6506 -14.4294 2.78
      vertex 23.44 -14.3579 2.78
    endloop
  endfacet
  facet normal 0 0 -1
    outer loop
      vertex 23 -12.7091 2.78
      vertex 23.44 -14.3579 2.78
      vertex 23.2219 -14.3145 2.78
    endloop
  endfacet
  facet normal 0 0 -1
    outer loop
      vertex 23 -12.7091 2.78
      vertex 23.2219 -14.3145 2.78
      vertex 23 -14.3 2.78
    endloop
  endfacet
  facet normal 0 0 -1
    outer loop
      vertex 23.85 -14.5278 2.78
      vertex 23 -12.7091 2.78
      vertex 25.85 -14.3546 2.78
    endloop
  endfacet
  facet normal 0 0 -1
    outer loop
      vertex 22.7781 -14.3145 2.78
      vertex 23 -12.7091 2.78
      vertex 23 -14.3 2.78
    endloop
  endfacet
  facet normal 0 0 -1
    outer loop
      vertex 22.56 -14.3579 2.78
      vertex 23 -12.7091 2.78
      vertex 22.7781 -14.3145 2.78
    endloop
  endfacet
  facet normal 0 0 -1
    outer loop
      vertex 22.3494 -14.4294 2.78
      vertex 23 -12.7091 2.78
      vertex 22.56 -14.3579 2.78
    endloop
  endfacet
  facet normal 0 0 -1
    outer loop
      vertex 22.15 -14.5278 2.78
      vertex 23 -12.7091 2.78
      vertex 22.3494 -14.4294 2.78
    endloop
  endfacet
  facet normal 0 0 -1
    outer loop
      vertex 20.15 -14.3546 2.78
      vertex 22.15 -14.5278 2.78
      vertex 21.9651 -14.6513 2.78
    endloop
  endfacet
  facet normal 0 0 -1
    outer loop
      vertex 20.15 -14.3546 2.78
      vertex 21.9651 -14.6513 2.78
      vertex 21.7979 -14.7979 2.78
    endloop
  endfacet
  facet normal 0 0 -1
    outer loop
      vertex 20.15 -14.3546 2.78
      vertex 21.7979 -14.7979 2.78
      vertex 21.6513 -14.9651 2.78
    endloop
  endfacet
  facet normal 0 0 -1
    outer loop
      vertex 20.15 -14.3546 2.78
      vertex 21.6513 -14.9651 2.78
      vertex 21.5278 -15.15 2.78
    endloop
  endfacet
  facet normal 0 0 -1
    outer loop
      vertex 20.15 -14.3546 2.78
      vertex 21.3 -16 2.78
      vertex 20.15 -17.6454 2.78
    endloop
  endfacet
  facet normal 0 0 -1
    outer loop
      vertex 21.3 -16 2.78
      vertex 20.15 -14.3546 2.78
      vertex 21.3145 -15.7781 2.78
    endloop
  endfacet
  facet normal 0 0 -1
    outer loop
      vertex 21.3145 -15.7781 2.78
      vertex 20.15 -14.3546 2.78
      vertex 21.3579 -15.56 2.78
    endloop
  endfacet
  facet normal 0 0 -1
    outer loop
      vertex 21.3579 -15.56 2.78
      vertex 20.15 -14.3546 2.78
      vertex 21.4294 -15.3494 2.78
    endloop
  endfacet
  facet normal 0 0 -1
    outer loop
      vertex 22.15 -14.5278 2.78
      vertex 20.15 -14.3546 2.78
      vertex 23 -12.7091 2.78
    endloop
  endfacet
  facet normal 0 0 -1
    outer loop
      vertex 21.4294 -15.3494 2.78
      vertex 20.15 -14.3546 2.78
      vertex 21.5278 -15.15 2.78
    endloop
  endfacet
  facet normal -0.500012 0.866019 0
    outer loop
      vertex 25.85 14.3546 0
      vertex 23 12.7091 2.78
      vertex 25.85 14.3546 2.78
    endloop
  endfacet
  facet normal -0.500012 0.866019 0
    outer loop
      vertex 23 12.7091 2.78
      vertex 25.85 14.3546 0
      vertex 23 12.7091 0
    endloop
  endfacet
  facet normal -1 0 0
    outer loop
      vertex 25.85 14.3546 0
      vertex 25.85 17.6454 2.78
      vertex 25.85 17.6454 0
    endloop
  endfacet
  facet normal -1 -0 0
    outer loop
      vertex 25.85 17.6454 2.78
      vertex 25.85 14.3546 0
      vertex 25.85 14.3546 2.78
    endloop
  endfacet
  facet normal 0.500012 -0.866019 0
    outer loop
      vertex 20.15 17.6454 0
      vertex 23 19.2909 2.78
      vertex 20.15 17.6454 2.78
    endloop
  endfacet
  facet normal 0.500012 -0.866019 0
    outer loop
      vertex 23 19.2909 2.78
      vertex 20.15 17.6454 0
      vertex 23 19.2909 0
    endloop
  endfacet
  facet normal -0.500012 -0.866019 0
    outer loop
      vertex 23 19.2909 0
      vertex 25.85 17.6454 2.78
      vertex 23 19.2909 2.78
    endloop
  endfacet
  facet normal -0.500012 -0.866019 -0
    outer loop
      vertex 25.85 17.6454 2.78
      vertex 23 19.2909 0
      vertex 25.85 17.6454 0
    endloop
  endfacet
  facet normal 1 -0 0
    outer loop
      vertex 20.15 14.3546 2.78
      vertex 20.15 17.6454 0
      vertex 20.15 17.6454 2.78
    endloop
  endfacet
  facet normal 1 0 0
    outer loop
      vertex 20.15 17.6454 0
      vertex 20.15 14.3546 2.78
      vertex 20.15 14.3546 0
    endloop
  endfacet
  facet normal 0.500012 0.866019 -0
    outer loop
      vertex 23 12.7091 0
      vertex 20.15 14.3546 2.78
      vertex 23 12.7091 2.78
    endloop
  endfacet
  facet normal 0.500012 0.866019 0
    outer loop
      vertex 20.15 14.3546 2.78
      vertex 23 12.7091 0
      vertex 20.15 14.3546 0
    endloop
  endfacet
  facet normal 0 0 -1
    outer loop
      vertex 25.85 14.3546 2.78
      vertex 24.7 16 2.78
      vertex 25.85 17.6454 2.78
    endloop
  endfacet
  facet normal 0 0 -1
    outer loop
      vertex 25.85 14.3546 2.78
      vertex 24.6855 15.7781 2.78
      vertex 24.7 16 2.78
    endloop
  endfacet
  facet normal 0 0 -1
    outer loop
      vertex 25.85 14.3546 2.78
      vertex 24.6421 15.56 2.78
      vertex 24.6855 15.7781 2.78
    endloop
  endfacet
  facet normal 0 0 -1
    outer loop
      vertex 25.85 14.3546 2.78
      vertex 24.5706 15.3494 2.78
      vertex 24.6421 15.56 2.78
    endloop
  endfacet
  facet normal 0 0 -1
    outer loop
      vertex 25.85 14.3546 2.78
      vertex 24.4722 15.15 2.78
      vertex 24.5706 15.3494 2.78
    endloop
  endfacet
  facet normal 0 0 -1
    outer loop
      vertex 25.85 14.3546 2.78
      vertex 24.3487 14.9651 2.78
      vertex 24.4722 15.15 2.78
    endloop
  endfacet
  facet normal 0 0 -1
    outer loop
      vertex 25.85 14.3546 2.78
      vertex 24.2021 14.7979 2.78
      vertex 24.3487 14.9651 2.78
    endloop
  endfacet
  facet normal 0 0 -1
    outer loop
      vertex 25.85 14.3546 2.78
      vertex 24.0349 14.6513 2.78
      vertex 24.2021 14.7979 2.78
    endloop
  endfacet
  facet normal 0 0 -1
    outer loop
      vertex 25.85 14.3546 2.78
      vertex 23.85 14.5278 2.78
      vertex 24.0349 14.6513 2.78
    endloop
  endfacet
  facet normal 0 0 -1
    outer loop
      vertex 23 12.7091 2.78
      vertex 23.85 14.5278 2.78
      vertex 25.85 14.3546 2.78
    endloop
  endfacet
  facet normal 0 0 -1
    outer loop
      vertex 23.85 14.5278 2.78
      vertex 23 12.7091 2.78
      vertex 23.6506 14.4294 2.78
    endloop
  endfacet
  facet normal 0 0 -1
    outer loop
      vertex 23.6506 14.4294 2.78
      vertex 23 12.7091 2.78
      vertex 23.44 14.3579 2.78
    endloop
  endfacet
  facet normal 0 0 -1
    outer loop
      vertex 23.44 14.3579 2.78
      vertex 23 12.7091 2.78
      vertex 23.2219 14.3145 2.78
    endloop
  endfacet
  facet normal 0 0 -1
    outer loop
      vertex 23 12.7091 2.78
      vertex 23 14.3 2.78
      vertex 23.2219 14.3145 2.78
    endloop
  endfacet
  facet normal 0 0 -1
    outer loop
      vertex 23 12.7091 2.78
      vertex 22.7781 14.3145 2.78
      vertex 23 14.3 2.78
    endloop
  endfacet
  facet normal 0 0 -1
    outer loop
      vertex 23 12.7091 2.78
      vertex 22.56 14.3579 2.78
      vertex 22.7781 14.3145 2.78
    endloop
  endfacet
  facet normal 0 0 -1
    outer loop
      vertex 23 12.7091 2.78
      vertex 22.3494 14.4294 2.78
      vertex 22.56 14.3579 2.78
    endloop
  endfacet
  facet normal 0 0 -1
    outer loop
      vertex 23 12.7091 2.78
      vertex 22.15 14.5278 2.78
      vertex 22.3494 14.4294 2.78
    endloop
  endfacet
  facet normal 0 0 -1
    outer loop
      vertex 20.15 14.3546 2.78
      vertex 22.15 14.5278 2.78
      vertex 23 12.7091 2.78
    endloop
  endfacet
  facet normal -0 0 -1
    outer loop
      vertex 22.15 14.5278 2.78
      vertex 20.15 14.3546 2.78
      vertex 21.9651 14.6513 2.78
    endloop
  endfacet
  facet normal -0 0 -1
    outer loop
      vertex 21.9651 14.6513 2.78
      vertex 20.15 14.3546 2.78
      vertex 21.7979 14.7979 2.78
    endloop
  endfacet
  facet normal -0 0 -1
    outer loop
      vertex 21.7979 14.7979 2.78
      vertex 20.15 14.3546 2.78
      vertex 21.6513 14.9651 2.78
    endloop
  endfacet
  facet normal -0 0 -1
    outer loop
      vertex 21.3145 15.7781 2.78
      vertex 20.15 14.3546 2.78
      vertex 21.3 16 2.78
    endloop
  endfacet
  facet normal -0 0 -1
    outer loop
      vertex 21.3579 15.56 2.78
      vertex 20.15 14.3546 2.78
      vertex 21.3145 15.7781 2.78
    endloop
  endfacet
  facet normal -0 0 -1
    outer loop
      vertex 21.4294 15.3494 2.78
      vertex 20.15 14.3546 2.78
      vertex 21.3579 15.56 2.78
    endloop
  endfacet
  facet normal -0 0 -1
    outer loop
      vertex 21.5278 15.15 2.78
      vertex 20.15 14.3546 2.78
      vertex 21.4294 15.3494 2.78
    endloop
  endfacet
  facet normal -0 0 -1
    outer loop
      vertex 21.6513 14.9651 2.78
      vertex 20.15 14.3546 2.78
      vertex 21.5278 15.15 2.78
    endloop
  endfacet
  facet normal 0 0 -1
    outer loop
      vertex 24.6855 16.2219 2.78
      vertex 25.85 17.6454 2.78
      vertex 24.7 16 2.78
    endloop
  endfacet
  facet normal 0 0 -1
    outer loop
      vertex 24.6421 16.44 2.78
      vertex 25.85 17.6454 2.78
      vertex 24.6855 16.2219 2.78
    endloop
  endfacet
  facet normal 0 0 -1
    outer loop
      vertex 24.5706 16.6506 2.78
      vertex 25.85 17.6454 2.78
      vertex 24.6421 16.44 2.78
    endloop
  endfacet
  facet normal 0 0 -1
    outer loop
      vertex 24.4722 16.85 2.78
      vertex 25.85 17.6454 2.78
      vertex 24.5706 16.6506 2.78
    endloop
  endfacet
  facet normal 0 0 -1
    outer loop
      vertex 24.3487 17.0349 2.78
      vertex 25.85 17.6454 2.78
      vertex 24.4722 16.85 2.78
    endloop
  endfacet
  facet normal 0 0 -1
    outer loop
      vertex 24.2021 17.2021 2.78
      vertex 25.85 17.6454 2.78
      vertex 24.3487 17.0349 2.78
    endloop
  endfacet
  facet normal 0 0 -1
    outer loop
      vertex 24.0349 17.3487 2.78
      vertex 25.85 17.6454 2.78
      vertex 24.2021 17.2021 2.78
    endloop
  endfacet
  facet normal 0 0 -1
    outer loop
      vertex 23.85 17.4722 2.78
      vertex 25.85 17.6454 2.78
      vertex 24.0349 17.3487 2.78
    endloop
  endfacet
  facet normal 0 0 -1
    outer loop
      vertex 23 19.2909 2.78
      vertex 23.85 17.4722 2.78
      vertex 23.6506 17.5706 2.78
    endloop
  endfacet
  facet normal 0 0 -1
    outer loop
      vertex 23 19.2909 2.78
      vertex 23.6506 17.5706 2.78
      vertex 23.44 17.6421 2.78
    endloop
  endfacet
  facet normal 0 0 -1
    outer loop
      vertex 23 19.2909 2.78
      vertex 23.44 17.6421 2.78
      vertex 23.2219 17.6855 2.78
    endloop
  endfacet
  facet normal 0 0 -1
    outer loop
      vertex 23 19.2909 2.78
      vertex 23.2219 17.6855 2.78
      vertex 23 17.7 2.78
    endloop
  endfacet
  facet normal 0 0 -1
    outer loop
      vertex 23.85 17.4722 2.78
      vertex 23 19.2909 2.78
      vertex 25.85 17.6454 2.78
    endloop
  endfacet
  facet normal 0 0 -1
    outer loop
      vertex 22.7781 17.6855 2.78
      vertex 23 19.2909 2.78
      vertex 23 17.7 2.78
    endloop
  endfacet
  facet normal 0 0 -1
    outer loop
      vertex 22.56 17.6421 2.78
      vertex 23 19.2909 2.78
      vertex 22.7781 17.6855 2.78
    endloop
  endfacet
  facet normal 0 0 -1
    outer loop
      vertex 22.3494 17.5706 2.78
      vertex 23 19.2909 2.78
      vertex 22.56 17.6421 2.78
    endloop
  endfacet
  facet normal 0 0 -1
    outer loop
      vertex 22.15 17.4722 2.78
      vertex 23 19.2909 2.78
      vertex 22.3494 17.5706 2.78
    endloop
  endfacet
  facet normal 0 0 -1
    outer loop
      vertex 20.15 17.6454 2.78
      vertex 22.15 17.4722 2.78
      vertex 21.9651 17.3487 2.78
    endloop
  endfacet
  facet normal 0 0 -1
    outer loop
      vertex 20.15 17.6454 2.78
      vertex 21.9651 17.3487 2.78
      vertex 21.7979 17.2021 2.78
    endloop
  endfacet
  facet normal 0 0 -1
    outer loop
      vertex 20.15 17.6454 2.78
      vertex 21.7979 17.2021 2.78
      vertex 21.6513 17.0349 2.78
    endloop
  endfacet
  facet normal 0 0 -1
    outer loop
      vertex 20.15 17.6454 2.78
      vertex 21.6513 17.0349 2.78
      vertex 21.5278 16.85 2.78
    endloop
  endfacet
  facet normal 0 0 -1
    outer loop
      vertex 20.15 17.6454 2.78
      vertex 21.3 16 2.78
      vertex 20.15 14.3546 2.78
    endloop
  endfacet
  facet normal 0 0 -1
    outer loop
      vertex 21.3 16 2.78
      vertex 20.15 17.6454 2.78
      vertex 21.3145 16.2219 2.78
    endloop
  endfacet
  facet normal 0 0 -1
    outer loop
      vertex 21.3145 16.2219 2.78
      vertex 20.15 17.6454 2.78
      vertex 21.3579 16.44 2.78
    endloop
  endfacet
  facet normal 0 0 -1
    outer loop
      vertex 21.3579 16.44 2.78
      vertex 20.15 17.6454 2.78
      vertex 21.4294 16.6506 2.78
    endloop
  endfacet
  facet normal 0 0 -1
    outer loop
      vertex 22.15 17.4722 2.78
      vertex 20.15 17.6454 2.78
      vertex 23 19.2909 2.78
    endloop
  endfacet
  facet normal 0 0 -1
    outer loop
      vertex 21.4294 16.6506 2.78
      vertex 20.15 17.6454 2.78
      vertex 21.5278 16.85 2.78
    endloop
  endfacet
  facet normal 1 -0 0
    outer loop
      vertex -20 -14 14
      vertex -20 14 6
      vertex -20 14 14
    endloop
  endfacet
  facet normal 1 0 0
    outer loop
      vertex -20 14 6
      vertex -20 -14 14
      vertex -20 -14 2
    endloop
  endfacet
  facet normal -1 0 0
    outer loop
      vertex 20 -14 14
      vertex 20 14 6
      vertex 20 -14 2
    endloop
  endfacet
  facet normal -1 0 0
    outer loop
      vertex 20 14 6
      vertex 20 -14 14
      vertex 20 14 14
    endloop
  endfacet
  facet normal 0 -1 0
    outer loop
      vertex -20 14 6
      vertex 20 14 14
      vertex -20 14 14
    endloop
  endfacet
  facet normal 0 -1 -0
    outer loop
      vertex 20 14 14
      vertex -20 14 6
      vertex 20 14 6
    endloop
  endfacet
  facet normal 0 1 -0
    outer loop
      vertex 20 -14 2
      vertex -20 -14 14
      vertex 20 -14 14
    endloop
  endfacet
  facet normal 0 1 0
    outer loop
      vertex -20 -14 14
      vertex 20 -14 2
      vertex -20 -14 2
    endloop
  endfacet
  facet normal 0 -0.141421 0.989949
    outer loop
      vertex -20 14 6
      vertex 20 -14 2
      vertex 20 14 6
    endloop
  endfacet
  facet normal 0 -0.141421 0.989949
    outer loop
      vertex 20 -14 2
      vertex -20 14 6
      vertex -20 -14 2
    endloop
  endfacet
endsolid OpenSCAD_Model
