solid OpenSCAD_Model
  facet normal 1 -0 0
    outer loop
      vertex 29 -21 14
      vertex 29 21 0
      vertex 29 21 14
    endloop
  endfacet
  facet normal 1 0 0
    outer loop
      vertex 29 21 0
      vertex 29 -21 14
      vertex 29 -21 0
    endloop
  endfacet
  facet normal -0 0 1
    outer loop
      vertex -21.4294 15.3494 14
      vertex -20 14 14
      vertex -21.3579 15.56 14
    endloop
  endfacet
  facet normal 0 0 1
    outer loop
      vertex -20 -14 14
      vertex -21.3145 -15.7781 14
      vertex -21.3 -16 14
    endloop
  endfacet
  facet normal -0 0 1
    outer loop
      vertex -21.5278 15.15 14
      vertex -20 14 14
      vertex -21.4294 15.3494 14
    endloop
  endfacet
  facet normal 0 0 1
    outer loop
      vertex -20 -14 14
      vertex -21.3579 -15.56 14
      vertex -21.3145 -15.7781 14
    endloop
  endfacet
  facet normal -0 0 1
    outer loop
      vertex -21.6513 14.9651 14
      vertex -20 14 14
      vertex -21.5278 15.15 14
    endloop
  endfacet
  facet normal 0 0 1
    outer loop
      vertex -20 -14 14
      vertex -21.4294 -15.3494 14
      vertex -21.3579 -15.56 14
    endloop
  endfacet
  facet normal -0 0 1
    outer loop
      vertex -21.7979 14.7979 14
      vertex -20 14 14
      vertex -21.6513 14.9651 14
    endloop
  endfacet
  facet normal 0 0 1
    outer loop
      vertex -20 -14 14
      vertex -21.5278 -15.15 14
      vertex -21.4294 -15.3494 14
    endloop
  endfacet
  facet normal -0 0 1
    outer loop
      vertex -21.9651 14.6513 14
      vertex -20 14 14
      vertex -21.7979 14.7979 14
    endloop
  endfacet
  facet normal 0 0 1
    outer loop
      vertex -20 -14 14
      vertex -21.6513 -14.9651 14
      vertex -21.5278 -15.15 14
    endloop
  endfacet
  facet normal -0 0 1
    outer loop
      vertex -22.15 14.5278 14
      vertex -20 14 14
      vertex -21.9651 14.6513 14
    endloop
  endfacet
  facet normal 0 0 1
    outer loop
      vertex -20 -14 14
      vertex -21.7979 -14.7979 14
      vertex -21.6513 -14.9651 14
    endloop
  endfacet
  facet normal -0 0 1
    outer loop
      vertex -22.3494 14.4294 14
      vertex -20 14 14
      vertex -22.15 14.5278 14
    endloop
  endfacet
  facet normal 0 0 1
    outer loop
      vertex -20 -14 14
      vertex -21.9651 -14.6513 14
      vertex -21.7979 -14.7979 14
    endloop
  endfacet
  facet normal -0 0 1
    outer loop
      vertex -22.56 14.3579 14
      vertex -20 14 14
      vertex -22.3494 14.4294 14
    endloop
  endfacet
  facet normal 0 0 1
    outer loop
      vertex -20 -14 14
      vertex -22.15 -14.5278 14
      vertex -21.9651 -14.6513 14
    endloop
  endfacet
  facet normal -0 0 1
    outer loop
      vertex -22.7781 14.3145 14
      vertex -20 14 14
      vertex -22.56 14.3579 14
    endloop
  endfacet
  facet normal 0 0 1
    outer loop
      vertex -20 -14 14
      vertex -22.3494 -14.4294 14
      vertex -22.15 -14.5278 14
    endloop
  endfacet
  facet normal -0 0 1
    outer loop
      vertex -23 14.3 14
      vertex -20 14 14
      vertex -22.7781 14.3145 14
    endloop
  endfacet
  facet normal 0 0 1
    outer loop
      vertex -20 -14 14
      vertex -22.56 -14.3579 14
      vertex -22.3494 -14.4294 14
    endloop
  endfacet
  facet normal 0 0 1
    outer loop
      vertex -20 14 14
      vertex -23 14.3 14
      vertex -20 -14 14
    endloop
  endfacet
  facet normal 0 0 1
    outer loop
      vertex -20 -14 14
      vertex -22.7781 -14.3145 14
      vertex -22.56 -14.3579 14
    endloop
  endfacet
  facet normal 0 0 1
    outer loop
      vertex -23 -14.3 14
      vertex -20 -14 14
      vertex -23 14.3 14
    endloop
  endfacet
  facet normal 0 0 1
    outer loop
      vertex -20 -14 14
      vertex -23 -14.3 14
      vertex -22.7781 -14.3145 14
    endloop
  endfacet
  facet normal 0 0 1
    outer loop
      vertex -23.2219 14.3145 14
      vertex -23 -14.3 14
      vertex -23 14.3 14
    endloop
  endfacet
  facet normal 0 0 1
    outer loop
      vertex -23.2219 14.3145 14
      vertex -23.2219 -14.3145 14
      vertex -23 -14.3 14
    endloop
  endfacet
  facet normal 0 0 1
    outer loop
      vertex -23.44 14.3579 14
      vertex -23.2219 -14.3145 14
      vertex -23.2219 14.3145 14
    endloop
  endfacet
  facet normal 0 0 1
    outer loop
      vertex -23.44 14.3579 14
      vertex -23.44 -14.3579 14
      vertex -23.2219 -14.3145 14
    endloop
  endfacet
  facet normal 0 0 1
    outer loop
      vertex -23.6506 14.4294 14
      vertex -23.44 -14.3579 14
      vertex -23.44 14.3579 14
    endloop
  endfacet
  facet normal 0 0 1
    outer loop
      vertex -23.6506 14.4294 14
      vertex -23.6506 -14.4294 14
      vertex -23.44 -14.3579 14
    endloop
  endfacet
  facet normal 0 0 1
    outer loop
      vertex -23.85 14.5278 14
      vertex -23.6506 -14.4294 14
      vertex -23.6506 14.4294 14
    endloop
  endfacet
  facet normal 0 0 1
    outer loop
      vertex -23.85 14.5278 14
      vertex -23.85 -14.5278 14
      vertex -23.6506 -14.4294 14
    endloop
  endfacet
  facet normal 0 0 1
    outer loop
      vertex -24.0349 14.6513 14
      vertex -23.85 -14.5278 14
      vertex -23.85 14.5278 14
    endloop
  endfacet
  facet normal 0 0 1
    outer loop
      vertex -24.0349 14.6513 14
      vertex -24.0349 -14.6513 14
      vertex -23.85 -14.5278 14
    endloop
  endfacet
  facet normal 0 0 1
    outer loop
      vertex -24.2021 14.7979 14
      vertex -24.0349 -14.6513 14
      vertex -24.0349 14.6513 14
    endloop
  endfacet
  facet normal 0 0 1
    outer loop
      vertex -24.2021 14.7979 14
      vertex -24.2021 -14.7979 14
      vertex -24.0349 -14.6513 14
    endloop
  endfacet
  facet normal 0 0 1
    outer loop
      vertex -24.3487 14.9651 14
      vertex -24.2021 -14.7979 14
      vertex -24.2021 14.7979 14
    endloop
  endfacet
  facet normal 0 0 1
    outer loop
      vertex -24.3487 14.9651 14
      vertex -24.3487 -14.9651 14
      vertex -24.2021 -14.7979 14
    endloop
  endfacet
  facet normal 0 0 1
    outer loop
      vertex -24.4722 15.15 14
      vertex -24.3487 -14.9651 14
      vertex -24.3487 14.9651 14
    endloop
  endfacet
  facet normal 0 0 1
    outer loop
      vertex -24.4722 15.15 14
      vertex -24.4722 -15.15 14
      vertex -24.3487 -14.9651 14
    endloop
  endfacet
  facet normal 0 0 1
    outer loop
      vertex -29 21 14
      vertex -24.4722 15.15 14
      vertex -24.5706 15.3494 14
    endloop
  endfacet
  facet normal 0 0 1
    outer loop
      vertex -24.4722 15.15 14
      vertex -29 21 14
      vertex -24.4722 -15.15 14
    endloop
  endfacet
  facet normal 0 0 1
    outer loop
      vertex -29 21 14
      vertex -24.5706 15.3494 14
      vertex -24.6421 15.56 14
    endloop
  endfacet
  facet normal 0 0 1
    outer loop
      vertex -29 -21 14
      vertex -24.4722 -15.15 14
      vertex -29 21 14
    endloop
  endfacet
  facet normal 0 0 1
    outer loop
      vertex -29 21 14
      vertex -24.6421 15.56 14
      vertex -24.6855 15.7781 14
    endloop
  endfacet
  facet normal 0 0 1
    outer loop
      vertex -24.4722 -15.15 14
      vertex -29 -21 14
      vertex -24.5706 -15.3494 14
    endloop
  endfacet
  facet normal 0 0 1
    outer loop
      vertex -29 21 14
      vertex -24.6855 15.7781 14
      vertex -24.7 16 14
    endloop
  endfacet
  facet normal 0 0 1
    outer loop
      vertex -24.5706 -15.3494 14
      vertex -29 -21 14
      vertex -24.6421 -15.56 14
    endloop
  endfacet
  facet normal 0 0 1
    outer loop
      vertex 24.5706 15.3494 14
      vertex 29 21 14
      vertex 24.6421 15.56 14
    endloop
  endfacet
  facet normal 0 0 1
    outer loop
      vertex 29 -21 14
      vertex 24.6855 -15.7781 14
      vertex 24.7 -16 14
    endloop
  endfacet
  facet normal 0 0 1
    outer loop
      vertex 24.4722 15.15 14
      vertex 29 21 14
      vertex 24.5706 15.3494 14
    endloop
  endfacet
  facet normal 0 0 1
    outer loop
      vertex 29 -21 14
      vertex 24.6421 -15.56 14
      vertex 24.6855 -15.7781 14
    endloop
  endfacet
  facet normal 0 0 1
    outer loop
      vertex 29 21 14
      vertex 24.4722 15.15 14
      vertex 29 -21 14
    endloop
  endfacet
  facet normal 0 0 1
    outer loop
      vertex 29 -21 14
      vertex 24.5706 -15.3494 14
      vertex 24.6421 -15.56 14
    endloop
  endfacet
  facet normal -0 0 1
    outer loop
      vertex 24.4722 -15.15 14
      vertex 29 -21 14
      vertex 24.4722 15.15 14
    endloop
  endfacet
  facet normal 0 0 1
    outer loop
      vertex 29 -21 14
      vertex 24.4722 -15.15 14
      vertex 24.5706 -15.3494 14
    endloop
  endfacet
  facet normal -0 0 1
    outer loop
      vertex 24.3487 14.9651 14
      vertex 24.4722 -15.15 14
      vertex 24.4722 15.15 14
    endloop
  endfacet
  facet normal 0 0 1
    outer loop
      vertex 24.3487 14.9651 14
      vertex 24.3487 -14.9651 14
      vertex 24.4722 -15.15 14
    endloop
  endfacet
  facet normal -0 0 1
    outer loop
      vertex 24.2021 14.7979 14
      vertex 24.3487 -14.9651 14
      vertex 24.3487 14.9651 14
    endloop
  endfacet
  facet normal 0 0 1
    outer loop
      vertex 24.2021 14.7979 14
      vertex 24.2021 -14.7979 14
      vertex 24.3487 -14.9651 14
    endloop
  endfacet
  facet normal -0 0 1
    outer loop
      vertex 24.0349 14.6513 14
      vertex 24.2021 -14.7979 14
      vertex 24.2021 14.7979 14
    endloop
  endfacet
  facet normal 0 0 1
    outer loop
      vertex 24.0349 14.6513 14
      vertex 24.0349 -14.6513 14
      vertex 24.2021 -14.7979 14
    endloop
  endfacet
  facet normal -0 0 1
    outer loop
      vertex 23.85 14.5278 14
      vertex 24.0349 -14.6513 14
      vertex 24.0349 14.6513 14
    endloop
  endfacet
  facet normal 0 0 1
    outer loop
      vertex 23.85 14.5278 14
      vertex 23.85 -14.5278 14
      vertex 24.0349 -14.6513 14
    endloop
  endfacet
  facet normal -0 0 1
    outer loop
      vertex 23.6506 14.4294 14
      vertex 23.85 -14.5278 14
      vertex 23.85 14.5278 14
    endloop
  endfacet
  facet normal 0 0 1
    outer loop
      vertex 23.6506 14.4294 14
      vertex 23.6506 -14.4294 14
      vertex 23.85 -14.5278 14
    endloop
  endfacet
  facet normal -0 0 1
    outer loop
      vertex 23.44 14.3579 14
      vertex 23.6506 -14.4294 14
      vertex 23.6506 14.4294 14
    endloop
  endfacet
  facet normal 0 0 1
    outer loop
      vertex 23.44 14.3579 14
      vertex 23.44 -14.3579 14
      vertex 23.6506 -14.4294 14
    endloop
  endfacet
  facet normal -0 0 1
    outer loop
      vertex 23.2219 14.3145 14
      vertex 23.44 -14.3579 14
      vertex 23.44 14.3579 14
    endloop
  endfacet
  facet normal 0 0 1
    outer loop
      vertex 23.2219 14.3145 14
      vertex 23.2219 -14.3145 14
      vertex 23.44 -14.3579 14
    endloop
  endfacet
  facet normal -0 0 1
    outer loop
      vertex 23 14.3 14
      vertex 23.2219 -14.3145 14
      vertex 23.2219 14.3145 14
    endloop
  endfacet
  facet normal 0 0 1
    outer loop
      vertex 23 14.3 14
      vertex 23 -14.3 14
      vertex 23.2219 -14.3145 14
    endloop
  endfacet
  facet normal 0 0 1
    outer loop
      vertex 20 14 14
      vertex 23 14.3 14
      vertex 22.7781 14.3145 14
    endloop
  endfacet
  facet normal 0 0 1
    outer loop
      vertex 23 14.3 14
      vertex 20 14 14
      vertex 23 -14.3 14
    endloop
  endfacet
  facet normal 0 0 1
    outer loop
      vertex 20 14 14
      vertex 22.7781 14.3145 14
      vertex 22.56 14.3579 14
    endloop
  endfacet
  facet normal -0 0 1
    outer loop
      vertex 20 -14 14
      vertex 23 -14.3 14
      vertex 20 14 14
    endloop
  endfacet
  facet normal 0 0 1
    outer loop
      vertex 20 14 14
      vertex 22.56 14.3579 14
      vertex 22.3494 14.4294 14
    endloop
  endfacet
  facet normal 0 0 1
    outer loop
      vertex 23 -14.3 14
      vertex 20 -14 14
      vertex 22.7781 -14.3145 14
    endloop
  endfacet
  facet normal 0 0 1
    outer loop
      vertex 20 14 14
      vertex 22.3494 14.4294 14
      vertex 22.15 14.5278 14
    endloop
  endfacet
  facet normal 0 0 1
    outer loop
      vertex 22.7781 -14.3145 14
      vertex 20 -14 14
      vertex 22.56 -14.3579 14
    endloop
  endfacet
  facet normal 0 0 1
    outer loop
      vertex 20 14 14
      vertex 22.15 14.5278 14
      vertex 21.9651 14.6513 14
    endloop
  endfacet
  facet normal 0 0 1
    outer loop
      vertex 22.56 -14.3579 14
      vertex 20 -14 14
      vertex 22.3494 -14.4294 14
    endloop
  endfacet
  facet normal 0 0 1
    outer loop
      vertex 20 14 14
      vertex 21.9651 14.6513 14
      vertex 21.7979 14.7979 14
    endloop
  endfacet
  facet normal 0 0 1
    outer loop
      vertex 22.3494 -14.4294 14
      vertex 20 -14 14
      vertex 22.15 -14.5278 14
    endloop
  endfacet
  facet normal 0 0 1
    outer loop
      vertex 20 14 14
      vertex 21.7979 14.7979 14
      vertex 21.6513 14.9651 14
    endloop
  endfacet
  facet normal 0 0 1
    outer loop
      vertex 22.15 -14.5278 14
      vertex 20 -14 14
      vertex 21.9651 -14.6513 14
    endloop
  endfacet
  facet normal 0 0 1
    outer loop
      vertex 20 14 14
      vertex 21.6513 14.9651 14
      vertex 21.5278 15.15 14
    endloop
  endfacet
  facet normal 0 0 1
    outer loop
      vertex 21.9651 -14.6513 14
      vertex 20 -14 14
      vertex 21.7979 -14.7979 14
    endloop
  endfacet
  facet normal 0 0 1
    outer loop
      vertex 20 14 14
      vertex 21.5278 15.15 14
      vertex 21.4294 15.3494 14
    endloop
  endfacet
  facet normal 0 0 1
    outer loop
      vertex 21.7979 -14.7979 14
      vertex 20 -14 14
      vertex 21.6513 -14.9651 14
    endloop
  endfacet
  facet normal 0 0 1
    outer loop
      vertex 20 14 14
      vertex 21.4294 15.3494 14
      vertex 21.3579 15.56 14
    endloop
  endfacet
  facet normal 0 0 1
    outer loop
      vertex 21.6513 -14.9651 14
      vertex 20 -14 14
      vertex 21.5278 -15.15 14
    endloop
  endfacet
  facet normal 0 0 1
    outer loop
      vertex 20 14 14
      vertex 21.3579 15.56 14
      vertex 21.3145 15.7781 14
    endloop
  endfacet
  facet normal 0 0 1
    outer loop
      vertex 21.5278 -15.15 14
      vertex 20 -14 14
      vertex 21.4294 -15.3494 14
    endloop
  endfacet
  facet normal 0 0 1
    outer loop
      vertex 20 14 14
      vertex 21.3145 15.7781 14
      vertex 21.3 16 14
    endloop
  endfacet
  facet normal 0 0 1
    outer loop
      vertex 21.4294 -15.3494 14
      vertex 20 -14 14
      vertex 21.3579 -15.56 14
    endloop
  endfacet
  facet normal 0 0 1
    outer loop
      vertex 24.6855 15.7781 14
      vertex 29 21 14
      vertex 24.7 16 14
    endloop
  endfacet
  facet normal 0 0 1
    outer loop
      vertex 29 21 14
      vertex 24.6855 16.2219 14
      vertex 24.7 16 14
    endloop
  endfacet
  facet normal 0 0 1
    outer loop
      vertex 29 21 14
      vertex 24.6421 16.44 14
      vertex 24.6855 16.2219 14
    endloop
  endfacet
  facet normal 0 0 1
    outer loop
      vertex 29 21 14
      vertex 24.5706 16.6506 14
      vertex 24.6421 16.44 14
    endloop
  endfacet
  facet normal 0 0 1
    outer loop
      vertex 29 21 14
      vertex 24.4722 16.85 14
      vertex 24.5706 16.6506 14
    endloop
  endfacet
  facet normal 0 0 1
    outer loop
      vertex 29 21 14
      vertex 24.3487 17.0349 14
      vertex 24.4722 16.85 14
    endloop
  endfacet
  facet normal 0 0 1
    outer loop
      vertex 29 21 14
      vertex 24.2021 17.2021 14
      vertex 24.3487 17.0349 14
    endloop
  endfacet
  facet normal 0 0 1
    outer loop
      vertex 29 21 14
      vertex 24.0349 17.3487 14
      vertex 24.2021 17.2021 14
    endloop
  endfacet
  facet normal 0 0 1
    outer loop
      vertex 29 21 14
      vertex 23.85 17.4722 14
      vertex 24.0349 17.3487 14
    endloop
  endfacet
  facet normal 0 0 1
    outer loop
      vertex 29 21 14
      vertex 23.6506 17.5706 14
      vertex 23.85 17.4722 14
    endloop
  endfacet
  facet normal 0 0 1
    outer loop
      vertex 29 21 14
      vertex 23.44 17.6421 14
      vertex 23.6506 17.5706 14
    endloop
  endfacet
  facet normal 0 0 1
    outer loop
      vertex 29 21 14
      vertex 23.2219 17.6855 14
      vertex 23.44 17.6421 14
    endloop
  endfacet
  facet normal 0 0 1
    outer loop
      vertex 29 21 14
      vertex 23 17.7 14
      vertex 23.2219 17.6855 14
    endloop
  endfacet
  facet normal 0 0 1
    outer loop
      vertex 29 21 14
      vertex 22.7781 17.6855 14
      vertex 23 17.7 14
    endloop
  endfacet
  facet normal 0 0 1
    outer loop
      vertex 29 21 14
      vertex 22.56 17.6421 14
      vertex 22.7781 17.6855 14
    endloop
  endfacet
  facet normal 0 0 1
    outer loop
      vertex 29 21 14
      vertex 22.3494 17.5706 14
      vertex 22.56 17.6421 14
    endloop
  endfacet
  facet normal 0 0 1
    outer loop
      vertex -22.3494 17.5706 14
      vertex 22.3494 17.5706 14
      vertex 29 21 14
    endloop
  endfacet
  facet normal 0 0 1
    outer loop
      vertex 21.3579 -15.56 14
      vertex 20 -14 14
      vertex 21.3145 -15.7781 14
    endloop
  endfacet
  facet normal 0 0 1
    outer loop
      vertex 21.3145 16.2219 14
      vertex 20 14 14
      vertex 21.3 16 14
    endloop
  endfacet
  facet normal 0 0 1
    outer loop
      vertex 21.3579 16.44 14
      vertex 20 14 14
      vertex 21.3145 16.2219 14
    endloop
  endfacet
  facet normal 0 0 1
    outer loop
      vertex 21.4294 16.6506 14
      vertex 20 14 14
      vertex 21.3579 16.44 14
    endloop
  endfacet
  facet normal 0 0 1
    outer loop
      vertex -21.4294 16.6506 14
      vertex 21.4294 16.6506 14
      vertex 21.5278 16.85 14
    endloop
  endfacet
  facet normal 0 0 1
    outer loop
      vertex 21.4294 16.6506 14
      vertex -20 14 14
      vertex 20 14 14
    endloop
  endfacet
  facet normal 0 0 1
    outer loop
      vertex -21.5278 16.85 14
      vertex 21.5278 16.85 14
      vertex 21.6513 17.0349 14
    endloop
  endfacet
  facet normal 0 0 1
    outer loop
      vertex -21.6513 17.0349 14
      vertex 21.6513 17.0349 14
      vertex 21.7979 17.2021 14
    endloop
  endfacet
  facet normal 0 0 1
    outer loop
      vertex -21.7979 17.2021 14
      vertex 21.7979 17.2021 14
      vertex 21.9651 17.3487 14
    endloop
  endfacet
  facet normal 0 0 1
    outer loop
      vertex -21.9651 17.3487 14
      vertex 21.9651 17.3487 14
      vertex 22.15 17.4722 14
    endloop
  endfacet
  facet normal 0 0 1
    outer loop
      vertex 22.3494 17.5706 14
      vertex -22.3494 17.5706 14
      vertex 22.15 17.4722 14
    endloop
  endfacet
  facet normal -0 0 1
    outer loop
      vertex -21.3145 15.7781 14
      vertex -20 14 14
      vertex -21.3 16 14
    endloop
  endfacet
  facet normal 0 0 1
    outer loop
      vertex 21.4294 16.6506 14
      vertex -21.4294 16.6506 14
      vertex -20 14 14
    endloop
  endfacet
  facet normal 0 0 1
    outer loop
      vertex -20 14 14
      vertex -21.3145 16.2219 14
      vertex -21.3 16 14
    endloop
  endfacet
  facet normal 0 0 1
    outer loop
      vertex -20 14 14
      vertex -21.3579 16.44 14
      vertex -21.3145 16.2219 14
    endloop
  endfacet
  facet normal 0 0 1
    outer loop
      vertex -20 14 14
      vertex -21.4294 16.6506 14
      vertex -21.3579 16.44 14
    endloop
  endfacet
  facet normal 0 0 1
    outer loop
      vertex 21.5278 16.85 14
      vertex -21.5278 16.85 14
      vertex -21.4294 16.6506 14
    endloop
  endfacet
  facet normal 0 0 1
    outer loop
      vertex 21.6513 17.0349 14
      vertex -21.6513 17.0349 14
      vertex -21.5278 16.85 14
    endloop
  endfacet
  facet normal 0 0 1
    outer loop
      vertex 21.7979 17.2021 14
      vertex -21.7979 17.2021 14
      vertex -21.6513 17.0349 14
    endloop
  endfacet
  facet normal 0 0 1
    outer loop
      vertex 21.9651 17.3487 14
      vertex -21.9651 17.3487 14
      vertex -21.7979 17.2021 14
    endloop
  endfacet
  facet normal 0 0 1
    outer loop
      vertex 22.15 17.4722 14
      vertex -22.15 17.4722 14
      vertex -21.9651 17.3487 14
    endloop
  endfacet
  facet normal 0 0 1
    outer loop
      vertex 22.15 17.4722 14
      vertex -22.3494 17.5706 14
      vertex -22.15 17.4722 14
    endloop
  endfacet
  facet normal -0 0 1
    outer loop
      vertex -29 21 14
      vertex -22.3494 17.5706 14
      vertex 29 21 14
    endloop
  endfacet
  facet normal 0 0 1
    outer loop
      vertex -22.3494 17.5706 14
      vertex -29 21 14
      vertex -22.56 17.6421 14
    endloop
  endfacet
  facet normal 0 0 1
    outer loop
      vertex -22.56 17.6421 14
      vertex -29 21 14
      vertex -22.7781 17.6855 14
    endloop
  endfacet
  facet normal 0 0 1
    outer loop
      vertex -24.6421 -15.56 14
      vertex -29 -21 14
      vertex -24.6855 -15.7781 14
    endloop
  endfacet
  facet normal 0 0 1
    outer loop
      vertex -24.6855 16.2219 14
      vertex -29 21 14
      vertex -24.7 16 14
    endloop
  endfacet
  facet normal 0 0 1
    outer loop
      vertex -24.6421 16.44 14
      vertex -29 21 14
      vertex -24.6855 16.2219 14
    endloop
  endfacet
  facet normal 0 0 1
    outer loop
      vertex -24.5706 16.6506 14
      vertex -29 21 14
      vertex -24.6421 16.44 14
    endloop
  endfacet
  facet normal 0 0 1
    outer loop
      vertex -24.4722 16.85 14
      vertex -29 21 14
      vertex -24.5706 16.6506 14
    endloop
  endfacet
  facet normal 0 0 1
    outer loop
      vertex -24.3487 17.0349 14
      vertex -29 21 14
      vertex -24.4722 16.85 14
    endloop
  endfacet
  facet normal 0 0 1
    outer loop
      vertex -24.2021 17.2021 14
      vertex -29 21 14
      vertex -24.3487 17.0349 14
    endloop
  endfacet
  facet normal 0 0 1
    outer loop
      vertex -24.0349 17.3487 14
      vertex -29 21 14
      vertex -24.2021 17.2021 14
    endloop
  endfacet
  facet normal 0 0 1
    outer loop
      vertex -23.85 17.4722 14
      vertex -29 21 14
      vertex -24.0349 17.3487 14
    endloop
  endfacet
  facet normal 0 0 1
    outer loop
      vertex -23.6506 17.5706 14
      vertex -29 21 14
      vertex -23.85 17.4722 14
    endloop
  endfacet
  facet normal 0 0 1
    outer loop
      vertex -23.44 17.6421 14
      vertex -29 21 14
      vertex -23.6506 17.5706 14
    endloop
  endfacet
  facet normal 0 0 1
    outer loop
      vertex -23.2219 17.6855 14
      vertex -29 21 14
      vertex -23.44 17.6421 14
    endloop
  endfacet
  facet normal 0 0 1
    outer loop
      vertex -23 17.7 14
      vertex -29 21 14
      vertex -23.2219 17.6855 14
    endloop
  endfacet
  facet normal 0 0 1
    outer loop
      vertex -22.7781 17.6855 14
      vertex -29 21 14
      vertex -23 17.7 14
    endloop
  endfacet
  facet normal 0 0 1
    outer loop
      vertex 24.6421 15.56 14
      vertex 29 21 14
      vertex 24.6855 15.7781 14
    endloop
  endfacet
  facet normal -0 0 1
    outer loop
      vertex 24.6855 -16.2219 14
      vertex 29 -21 14
      vertex 24.7 -16 14
    endloop
  endfacet
  facet normal -0 0 1
    outer loop
      vertex 24.6421 -16.44 14
      vertex 29 -21 14
      vertex 24.6855 -16.2219 14
    endloop
  endfacet
  facet normal -0 0 1
    outer loop
      vertex 24.5706 -16.6506 14
      vertex 29 -21 14
      vertex 24.6421 -16.44 14
    endloop
  endfacet
  facet normal -0 0 1
    outer loop
      vertex 24.4722 -16.85 14
      vertex 29 -21 14
      vertex 24.5706 -16.6506 14
    endloop
  endfacet
  facet normal -0 0 1
    outer loop
      vertex 24.3487 -17.0349 14
      vertex 29 -21 14
      vertex 24.4722 -16.85 14
    endloop
  endfacet
  facet normal -0 0 1
    outer loop
      vertex 24.2021 -17.2021 14
      vertex 29 -21 14
      vertex 24.3487 -17.0349 14
    endloop
  endfacet
  facet normal -0 0 1
    outer loop
      vertex 24.0349 -17.3487 14
      vertex 29 -21 14
      vertex 24.2021 -17.2021 14
    endloop
  endfacet
  facet normal -0 0 1
    outer loop
      vertex 23.85 -17.4722 14
      vertex 29 -21 14
      vertex 24.0349 -17.3487 14
    endloop
  endfacet
  facet normal -0 0 1
    outer loop
      vertex 23.6506 -17.5706 14
      vertex 29 -21 14
      vertex 23.85 -17.4722 14
    endloop
  endfacet
  facet normal -0 0 1
    outer loop
      vertex 23.44 -17.6421 14
      vertex 29 -21 14
      vertex 23.6506 -17.5706 14
    endloop
  endfacet
  facet normal -0 0 1
    outer loop
      vertex 23.2219 -17.6855 14
      vertex 29 -21 14
      vertex 23.44 -17.6421 14
    endloop
  endfacet
  facet normal -0 0 1
    outer loop
      vertex 23 -17.7 14
      vertex 29 -21 14
      vertex 23.2219 -17.6855 14
    endloop
  endfacet
  facet normal 0 0 1
    outer loop
      vertex 22.7781 -17.6855 14
      vertex 29 -21 14
      vertex 23 -17.7 14
    endloop
  endfacet
  facet normal 0 0 1
    outer loop
      vertex 22.56 -17.6421 14
      vertex 29 -21 14
      vertex 22.7781 -17.6855 14
    endloop
  endfacet
  facet normal 0 0 1
    outer loop
      vertex 22.3494 -17.5706 14
      vertex 29 -21 14
      vertex 22.56 -17.6421 14
    endloop
  endfacet
  facet normal 0 0 1
    outer loop
      vertex -22.3494 -17.5706 14
      vertex 22.3494 -17.5706 14
      vertex 22.15 -17.4722 14
    endloop
  endfacet
  facet normal 0 0 1
    outer loop
      vertex 21.3145 -15.7781 14
      vertex 20 -14 14
      vertex 21.3 -16 14
    endloop
  endfacet
  facet normal 0 0 1
    outer loop
      vertex 20 -14 14
      vertex 21.3145 -16.2219 14
      vertex 21.3 -16 14
    endloop
  endfacet
  facet normal 0 0 1
    outer loop
      vertex 20 -14 14
      vertex 21.3579 -16.44 14
      vertex 21.3145 -16.2219 14
    endloop
  endfacet
  facet normal 0 0 1
    outer loop
      vertex 20 -14 14
      vertex 21.4294 -16.6506 14
      vertex 21.3579 -16.44 14
    endloop
  endfacet
  facet normal -0 0 1
    outer loop
      vertex -20 -14 14
      vertex 21.4294 -16.6506 14
      vertex 20 -14 14
    endloop
  endfacet
  facet normal 0 0 1
    outer loop
      vertex -21.4294 -16.6506 14
      vertex 21.4294 -16.6506 14
      vertex -20 -14 14
    endloop
  endfacet
  facet normal 0 0 1
    outer loop
      vertex 21.4294 -16.6506 14
      vertex -21.4294 -16.6506 14
      vertex 21.5278 -16.85 14
    endloop
  endfacet
  facet normal 0 0 1
    outer loop
      vertex -21.5278 -16.85 14
      vertex 21.5278 -16.85 14
      vertex -21.4294 -16.6506 14
    endloop
  endfacet
  facet normal 0 0 1
    outer loop
      vertex 21.5278 -16.85 14
      vertex -21.5278 -16.85 14
      vertex 21.6513 -17.0349 14
    endloop
  endfacet
  facet normal 0 0 1
    outer loop
      vertex -21.6513 -17.0349 14
      vertex 21.6513 -17.0349 14
      vertex -21.5278 -16.85 14
    endloop
  endfacet
  facet normal 0 0 1
    outer loop
      vertex 21.6513 -17.0349 14
      vertex -21.6513 -17.0349 14
      vertex 21.7979 -17.2021 14
    endloop
  endfacet
  facet normal -0 0 1
    outer loop
      vertex -21.3579 15.56 14
      vertex -20 14 14
      vertex -21.3145 15.7781 14
    endloop
  endfacet
  facet normal 0 0 1
    outer loop
      vertex -21.3145 -16.2219 14
      vertex -20 -14 14
      vertex -21.3 -16 14
    endloop
  endfacet
  facet normal 0 0 1
    outer loop
      vertex -21.3579 -16.44 14
      vertex -20 -14 14
      vertex -21.3145 -16.2219 14
    endloop
  endfacet
  facet normal 0 0 1
    outer loop
      vertex -21.4294 -16.6506 14
      vertex -20 -14 14
      vertex -21.3579 -16.44 14
    endloop
  endfacet
  facet normal 0 0 1
    outer loop
      vertex -21.7979 -17.2021 14
      vertex 21.7979 -17.2021 14
      vertex -21.6513 -17.0349 14
    endloop
  endfacet
  facet normal 0 0 1
    outer loop
      vertex 21.7979 -17.2021 14
      vertex -21.7979 -17.2021 14
      vertex 21.9651 -17.3487 14
    endloop
  endfacet
  facet normal 0 0 1
    outer loop
      vertex -21.9651 -17.3487 14
      vertex 21.9651 -17.3487 14
      vertex -21.7979 -17.2021 14
    endloop
  endfacet
  facet normal 0 0 1
    outer loop
      vertex 21.9651 -17.3487 14
      vertex -21.9651 -17.3487 14
      vertex 22.15 -17.4722 14
    endloop
  endfacet
  facet normal 0 0 1
    outer loop
      vertex -22.15 -17.4722 14
      vertex 22.15 -17.4722 14
      vertex -21.9651 -17.3487 14
    endloop
  endfacet
  facet normal 0 0 1
    outer loop
      vertex -22.3494 -17.5706 14
      vertex 22.15 -17.4722 14
      vertex -22.15 -17.4722 14
    endloop
  endfacet
  facet normal 0 0 1
    outer loop
      vertex 22.3494 -17.5706 14
      vertex -22.3494 -17.5706 14
      vertex 29 -21 14
    endloop
  endfacet
  facet normal 0 0 1
    outer loop
      vertex -29 -21 14
      vertex -22.3494 -17.5706 14
      vertex -22.56 -17.6421 14
    endloop
  endfacet
  facet normal 0 0 1
    outer loop
      vertex -29 -21 14
      vertex -22.56 -17.6421 14
      vertex -22.7781 -17.6855 14
    endloop
  endfacet
  facet normal 0 0 1
    outer loop
      vertex -29 -21 14
      vertex -22.7781 -17.6855 14
      vertex -23 -17.7 14
    endloop
  endfacet
  facet normal 0 0 1
    outer loop
      vertex -24.6855 -15.7781 14
      vertex -29 -21 14
      vertex -24.7 -16 14
    endloop
  endfacet
  facet normal 0 0 1
    outer loop
      vertex -22.3494 -17.5706 14
      vertex -29 -21 14
      vertex 29 -21 14
    endloop
  endfacet
  facet normal 0 0 1
    outer loop
      vertex -23.2219 -17.6855 14
      vertex -29 -21 14
      vertex -23 -17.7 14
    endloop
  endfacet
  facet normal 0 0 1
    outer loop
      vertex -23.44 -17.6421 14
      vertex -29 -21 14
      vertex -23.2219 -17.6855 14
    endloop
  endfacet
  facet normal 0 0 1
    outer loop
      vertex -23.6506 -17.5706 14
      vertex -29 -21 14
      vertex -23.44 -17.6421 14
    endloop
  endfacet
  facet normal 0 0 1
    outer loop
      vertex -23.85 -17.4722 14
      vertex -29 -21 14
      vertex -23.6506 -17.5706 14
    endloop
  endfacet
  facet normal 0 0 1
    outer loop
      vertex -24.0349 -17.3487 14
      vertex -29 -21 14
      vertex -23.85 -17.4722 14
    endloop
  endfacet
  facet normal 0 0 1
    outer loop
      vertex -24.2021 -17.2021 14
      vertex -29 -21 14
      vertex -24.0349 -17.3487 14
    endloop
  endfacet
  facet normal 0 0 1
    outer loop
      vertex -24.3487 -17.0349 14
      vertex -29 -21 14
      vertex -24.2021 -17.2021 14
    endloop
  endfacet
  facet normal 0 0 1
    outer loop
      vertex -24.4722 -16.85 14
      vertex -29 -21 14
      vertex -24.3487 -17.0349 14
    endloop
  endfacet
  facet normal 0 0 1
    outer loop
      vertex -24.5706 -16.6506 14
      vertex -29 -21 14
      vertex -24.4722 -16.85 14
    endloop
  endfacet
  facet normal 0 0 1
    outer loop
      vertex -24.6421 -16.44 14
      vertex -29 -21 14
      vertex -24.5706 -16.6506 14
    endloop
  endfacet
  facet normal 0 0 1
    outer loop
      vertex -24.6855 -16.2219 14
      vertex -29 -21 14
      vertex -24.6421 -16.44 14
    endloop
  endfacet
  facet normal 0 0 1
    outer loop
      vertex -24.7 -16 14
      vertex -29 -21 14
      vertex -24.6855 -16.2219 14
    endloop
  endfacet
  facet normal 0 0 -1
    outer loop
      vertex -23 -12.7091 0
      vertex -20.15 14.3546 0
      vertex -20.15 -14.3546 0
    endloop
  endfacet
  facet normal 0 0 -1
    outer loop
      vertex -23 -12.7091 0
      vertex -23 12.7091 0
      vertex -20.15 14.3546 0
    endloop
  endfacet
  facet normal 0 0 -1
    outer loop
      vertex -25.85 -14.3546 0
      vertex -23 12.7091 0
      vertex -23 -12.7091 0
    endloop
  endfacet
  facet normal -0 0 -1
    outer loop
      vertex -23 12.7091 0
      vertex -25.85 -14.3546 0
      vertex -25.85 14.3546 0
    endloop
  endfacet
  facet normal 0 0 -1
    outer loop
      vertex 23 -12.7091 0
      vertex 25.85 14.3546 0
      vertex 25.85 -14.3546 0
    endloop
  endfacet
  facet normal 0 0 -1
    outer loop
      vertex 23 -12.7091 0
      vertex 23 12.7091 0
      vertex 25.85 14.3546 0
    endloop
  endfacet
  facet normal 0 0 -1
    outer loop
      vertex 20.15 -14.3546 0
      vertex 23 12.7091 0
      vertex 23 -12.7091 0
    endloop
  endfacet
  facet normal -0 0 -1
    outer loop
      vertex 23 12.7091 0
      vertex 20.15 -14.3546 0
      vertex 20.15 14.3546 0
    endloop
  endfacet
  facet normal 0 0 -1
    outer loop
      vertex 25.85 -14.3546 0
      vertex 29 -21 0
      vertex 25.85 -17.6454 0
    endloop
  endfacet
  facet normal 0 0 -1
    outer loop
      vertex 29 -21 0
      vertex 23 -19.2909 0
      vertex 25.85 -17.6454 0
    endloop
  endfacet
  facet normal 0 0 -1
    outer loop
      vertex -20.15 -14.3546 0
      vertex 20.15 -14.3546 0
      vertex 20.15 -17.6454 0
    endloop
  endfacet
  facet normal 0 0 -1
    outer loop
      vertex 20.15 -14.3546 0
      vertex -20.15 -14.3546 0
      vertex 20.15 14.3546 0
    endloop
  endfacet
  facet normal 0 0 -1
    outer loop
      vertex -20.15 -14.3546 0
      vertex 20.15 -17.6454 0
      vertex -20.15 -17.6454 0
    endloop
  endfacet
  facet normal 0 0 -1
    outer loop
      vertex 23 -19.2909 0
      vertex -20.15 -17.6454 0
      vertex 20.15 -17.6454 0
    endloop
  endfacet
  facet normal 0 0 -1
    outer loop
      vertex -23 -19.2909 0
      vertex 23 -19.2909 0
      vertex 29 -21 0
    endloop
  endfacet
  facet normal 0 0 -1
    outer loop
      vertex 23 -19.2909 0
      vertex -23 -19.2909 0
      vertex -20.15 -17.6454 0
    endloop
  endfacet
  facet normal 0 0 -1
    outer loop
      vertex -29 -21 0
      vertex -25.85 -14.3546 0
      vertex -25.85 -17.6454 0
    endloop
  endfacet
  facet normal -0 0 -1
    outer loop
      vertex -25.85 -14.3546 0
      vertex -29 -21 0
      vertex -25.85 14.3546 0
    endloop
  endfacet
  facet normal 0 0 -1
    outer loop
      vertex -29 21 0
      vertex -25.85 14.3546 0
      vertex -29 -21 0
    endloop
  endfacet
  facet normal -0 0 -1
    outer loop
      vertex -23 -19.2909 0
      vertex -29 -21 0
      vertex -25.85 -17.6454 0
    endloop
  endfacet
  facet normal 0 0 -1
    outer loop
      vertex -29 -21 0
      vertex -23 -19.2909 0
      vertex 29 -21 0
    endloop
  endfacet
  facet normal 0 0 -1
    outer loop
      vertex 29 -21 0
      vertex 25.85 -14.3546 0
      vertex 29 21 0
    endloop
  endfacet
  facet normal 0 0 -1
    outer loop
      vertex 25.85 14.3546 0
      vertex 29 21 0
      vertex 25.85 -14.3546 0
    endloop
  endfacet
  facet normal 0 0 -1
    outer loop
      vertex 25.85 17.6454 0
      vertex 29 21 0
      vertex 25.85 14.3546 0
    endloop
  endfacet
  facet normal 0 0 -1
    outer loop
      vertex 23 19.2909 0
      vertex 29 21 0
      vertex 25.85 17.6454 0
    endloop
  endfacet
  facet normal 0 0 -1
    outer loop
      vertex -20.15 14.3546 0
      vertex 20.15 14.3546 0
      vertex -20.15 -14.3546 0
    endloop
  endfacet
  facet normal 0 0 -1
    outer loop
      vertex 20.15 14.3546 0
      vertex -20.15 14.3546 0
      vertex 20.15 17.6454 0
    endloop
  endfacet
  facet normal 0 0 -1
    outer loop
      vertex -20.15 17.6454 0
      vertex 20.15 17.6454 0
      vertex -20.15 14.3546 0
    endloop
  endfacet
  facet normal 0 0 -1
    outer loop
      vertex 20.15 17.6454 0
      vertex -20.15 17.6454 0
      vertex 23 19.2909 0
    endloop
  endfacet
  facet normal 0 0 -1
    outer loop
      vertex -23 19.2909 0
      vertex 23 19.2909 0
      vertex -20.15 17.6454 0
    endloop
  endfacet
  facet normal 0 0 -1
    outer loop
      vertex 23 19.2909 0
      vertex -23 19.2909 0
      vertex 29 21 0
    endloop
  endfacet
  facet normal 0 0 -1
    outer loop
      vertex -23 19.2909 0
      vertex -29 21 0
      vertex 29 21 0
    endloop
  endfacet
  facet normal 0 0 -1
    outer loop
      vertex -25.85 17.6454 0
      vertex -29 21 0
      vertex -23 19.2909 0
    endloop
  endfacet
  facet normal 0 0 -1
    outer loop
      vertex -25.85 14.3546 0
      vertex -29 21 0
      vertex -25.85 17.6454 0
    endloop
  endfacet
  facet normal -1 0 0
    outer loop
      vertex -29 -21 0
      vertex -29 21 14
      vertex -29 21 0
    endloop
  endfacet
  facet normal -1 -0 0
    outer loop
      vertex -29 21 14
      vertex -29 -21 0
      vertex -29 -21 14
    endloop
  endfacet
  facet normal 0 1 -0
    outer loop
      vertex 29 21 0
      vertex -29 21 14
      vertex 29 21 14
    endloop
  endfacet
  facet normal 0 1 0
    outer loop
      vertex -29 21 14
      vertex 29 21 0
      vertex -29 21 0
    endloop
  endfacet
  facet normal 0 -1 0
    outer loop
      vertex -29 -21 0
      vertex 29 -21 14
      vertex -29 -21 14
    endloop
  endfacet
  facet normal 0 -1 -0
    outer loop
      vertex 29 -21 14
      vertex -29 -21 0
      vertex 29 -21 0
    endloop
  endfacet
  facet normal 1 -0 0
    outer loop
      vertex -20 -14 14
      vertex -20 14 6
      vertex -20 14 14
    endloop
  endfacet
  facet normal 1 0 0
    outer loop
      vertex -20 14 6
      vertex -20 -14 14
      vertex -20 -14 2
    endloop
  endfacet
  facet normal -1 0 0
    outer loop
      vertex 20 -14 14
      vertex 20 14 6
      vertex 20 -14 2
    endloop
  endfacet
  facet normal -1 0 0
    outer loop
      vertex 20 14 6
      vertex 20 -14 14
      vertex 20 14 14
    endloop
  endfacet
  facet normal 0 -1 0
    outer loop
      vertex -20 14 6
      vertex 20 14 14
      vertex -20 14 14
    endloop
  endfacet
  facet normal 0 -1 -0
    outer loop
      vertex 20 14 14
      vertex -20 14 6
      vertex 20 14 6
    endloop
  endfacet
  facet normal 0 1 -0
    outer loop
      vertex 20 -14 2
      vertex -20 -14 14
      vertex 20 -14 14
    endloop
  endfacet
  facet normal 0 1 0
    outer loop
      vertex -20 -14 14
      vertex 20 -14 2
      vertex -20 -14 2
    endloop
  endfacet
  facet normal -1.20873e-07 -0.141421 0.989949
    outer loop
      vertex 20 14 6
      vertex 8.3 3 4.42857
      vertex 20 -14 2
    endloop
  endfacet
  facet normal 0 -0.141421 0.989949
    outer loop
      vertex 20 14 6
      vertex 3.8 3 4.42857
      vertex 8.3 3 4.42857
    endloop
  endfacet
  facet normal 0 -0.141421 0.98995
    outer loop
      vertex 3.8 3 4.42857
      vertex -3.8 3 4.42857
      vertex 3.8 -3 3.57143
    endloop
  endfacet
  facet normal 0 -0.141421 0.989949
    outer loop
      vertex 20 14 6
      vertex -3.8 3 4.42857
      vertex 3.8 3 4.42857
    endloop
  endfacet
  facet normal 0 -0.141421 0.989949
    outer loop
      vertex -20 14 6
      vertex -3.8 3 4.42857
      vertex 20 14 6
    endloop
  endfacet
  facet normal 5.64074e-07 -0.141421 0.98995
    outer loop
      vertex -8.3 3 4.42857
      vertex -20 14 6
      vertex -8.3 -3 3.57143
    endloop
  endfacet
  facet normal 0 -0.141421 0.989949
    outer loop
      vertex -3.8 3 4.42857
      vertex -20 14 6
      vertex -8.3 3 4.42857
    endloop
  endfacet
  facet normal 5.64074e-07 -0.141421 0.98995
    outer loop
      vertex 8.3 -3 3.57143
      vertex 20 -14 2
      vertex 8.3 3 4.42857
    endloop
  endfacet
  facet normal 0 -0.141421 0.989949
    outer loop
      vertex 3.8 -3 3.57143
      vertex 20 -14 2
      vertex 8.3 -3 3.57143
    endloop
  endfacet
  facet normal 0 -0.141421 0.98995
    outer loop
      vertex -3.8 -3 3.57143
      vertex 3.8 -3 3.57143
      vertex -3.8 3 4.42857
    endloop
  endfacet
  facet normal 0 -0.141421 0.989949
    outer loop
      vertex -3.8 -3 3.57143
      vertex 20 -14 2
      vertex 3.8 -3 3.57143
    endloop
  endfacet
  facet normal 0 -0.141421 0.989949
    outer loop
      vertex -20 -14 2
      vertex -3.8 -3 3.57143
      vertex -8.3 -3 3.57143
    endloop
  endfacet
  facet normal 0 -0.141421 0.989949
    outer loop
      vertex -3.8 -3 3.57143
      vertex -20 -14 2
      vertex 20 -14 2
    endloop
  endfacet
  facet normal -1.20873e-07 -0.141421 0.989949
    outer loop
      vertex -20 -14 2
      vertex -8.3 -3 3.57143
      vertex -20 14 6
    endloop
  endfacet
  facet normal 1 0 0
    outer loop
      vertex -3.8 2.97433 16.3916
      vertex -3.8 1.98289 16.2611
      vertex -3.8 2 16
    endloop
  endfacet
  facet normal 1 0 0
    outer loop
      vertex -3.8 2.38006 17.8263
      vertex -3.8 1.93185 16.5176
      vertex -3.8 1.98289 16.2611
    endloop
  endfacet
  facet normal 1 0 0
    outer loop
      vertex -3.8 2.38006 17.8263
      vertex -3.8 1.84776 16.7654
      vertex -3.8 1.93185 16.5176
    endloop
  endfacet
  facet normal 1 0 0
    outer loop
      vertex -3.8 1.41421 17.4142
      vertex -3.8 2.12132 18.1213
      vertex -3.8 1.82628 18.3801
    endloop
  endfacet
  facet normal 1 0 0
    outer loop
      vertex -3.8 2.38006 17.8263
      vertex -3.8 1.73205 17
      vertex -3.8 1.84776 16.7654
    endloop
  endfacet
  facet normal 1 0 0
    outer loop
      vertex -3.8 2.38006 17.8263
      vertex -3.8 1.58671 17.2175
      vertex -3.8 1.73205 17
    endloop
  endfacet
  facet normal 1 0 0
    outer loop
      vertex -3.8 1.21752 17.5867
      vertex -3.8 1.82628 18.3801
      vertex -3.8 1.5 18.5981
    endloop
  endfacet
  facet normal 1 0 0
    outer loop
      vertex -3.8 2.12132 18.1213
      vertex -3.8 1.41421 17.4142
      vertex -3.8 1.58671 17.2175
    endloop
  endfacet
  facet normal 1 0 0
    outer loop
      vertex -3.8 1.82628 18.3801
      vertex -3.8 1.21752 17.5867
      vertex -3.8 1.41421 17.4142
    endloop
  endfacet
  facet normal 1 0 0
    outer loop
      vertex -3.8 1 17.732
      vertex -3.8 1.5 18.5981
      vertex -3.8 1.14805 18.7716
    endloop
  endfacet
  facet normal 1 0 0
    outer loop
      vertex -3.8 1.5 18.5981
      vertex -3.8 1 17.732
      vertex -3.8 1.21752 17.5867
    endloop
  endfacet
  facet normal 1 0 0
    outer loop
      vertex -3.8 0.765367 17.8478
      vertex -3.8 1.14805 18.7716
      vertex -3.8 0.776457 18.8978
    endloop
  endfacet
  facet normal 1 0 0
    outer loop
      vertex -3.8 1.14805 18.7716
      vertex -3.8 0.765367 17.8478
      vertex -3.8 1 17.732
    endloop
  endfacet
  facet normal 1 0 0
    outer loop
      vertex -3.8 0.776457 18.8978
      vertex -3.8 0.517637 17.9319
      vertex -3.8 0.765367 17.8478
    endloop
  endfacet
  facet normal 1 0 0
    outer loop
      vertex -3.8 0.391578 18.9743
      vertex -3.8 0.517637 17.9319
      vertex -3.8 0.776457 18.8978
    endloop
  endfacet
  facet normal 1 0 0
    outer loop
      vertex -3.8 0.391578 18.9743
      vertex -3.8 0.261052 17.9829
      vertex -3.8 0.517637 17.9319
    endloop
  endfacet
  facet normal 1 0 0
    outer loop
      vertex -3.8 0 19
      vertex -3.8 0.261052 17.9829
      vertex -3.8 0.391578 18.9743
    endloop
  endfacet
  facet normal 1 0 0
    outer loop
      vertex -3.8 0 19
      vertex -3.8 0 18
      vertex -3.8 0.261052 17.9829
    endloop
  endfacet
  facet normal 1 0 0
    outer loop
      vertex -3.8 0 19
      vertex -3.8 -0.261052 17.9829
      vertex -3.8 0 18
    endloop
  endfacet
  facet normal 1 -0 0
    outer loop
      vertex -3.8 -0.391578 18.9743
      vertex -3.8 -0.261052 17.9829
      vertex -3.8 0 19
    endloop
  endfacet
  facet normal 1 0 0
    outer loop
      vertex -3.8 -0.391578 18.9743
      vertex -3.8 -0.517637 17.9319
      vertex -3.8 -0.261052 17.9829
    endloop
  endfacet
  facet normal 1 -0 0
    outer loop
      vertex -3.8 -0.776457 18.8978
      vertex -3.8 -0.517637 17.9319
      vertex -3.8 -0.391578 18.9743
    endloop
  endfacet
  facet normal 1 0 0
    outer loop
      vertex -3.8 -0.517637 17.9319
      vertex -3.8 -0.776457 18.8978
      vertex -3.8 -0.765367 17.8478
    endloop
  endfacet
  facet normal 1 -0 0
    outer loop
      vertex -3.8 -1.14805 18.7716
      vertex -3.8 -0.765367 17.8478
      vertex -3.8 -0.776457 18.8978
    endloop
  endfacet
  facet normal 1 0 0
    outer loop
      vertex -3.8 -0.765367 17.8478
      vertex -3.8 -1.14805 18.7716
      vertex -3.8 -1 17.732
    endloop
  endfacet
  facet normal 1 -0 0
    outer loop
      vertex -3.8 -1.5 18.5981
      vertex -3.8 -1 17.732
      vertex -3.8 -1.14805 18.7716
    endloop
  endfacet
  facet normal 1 0 0
    outer loop
      vertex -3.8 -1 17.732
      vertex -3.8 -1.5 18.5981
      vertex -3.8 -1.21752 17.5867
    endloop
  endfacet
  facet normal 1 -0 0
    outer loop
      vertex -3.8 -1.82628 18.3801
      vertex -3.8 -1.21752 17.5867
      vertex -3.8 -1.5 18.5981
    endloop
  endfacet
  facet normal 1 0 0
    outer loop
      vertex -3.8 -1.21752 17.5867
      vertex -3.8 -1.82628 18.3801
      vertex -3.8 -1.41421 17.4142
    endloop
  endfacet
  facet normal 1 -0 0
    outer loop
      vertex -3.8 -2.12132 18.1213
      vertex -3.8 -1.41421 17.4142
      vertex -3.8 -1.82628 18.3801
    endloop
  endfacet
  facet normal 1 0 0
    outer loop
      vertex -3.8 -1.41421 17.4142
      vertex -3.8 -2.12132 18.1213
      vertex -3.8 -1.58671 17.2175
    endloop
  endfacet
  facet normal 1 -0 0
    outer loop
      vertex -3.8 -2.38006 17.8263
      vertex -3.8 -1.58671 17.2175
      vertex -3.8 -2.12132 18.1213
    endloop
  endfacet
  facet normal 1 0 0
    outer loop
      vertex -3.8 -1.58671 17.2175
      vertex -3.8 -2.38006 17.8263
      vertex -3.8 -1.73205 17
    endloop
  endfacet
  facet normal 1 -0 0
    outer loop
      vertex -3.8 -2.59808 17.5
      vertex -3.8 -1.73205 17
      vertex -3.8 -2.38006 17.8263
    endloop
  endfacet
  facet normal 1 -0 0
    outer loop
      vertex -3.8 -2.77164 17.148
      vertex -3.8 -1.84776 16.7654
      vertex -3.8 -2.59808 17.5
    endloop
  endfacet
  facet normal 1 0 0
    outer loop
      vertex -3.8 -1.73205 17
      vertex -3.8 -2.59808 17.5
      vertex -3.8 -1.84776 16.7654
    endloop
  endfacet
  facet normal 1 0 0
    outer loop
      vertex -3.8 2 16
      vertex -3.8 3 16
      vertex -3.8 2.97433 16.3916
    endloop
  endfacet
  facet normal 1 0 0
    outer loop
      vertex -3.8 1.98289 16.2611
      vertex -3.8 2.97433 16.3916
      vertex -3.8 2.89778 16.7765
    endloop
  endfacet
  facet normal 1 0 0
    outer loop
      vertex -3.8 1.98289 16.2611
      vertex -3.8 2.89778 16.7765
      vertex -3.8 2.77164 17.148
    endloop
  endfacet
  facet normal 1 0 0
    outer loop
      vertex -3.8 1.98289 16.2611
      vertex -3.8 2.77164 17.148
      vertex -3.8 2.59808 17.5
    endloop
  endfacet
  facet normal 1 0 0
    outer loop
      vertex -3.8 1.98289 16.2611
      vertex -3.8 2.59808 17.5
      vertex -3.8 2.38006 17.8263
    endloop
  endfacet
  facet normal 1 0 0
    outer loop
      vertex -3.8 1.58671 17.2175
      vertex -3.8 2.38006 17.8263
      vertex -3.8 2.12132 18.1213
    endloop
  endfacet
  facet normal 1 0 0
    outer loop
      vertex -3.8 3 16
      vertex -3.8 2 16
      vertex -3.8 1.98289 15.7389
    endloop
  endfacet
  facet normal 1 0 0
    outer loop
      vertex -3.8 3 16
      vertex -3.8 1.98289 15.7389
      vertex -3.8 1.93185 15.4824
    endloop
  endfacet
  facet normal 1 0 0
    outer loop
      vertex -3.8 3 16
      vertex -3.8 1.93185 15.4824
      vertex -3.8 1.84776 15.2346
    endloop
  endfacet
  facet normal 1 0 0
    outer loop
      vertex -3.8 3 16
      vertex -3.8 1.84776 15.2346
      vertex -3.8 1.73205 15
    endloop
  endfacet
  facet normal 1 0 0
    outer loop
      vertex -3.8 1.58671 14.7825
      vertex -3.8 3 16
      vertex -3.8 1.73205 15
    endloop
  endfacet
  facet normal 1 0 0
    outer loop
      vertex -3.8 3 16
      vertex -3.8 1.58671 14.7825
      vertex -3.8 3 4.42857
    endloop
  endfacet
  facet normal 1 -0 0
    outer loop
      vertex -3.8 1.41421 14.5858
      vertex -3.8 3 4.42857
      vertex -3.8 1.58671 14.7825
    endloop
  endfacet
  facet normal 1 -0 0
    outer loop
      vertex -3.8 1.21752 14.4133
      vertex -3.8 3 4.42857
      vertex -3.8 1.41421 14.5858
    endloop
  endfacet
  facet normal 1 -0 0
    outer loop
      vertex -3.8 1 14.2679
      vertex -3.8 3 4.42857
      vertex -3.8 1.21752 14.4133
    endloop
  endfacet
  facet normal 1 -0 0
    outer loop
      vertex -3.8 0.765367 14.1522
      vertex -3.8 3 4.42857
      vertex -3.8 1 14.2679
    endloop
  endfacet
  facet normal 1 -0 0
    outer loop
      vertex -3.8 0.517637 14.0681
      vertex -3.8 3 4.42857
      vertex -3.8 0.765367 14.1522
    endloop
  endfacet
  facet normal 1 -0 0
    outer loop
      vertex -3.8 0.261052 14.0171
      vertex -3.8 3 4.42857
      vertex -3.8 0.517637 14.0681
    endloop
  endfacet
  facet normal 1 -0 0
    outer loop
      vertex -3.8 0 14
      vertex -3.8 3 4.42857
      vertex -3.8 0.261052 14.0171
    endloop
  endfacet
  facet normal 1 0 0
    outer loop
      vertex -3.8 -0.261052 14.0171
      vertex -3.8 3 4.42857
      vertex -3.8 0 14
    endloop
  endfacet
  facet normal 1 0 0
    outer loop
      vertex -3.8 -3 3.57143
      vertex -3.8 -0.261052 14.0171
      vertex -3.8 -0.517637 14.0681
    endloop
  endfacet
  facet normal 1 0 0
    outer loop
      vertex -3.8 -3 3.57143
      vertex -3.8 -0.517637 14.0681
      vertex -3.8 -0.765367 14.1522
    endloop
  endfacet
  facet normal 1 0 0
    outer loop
      vertex -3.8 -3 3.57143
      vertex -3.8 -0.765367 14.1522
      vertex -3.8 -1 14.2679
    endloop
  endfacet
  facet normal 1 0 0
    outer loop
      vertex -3.8 -3 3.57143
      vertex -3.8 -1 14.2679
      vertex -3.8 -1.21752 14.4133
    endloop
  endfacet
  facet normal 1 0 0
    outer loop
      vertex -3.8 -3 3.57143
      vertex -3.8 -1.21752 14.4133
      vertex -3.8 -1.41421 14.5858
    endloop
  endfacet
  facet normal 1 0 0
    outer loop
      vertex -3.8 -3 3.57143
      vertex -3.8 -1.41421 14.5858
      vertex -3.8 -1.58671 14.7825
    endloop
  endfacet
  facet normal 1 0 0
    outer loop
      vertex -3.8 -3 16
      vertex -3.8 -1.58671 14.7825
      vertex -3.8 -1.73205 15
    endloop
  endfacet
  facet normal 1 0 0
    outer loop
      vertex -3.8 -3 16
      vertex -3.8 -1.73205 15
      vertex -3.8 -1.84776 15.2346
    endloop
  endfacet
  facet normal 1 0 0
    outer loop
      vertex -3.8 -1.84776 16.7654
      vertex -3.8 -2.77164 17.148
      vertex -3.8 -1.93185 16.5176
    endloop
  endfacet
  facet normal 1 -0 0
    outer loop
      vertex -3.8 -2.89778 16.7765
      vertex -3.8 -1.93185 16.5176
      vertex -3.8 -2.77164 17.148
    endloop
  endfacet
  facet normal 1 0 0
    outer loop
      vertex -3.8 -1.93185 16.5176
      vertex -3.8 -2.89778 16.7765
      vertex -3.8 -1.98289 16.2611
    endloop
  endfacet
  facet normal 1 -0 0
    outer loop
      vertex -3.8 -2.97433 16.3916
      vertex -3.8 -1.98289 16.2611
      vertex -3.8 -2.89778 16.7765
    endloop
  endfacet
  facet normal 1 0 0
    outer loop
      vertex -3.8 -1.98289 16.2611
      vertex -3.8 -2.97433 16.3916
      vertex -3.8 -2 16
    endloop
  endfacet
  facet normal 1 0 0
    outer loop
      vertex -3.8 -3 16
      vertex -3.8 -2 16
      vertex -3.8 -2.97433 16.3916
    endloop
  endfacet
  facet normal 1 0 0
    outer loop
      vertex -3.8 -2 16
      vertex -3.8 -3 16
      vertex -3.8 -1.98289 15.7389
    endloop
  endfacet
  facet normal 1 0 0
    outer loop
      vertex -3.8 -1.98289 15.7389
      vertex -3.8 -3 16
      vertex -3.8 -1.93185 15.4824
    endloop
  endfacet
  facet normal 1 0 0
    outer loop
      vertex -3.8 -1.93185 15.4824
      vertex -3.8 -3 16
      vertex -3.8 -1.84776 15.2346
    endloop
  endfacet
  facet normal 1 0 0
    outer loop
      vertex -3.8 -1.58671 14.7825
      vertex -3.8 -3 16
      vertex -3.8 -3 3.57143
    endloop
  endfacet
  facet normal 1 0 0
    outer loop
      vertex -3.8 -0.261052 14.0171
      vertex -3.8 -3 3.57143
      vertex -3.8 3 4.42857
    endloop
  endfacet
  facet normal -1 0 0
    outer loop
      vertex -8.3 1.58671 14.7825
      vertex -8.3 3 16
      vertex -8.3 3 4.42857
    endloop
  endfacet
  facet normal -1 0 -0
    outer loop
      vertex -8.3 1.84776 15.2346
      vertex -8.3 3 16
      vertex -8.3 1.73205 15
    endloop
  endfacet
  facet normal -1 0 -0
    outer loop
      vertex -8.3 1.93185 15.4824
      vertex -8.3 3 16
      vertex -8.3 1.84776 15.2346
    endloop
  endfacet
  facet normal -1 0 -0
    outer loop
      vertex -8.3 2 16
      vertex -8.3 3 16
      vertex -8.3 1.98289 15.7389
    endloop
  endfacet
  facet normal -1 0 0
    outer loop
      vertex -8.3 1.98289 16.2611
      vertex -8.3 2.97433 16.3916
      vertex -8.3 2 16
    endloop
  endfacet
  facet normal -1 0 0
    outer loop
      vertex -8.3 1.93185 16.5176
      vertex -8.3 2.89778 16.7765
      vertex -8.3 1.98289 16.2611
    endloop
  endfacet
  facet normal -1 0 0
    outer loop
      vertex -8.3 1.84776 16.7654
      vertex -8.3 2.77164 17.148
      vertex -8.3 1.93185 16.5176
    endloop
  endfacet
  facet normal -1 -0 0
    outer loop
      vertex -8.3 2.89778 16.7765
      vertex -8.3 1.93185 16.5176
      vertex -8.3 2.77164 17.148
    endloop
  endfacet
  facet normal -1 -0 0
    outer loop
      vertex -8.3 2.97433 16.3916
      vertex -8.3 1.98289 16.2611
      vertex -8.3 2.89778 16.7765
    endloop
  endfacet
  facet normal -1 0 0
    outer loop
      vertex -8.3 3 16
      vertex -8.3 2 16
      vertex -8.3 2.97433 16.3916
    endloop
  endfacet
  facet normal -1 0 -0
    outer loop
      vertex -8.3 1.98289 15.7389
      vertex -8.3 3 16
      vertex -8.3 1.93185 15.4824
    endloop
  endfacet
  facet normal -1 0 0
    outer loop
      vertex -8.3 3 16
      vertex -8.3 1.58671 14.7825
      vertex -8.3 1.73205 15
    endloop
  endfacet
  facet normal -1 0 0
    outer loop
      vertex -8.3 3 4.42857
      vertex -8.3 1.41421 14.5858
      vertex -8.3 1.58671 14.7825
    endloop
  endfacet
  facet normal -1 0 0
    outer loop
      vertex -8.3 3 4.42857
      vertex -8.3 1.21752 14.4133
      vertex -8.3 1.41421 14.5858
    endloop
  endfacet
  facet normal -1 0 0
    outer loop
      vertex -8.3 3 4.42857
      vertex -8.3 1 14.2679
      vertex -8.3 1.21752 14.4133
    endloop
  endfacet
  facet normal -1 0 0
    outer loop
      vertex -8.3 3 4.42857
      vertex -8.3 0.765367 14.1522
      vertex -8.3 1 14.2679
    endloop
  endfacet
  facet normal -1 0 0
    outer loop
      vertex -8.3 3 4.42857
      vertex -8.3 0.517637 14.0681
      vertex -8.3 0.765367 14.1522
    endloop
  endfacet
  facet normal -1 0 0
    outer loop
      vertex -8.3 3 4.42857
      vertex -8.3 0.261052 14.0171
      vertex -8.3 0.517637 14.0681
    endloop
  endfacet
  facet normal -1 0 0
    outer loop
      vertex -8.3 3 4.42857
      vertex -8.3 0 14
      vertex -8.3 0.261052 14.0171
    endloop
  endfacet
  facet normal -1 0 0
    outer loop
      vertex -8.3 3 4.42857
      vertex -8.3 -0.261052 14.0171
      vertex -8.3 0 14
    endloop
  endfacet
  facet normal -1 0 0
    outer loop
      vertex -8.3 -3 3.57143
      vertex -8.3 -0.261052 14.0171
      vertex -8.3 3 4.42857
    endloop
  endfacet
  facet normal -1 -0 0
    outer loop
      vertex -8.3 -0.261052 14.0171
      vertex -8.3 -3 3.57143
      vertex -8.3 -0.517637 14.0681
    endloop
  endfacet
  facet normal -1 -0 0
    outer loop
      vertex -8.3 -0.517637 14.0681
      vertex -8.3 -3 3.57143
      vertex -8.3 -0.765367 14.1522
    endloop
  endfacet
  facet normal -1 -0 0
    outer loop
      vertex -8.3 -0.765367 14.1522
      vertex -8.3 -3 3.57143
      vertex -8.3 -1 14.2679
    endloop
  endfacet
  facet normal -1 -0 0
    outer loop
      vertex -8.3 -1 14.2679
      vertex -8.3 -3 3.57143
      vertex -8.3 -1.21752 14.4133
    endloop
  endfacet
  facet normal -1 -0 0
    outer loop
      vertex -8.3 -1.21752 14.4133
      vertex -8.3 -3 3.57143
      vertex -8.3 -1.41421 14.5858
    endloop
  endfacet
  facet normal -1 -0 0
    outer loop
      vertex -8.3 -1.41421 14.5858
      vertex -8.3 -3 3.57143
      vertex -8.3 -1.58671 14.7825
    endloop
  endfacet
  facet normal -1 0 0
    outer loop
      vertex -8.3 -3 16
      vertex -8.3 -1.58671 14.7825
      vertex -8.3 -3 3.57143
    endloop
  endfacet
  facet normal -1 0 0
    outer loop
      vertex -8.3 -1.58671 17.2175
      vertex -8.3 -2.38006 17.8263
      vertex -8.3 -2.12132 18.1213
    endloop
  endfacet
  facet normal -1 0 0
    outer loop
      vertex -8.3 -3 16
      vertex -8.3 -2 16
      vertex -8.3 -1.98289 15.7389
    endloop
  endfacet
  facet normal -1 0 0
    outer loop
      vertex -8.3 -1.98289 16.2611
      vertex -8.3 -2.59808 17.5
      vertex -8.3 -2.38006 17.8263
    endloop
  endfacet
  facet normal -1 0 0
    outer loop
      vertex -8.3 -3 16
      vertex -8.3 -1.98289 15.7389
      vertex -8.3 -1.93185 15.4824
    endloop
  endfacet
  facet normal -1 0 0
    outer loop
      vertex -8.3 -1.98289 16.2611
      vertex -8.3 -2.77164 17.148
      vertex -8.3 -2.59808 17.5
    endloop
  endfacet
  facet normal -1 0 0
    outer loop
      vertex -8.3 -3 16
      vertex -8.3 -1.93185 15.4824
      vertex -8.3 -1.84776 15.2346
    endloop
  endfacet
  facet normal -1 0 0
    outer loop
      vertex -8.3 -1.58671 14.7825
      vertex -8.3 -3 16
      vertex -8.3 -1.73205 15
    endloop
  endfacet
  facet normal -1 0 0
    outer loop
      vertex -8.3 -2 16
      vertex -8.3 -3 16
      vertex -8.3 -2.97433 16.3916
    endloop
  endfacet
  facet normal -1 0 0
    outer loop
      vertex -8.3 -1.98289 16.2611
      vertex -8.3 -2.89778 16.7765
      vertex -8.3 -2.77164 17.148
    endloop
  endfacet
  facet normal -1 0 0
    outer loop
      vertex -8.3 -1.73205 15
      vertex -8.3 -3 16
      vertex -8.3 -1.84776 15.2346
    endloop
  endfacet
  facet normal -1 0 0
    outer loop
      vertex -8.3 -1.98289 16.2611
      vertex -8.3 -2.97433 16.3916
      vertex -8.3 -2.89778 16.7765
    endloop
  endfacet
  facet normal -1 -0 0
    outer loop
      vertex -8.3 2.77164 17.148
      vertex -8.3 1.84776 16.7654
      vertex -8.3 2.59808 17.5
    endloop
  endfacet
  facet normal -1 0 0
    outer loop
      vertex -8.3 1.73205 17
      vertex -8.3 2.59808 17.5
      vertex -8.3 1.84776 16.7654
    endloop
  endfacet
  facet normal -1 -0 0
    outer loop
      vertex -8.3 2.59808 17.5
      vertex -8.3 1.73205 17
      vertex -8.3 2.38006 17.8263
    endloop
  endfacet
  facet normal -1 0 0
    outer loop
      vertex -8.3 1.58671 17.2175
      vertex -8.3 2.38006 17.8263
      vertex -8.3 1.73205 17
    endloop
  endfacet
  facet normal -1 -0 0
    outer loop
      vertex -8.3 2.38006 17.8263
      vertex -8.3 1.58671 17.2175
      vertex -8.3 2.12132 18.1213
    endloop
  endfacet
  facet normal -1 0 0
    outer loop
      vertex -8.3 1.41421 17.4142
      vertex -8.3 2.12132 18.1213
      vertex -8.3 1.58671 17.2175
    endloop
  endfacet
  facet normal -1 -0 0
    outer loop
      vertex -8.3 2.12132 18.1213
      vertex -8.3 1.41421 17.4142
      vertex -8.3 1.82628 18.3801
    endloop
  endfacet
  facet normal -1 0 0
    outer loop
      vertex -8.3 1.21752 17.5867
      vertex -8.3 1.82628 18.3801
      vertex -8.3 1.41421 17.4142
    endloop
  endfacet
  facet normal -1 -0 0
    outer loop
      vertex -8.3 1.82628 18.3801
      vertex -8.3 1.21752 17.5867
      vertex -8.3 1.5 18.5981
    endloop
  endfacet
  facet normal -1 0 0
    outer loop
      vertex -8.3 1 17.732
      vertex -8.3 1.5 18.5981
      vertex -8.3 1.21752 17.5867
    endloop
  endfacet
  facet normal -1 -0 0
    outer loop
      vertex -8.3 1.5 18.5981
      vertex -8.3 1 17.732
      vertex -8.3 1.14805 18.7716
    endloop
  endfacet
  facet normal -1 0 0
    outer loop
      vertex -8.3 0.765367 17.8478
      vertex -8.3 1.14805 18.7716
      vertex -8.3 1 17.732
    endloop
  endfacet
  facet normal -1 -0 0
    outer loop
      vertex -8.3 1.14805 18.7716
      vertex -8.3 0.765367 17.8478
      vertex -8.3 0.776457 18.8978
    endloop
  endfacet
  facet normal -1 0 0
    outer loop
      vertex -8.3 0.517637 17.9319
      vertex -8.3 0.776457 18.8978
      vertex -8.3 0.765367 17.8478
    endloop
  endfacet
  facet normal -1 0 0
    outer loop
      vertex -8.3 0.517637 17.9319
      vertex -8.3 0.391578 18.9743
      vertex -8.3 0.776457 18.8978
    endloop
  endfacet
  facet normal -1 0 0
    outer loop
      vertex -8.3 0.261052 17.9829
      vertex -8.3 0.391578 18.9743
      vertex -8.3 0.517637 17.9319
    endloop
  endfacet
  facet normal -1 0 0
    outer loop
      vertex -8.3 0 18
      vertex -8.3 0.391578 18.9743
      vertex -8.3 0.261052 17.9829
    endloop
  endfacet
  facet normal -1 0 0
    outer loop
      vertex -8.3 0 18
      vertex -8.3 0 19
      vertex -8.3 0.391578 18.9743
    endloop
  endfacet
  facet normal -1 0 0
    outer loop
      vertex -8.3 -0.261052 17.9829
      vertex -8.3 0 19
      vertex -8.3 0 18
    endloop
  endfacet
  facet normal -1 0 0
    outer loop
      vertex -8.3 -0.261052 17.9829
      vertex -8.3 -0.391578 18.9743
      vertex -8.3 0 19
    endloop
  endfacet
  facet normal -1 0 0
    outer loop
      vertex -8.3 -0.517637 17.9319
      vertex -8.3 -0.391578 18.9743
      vertex -8.3 -0.261052 17.9829
    endloop
  endfacet
  facet normal -1 0 0
    outer loop
      vertex -8.3 -0.776457 18.8978
      vertex -8.3 -0.517637 17.9319
      vertex -8.3 -0.765367 17.8478
    endloop
  endfacet
  facet normal -1 0 0
    outer loop
      vertex -8.3 -0.517637 17.9319
      vertex -8.3 -0.776457 18.8978
      vertex -8.3 -0.391578 18.9743
    endloop
  endfacet
  facet normal -1 0 0
    outer loop
      vertex -8.3 -1.14805 18.7716
      vertex -8.3 -0.765367 17.8478
      vertex -8.3 -1 17.732
    endloop
  endfacet
  facet normal -1 0 0
    outer loop
      vertex -8.3 -0.765367 17.8478
      vertex -8.3 -1.14805 18.7716
      vertex -8.3 -0.776457 18.8978
    endloop
  endfacet
  facet normal -1 0 0
    outer loop
      vertex -8.3 -1.5 18.5981
      vertex -8.3 -1 17.732
      vertex -8.3 -1.21752 17.5867
    endloop
  endfacet
  facet normal -1 0 0
    outer loop
      vertex -8.3 -1.82628 18.3801
      vertex -8.3 -1.21752 17.5867
      vertex -8.3 -1.41421 17.4142
    endloop
  endfacet
  facet normal -1 0 0
    outer loop
      vertex -8.3 -1 17.732
      vertex -8.3 -1.5 18.5981
      vertex -8.3 -1.14805 18.7716
    endloop
  endfacet
  facet normal -1 0 0
    outer loop
      vertex -8.3 -2.12132 18.1213
      vertex -8.3 -1.41421 17.4142
      vertex -8.3 -1.58671 17.2175
    endloop
  endfacet
  facet normal -1 0 0
    outer loop
      vertex -8.3 -2.38006 17.8263
      vertex -8.3 -1.58671 17.2175
      vertex -8.3 -1.73205 17
    endloop
  endfacet
  facet normal -1 0 0
    outer loop
      vertex -8.3 -1.21752 17.5867
      vertex -8.3 -1.82628 18.3801
      vertex -8.3 -1.5 18.5981
    endloop
  endfacet
  facet normal -1 0 0
    outer loop
      vertex -8.3 -2.38006 17.8263
      vertex -8.3 -1.73205 17
      vertex -8.3 -1.84776 16.7654
    endloop
  endfacet
  facet normal -1 0 0
    outer loop
      vertex -8.3 -2.38006 17.8263
      vertex -8.3 -1.84776 16.7654
      vertex -8.3 -1.93185 16.5176
    endloop
  endfacet
  facet normal -1 0 0
    outer loop
      vertex -8.3 -2.38006 17.8263
      vertex -8.3 -1.93185 16.5176
      vertex -8.3 -1.98289 16.2611
    endloop
  endfacet
  facet normal -1 0 0
    outer loop
      vertex -8.3 -1.41421 17.4142
      vertex -8.3 -2.12132 18.1213
      vertex -8.3 -1.82628 18.3801
    endloop
  endfacet
  facet normal -1 0 0
    outer loop
      vertex -8.3 -2.97433 16.3916
      vertex -8.3 -1.98289 16.2611
      vertex -8.3 -2 16
    endloop
  endfacet
  facet normal 0 1 -0
    outer loop
      vertex -3.8 3 4.42857
      vertex -8.3 3 16
      vertex -3.8 3 16
    endloop
  endfacet
  facet normal 0 1 0
    outer loop
      vertex -8.3 3 16
      vertex -3.8 3 4.42857
      vertex -8.3 3 4.42857
    endloop
  endfacet
  facet normal 0 -1 0
    outer loop
      vertex -8.3 -3 3.57143
      vertex -3.8 -3 16
      vertex -8.3 -3 16
    endloop
  endfacet
  facet normal 0 -1 -0
    outer loop
      vertex -3.8 -3 16
      vertex -8.3 -3 3.57143
      vertex -3.8 -3 3.57143
    endloop
  endfacet
  facet normal 0 -0.8969 0.442233
    outer loop
      vertex -8.3 -2.77164 17.148
      vertex -3.8 -2.59808 17.5
      vertex -8.3 -2.59808 17.5
    endloop
  endfacet
  facet normal 0 -0.8969 0.442233
    outer loop
      vertex -3.8 -2.59808 17.5
      vertex -8.3 -2.77164 17.148
      vertex -3.8 -2.77164 17.148
    endloop
  endfacet
  facet normal 0 -0.980791 0.195062
    outer loop
      vertex -8.3 -2.97433 16.3916
      vertex -3.8 -2.89778 16.7765
      vertex -8.3 -2.89778 16.7765
    endloop
  endfacet
  facet normal 0 -0.980791 0.195062
    outer loop
      vertex -3.8 -2.89778 16.7765
      vertex -8.3 -2.97433 16.3916
      vertex -3.8 -2.97433 16.3916
    endloop
  endfacet
  facet normal -0 0.065491 0.997853
    outer loop
      vertex -8.3 0.391578 18.9743
      vertex -3.8 0 19
      vertex -3.8 0.391578 18.9743
    endloop
  endfacet
  facet normal 0 0.065491 0.997853
    outer loop
      vertex -3.8 0 19
      vertex -8.3 0.391578 18.9743
      vertex -8.3 0 19
    endloop
  endfacet
  facet normal 0 -0.997858 0.0654112
    outer loop
      vertex -8.3 -3 16
      vertex -3.8 -2.97433 16.3916
      vertex -8.3 -2.97433 16.3916
    endloop
  endfacet
  facet normal 0 -0.997858 0.0654112
    outer loop
      vertex -3.8 -2.97433 16.3916
      vertex -8.3 -3 16
      vertex -3.8 -3 16
    endloop
  endfacet
  facet normal -0 0.19495 0.980813
    outer loop
      vertex -8.3 0.776457 18.8978
      vertex -3.8 0.391578 18.9743
      vertex -3.8 0.776457 18.8978
    endloop
  endfacet
  facet normal 0 0.19495 0.980813
    outer loop
      vertex -3.8 0.391578 18.9743
      vertex -8.3 0.776457 18.8978
      vertex -8.3 0.391578 18.9743
    endloop
  endfacet
  facet normal 0 -0.19495 0.980813
    outer loop
      vertex -8.3 -0.391578 18.9743
      vertex -3.8 -0.776457 18.8978
      vertex -3.8 -0.391578 18.9743
    endloop
  endfacet
  facet normal 0 -0.19495 0.980813
    outer loop
      vertex -3.8 -0.776457 18.8978
      vertex -8.3 -0.391578 18.9743
      vertex -8.3 -0.776457 18.8978
    endloop
  endfacet
  facet normal 0 0.831477 0.555558
    outer loop
      vertex -3.8 2.59808 17.5
      vertex -8.3 2.38006 17.8263
      vertex -3.8 2.38006 17.8263
    endloop
  endfacet
  facet normal 0 0.831477 0.555558
    outer loop
      vertex -8.3 2.38006 17.8263
      vertex -3.8 2.59808 17.5
      vertex -8.3 2.59808 17.5
    endloop
  endfacet
  facet normal 0 -0.065491 0.997853
    outer loop
      vertex -8.3 0 19
      vertex -3.8 -0.391578 18.9743
      vertex -3.8 0 19
    endloop
  endfacet
  facet normal 0 -0.065491 0.997853
    outer loop
      vertex -3.8 -0.391578 18.9743
      vertex -8.3 0 19
      vertex -8.3 -0.391578 18.9743
    endloop
  endfacet
  facet normal -0 0.44216 0.896936
    outer loop
      vertex -8.3 1.5 18.5981
      vertex -3.8 1.14805 18.7716
      vertex -3.8 1.5 18.5981
    endloop
  endfacet
  facet normal 0 0.44216 0.896936
    outer loop
      vertex -3.8 1.14805 18.7716
      vertex -8.3 1.5 18.5981
      vertex -8.3 1.14805 18.7716
    endloop
  endfacet
  facet normal 0 -0.321579 0.946883
    outer loop
      vertex -8.3 -0.776457 18.8978
      vertex -3.8 -1.14805 18.7716
      vertex -3.8 -0.776457 18.8978
    endloop
  endfacet
  facet normal 0 -0.321579 0.946883
    outer loop
      vertex -3.8 -1.14805 18.7716
      vertex -8.3 -0.776457 18.8978
      vertex -8.3 -1.14805 18.7716
    endloop
  endfacet
  facet normal 0 -0.751799 0.659392
    outer loop
      vertex -8.3 -2.38006 17.8263
      vertex -3.8 -2.12132 18.1213
      vertex -8.3 -2.12132 18.1213
    endloop
  endfacet
  facet normal 0 -0.751799 0.659392
    outer loop
      vertex -3.8 -2.12132 18.1213
      vertex -8.3 -2.38006 17.8263
      vertex -3.8 -2.38006 17.8263
    endloop
  endfacet
  facet normal 0 -0.831477 0.555558
    outer loop
      vertex -8.3 -2.59808 17.5
      vertex -3.8 -2.38006 17.8263
      vertex -8.3 -2.38006 17.8263
    endloop
  endfacet
  facet normal 0 -0.831477 0.555558
    outer loop
      vertex -3.8 -2.38006 17.8263
      vertex -8.3 -2.59808 17.5
      vertex -3.8 -2.59808 17.5
    endloop
  endfacet
  facet normal 0 0.8969 0.442233
    outer loop
      vertex -3.8 2.77164 17.148
      vertex -8.3 2.59808 17.5
      vertex -3.8 2.59808 17.5
    endloop
  endfacet
  facet normal 0 0.8969 0.442233
    outer loop
      vertex -8.3 2.59808 17.5
      vertex -3.8 2.77164 17.148
      vertex -8.3 2.77164 17.148
    endloop
  endfacet
  facet normal 0 0.980791 0.195062
    outer loop
      vertex -3.8 2.97433 16.3916
      vertex -8.3 2.89778 16.7765
      vertex -3.8 2.89778 16.7765
    endloop
  endfacet
  facet normal 0 0.980791 0.195062
    outer loop
      vertex -8.3 2.89778 16.7765
      vertex -3.8 2.97433 16.3916
      vertex -8.3 2.97433 16.3916
    endloop
  endfacet
  facet normal -0 0.321579 0.946883
    outer loop
      vertex -8.3 1.14805 18.7716
      vertex -3.8 0.776457 18.8978
      vertex -3.8 1.14805 18.7716
    endloop
  endfacet
  facet normal 0 0.321579 0.946883
    outer loop
      vertex -3.8 0.776457 18.8978
      vertex -8.3 1.14805 18.7716
      vertex -8.3 0.776457 18.8978
    endloop
  endfacet
  facet normal 0 0.946905 0.321514
    outer loop
      vertex -3.8 2.89778 16.7765
      vertex -8.3 2.77164 17.148
      vertex -3.8 2.77164 17.148
    endloop
  endfacet
  facet normal 0 0.946905 0.321514
    outer loop
      vertex -8.3 2.77164 17.148
      vertex -3.8 2.89778 16.7765
      vertex -8.3 2.89778 16.7765
    endloop
  endfacet
  facet normal 0 -0.44216 0.896936
    outer loop
      vertex -8.3 -1.14805 18.7716
      vertex -3.8 -1.5 18.5981
      vertex -3.8 -1.14805 18.7716
    endloop
  endfacet
  facet normal 0 -0.44216 0.896936
    outer loop
      vertex -3.8 -1.5 18.5981
      vertex -8.3 -1.14805 18.7716
      vertex -8.3 -1.5 18.5981
    endloop
  endfacet
  facet normal 0 0.751799 0.659392
    outer loop
      vertex -3.8 2.38006 17.8263
      vertex -8.3 2.12132 18.1213
      vertex -3.8 2.12132 18.1213
    endloop
  endfacet
  facet normal 0 0.751799 0.659392
    outer loop
      vertex -8.3 2.12132 18.1213
      vertex -3.8 2.38006 17.8263
      vertex -8.3 2.38006 17.8263
    endloop
  endfacet
  facet normal 0 -0.555547 0.831485
    outer loop
      vertex -8.3 -1.5 18.5981
      vertex -3.8 -1.82628 18.3801
      vertex -3.8 -1.5 18.5981
    endloop
  endfacet
  facet normal 0 -0.555547 0.831485
    outer loop
      vertex -3.8 -1.82628 18.3801
      vertex -8.3 -1.5 18.5981
      vertex -8.3 -1.82628 18.3801
    endloop
  endfacet
  facet normal -0 0.659428 0.751768
    outer loop
      vertex -8.3 2.12132 18.1213
      vertex -3.8 1.82628 18.3801
      vertex -3.8 2.12132 18.1213
    endloop
  endfacet
  facet normal 0 0.659428 0.751768
    outer loop
      vertex -3.8 1.82628 18.3801
      vertex -8.3 2.12132 18.1213
      vertex -8.3 1.82628 18.3801
    endloop
  endfacet
  facet normal 0 0.997858 0.0654112
    outer loop
      vertex -3.8 3 16
      vertex -8.3 2.97433 16.3916
      vertex -3.8 2.97433 16.3916
    endloop
  endfacet
  facet normal 0 0.997858 0.0654112
    outer loop
      vertex -8.3 2.97433 16.3916
      vertex -3.8 3 16
      vertex -8.3 3 16
    endloop
  endfacet
  facet normal 0 -0.946905 0.321514
    outer loop
      vertex -8.3 -2.89778 16.7765
      vertex -3.8 -2.77164 17.148
      vertex -8.3 -2.77164 17.148
    endloop
  endfacet
  facet normal 0 -0.946905 0.321514
    outer loop
      vertex -3.8 -2.77164 17.148
      vertex -8.3 -2.89778 16.7765
      vertex -3.8 -2.89778 16.7765
    endloop
  endfacet
  facet normal 0 -0.659428 0.751768
    outer loop
      vertex -8.3 -1.82628 18.3801
      vertex -3.8 -2.12132 18.1213
      vertex -3.8 -1.82628 18.3801
    endloop
  endfacet
  facet normal 0 -0.659428 0.751768
    outer loop
      vertex -3.8 -2.12132 18.1213
      vertex -8.3 -1.82628 18.3801
      vertex -8.3 -2.12132 18.1213
    endloop
  endfacet
  facet normal -0 0.555547 0.831485
    outer loop
      vertex -8.3 1.82628 18.3801
      vertex -3.8 1.5 18.5981
      vertex -3.8 1.82628 18.3801
    endloop
  endfacet
  facet normal 0 0.555547 0.831485
    outer loop
      vertex -3.8 1.5 18.5981
      vertex -8.3 1.82628 18.3801
      vertex -8.3 1.5 18.5981
    endloop
  endfacet
  facet normal 1 0 0
    outer loop
      vertex 8.3 2.97433 16.3916
      vertex 8.3 1.98289 16.2611
      vertex 8.3 2 16
    endloop
  endfacet
  facet normal 1 0 0
    outer loop
      vertex 8.3 2.38006 17.8263
      vertex 8.3 1.93185 16.5176
      vertex 8.3 1.98289 16.2611
    endloop
  endfacet
  facet normal 1 0 0
    outer loop
      vertex 8.3 2.38006 17.8263
      vertex 8.3 1.84776 16.7654
      vertex 8.3 1.93185 16.5176
    endloop
  endfacet
  facet normal 1 0 0
    outer loop
      vertex 8.3 1.41421 17.4142
      vertex 8.3 2.12132 18.1213
      vertex 8.3 1.82628 18.3801
    endloop
  endfacet
  facet normal 1 0 0
    outer loop
      vertex 8.3 2.38006 17.8263
      vertex 8.3 1.73205 17
      vertex 8.3 1.84776 16.7654
    endloop
  endfacet
  facet normal 1 0 0
    outer loop
      vertex 8.3 2.38006 17.8263
      vertex 8.3 1.58671 17.2175
      vertex 8.3 1.73205 17
    endloop
  endfacet
  facet normal 1 0 0
    outer loop
      vertex 8.3 1.21752 17.5867
      vertex 8.3 1.82628 18.3801
      vertex 8.3 1.5 18.5981
    endloop
  endfacet
  facet normal 1 0 0
    outer loop
      vertex 8.3 2.12132 18.1213
      vertex 8.3 1.41421 17.4142
      vertex 8.3 1.58671 17.2175
    endloop
  endfacet
  facet normal 1 0 0
    outer loop
      vertex 8.3 1.82628 18.3801
      vertex 8.3 1.21752 17.5867
      vertex 8.3 1.41421 17.4142
    endloop
  endfacet
  facet normal 1 0 0
    outer loop
      vertex 8.3 1 17.732
      vertex 8.3 1.5 18.5981
      vertex 8.3 1.14805 18.7716
    endloop
  endfacet
  facet normal 1 0 0
    outer loop
      vertex 8.3 1.5 18.5981
      vertex 8.3 1 17.732
      vertex 8.3 1.21752 17.5867
    endloop
  endfacet
  facet normal 1 0 0
    outer loop
      vertex 8.3 0.765367 17.8478
      vertex 8.3 1.14805 18.7716
      vertex 8.3 0.776457 18.8978
    endloop
  endfacet
  facet normal 1 0 0
    outer loop
      vertex 8.3 1.14805 18.7716
      vertex 8.3 0.765367 17.8478
      vertex 8.3 1 17.732
    endloop
  endfacet
  facet normal 1 0 0
    outer loop
      vertex 8.3 0.776457 18.8978
      vertex 8.3 0.517637 17.9319
      vertex 8.3 0.765367 17.8478
    endloop
  endfacet
  facet normal 1 0 0
    outer loop
      vertex 8.3 0.391578 18.9743
      vertex 8.3 0.517637 17.9319
      vertex 8.3 0.776457 18.8978
    endloop
  endfacet
  facet normal 1 0 0
    outer loop
      vertex 8.3 0.391578 18.9743
      vertex 8.3 0.261052 17.9829
      vertex 8.3 0.517637 17.9319
    endloop
  endfacet
  facet normal 1 0 0
    outer loop
      vertex 8.3 0 19
      vertex 8.3 0.261052 17.9829
      vertex 8.3 0.391578 18.9743
    endloop
  endfacet
  facet normal 1 0 0
    outer loop
      vertex 8.3 0 19
      vertex 8.3 0 18
      vertex 8.3 0.261052 17.9829
    endloop
  endfacet
  facet normal 1 0 0
    outer loop
      vertex 8.3 0 19
      vertex 8.3 -0.261052 17.9829
      vertex 8.3 0 18
    endloop
  endfacet
  facet normal 1 -0 0
    outer loop
      vertex 8.3 -0.391578 18.9743
      vertex 8.3 -0.261052 17.9829
      vertex 8.3 0 19
    endloop
  endfacet
  facet normal 1 0 0
    outer loop
      vertex 8.3 -0.391578 18.9743
      vertex 8.3 -0.517637 17.9319
      vertex 8.3 -0.261052 17.9829
    endloop
  endfacet
  facet normal 1 -0 0
    outer loop
      vertex 8.3 -0.776457 18.8978
      vertex 8.3 -0.517637 17.9319
      vertex 8.3 -0.391578 18.9743
    endloop
  endfacet
  facet normal 1 0 0
    outer loop
      vertex 8.3 -0.517637 17.9319
      vertex 8.3 -0.776457 18.8978
      vertex 8.3 -0.765367 17.8478
    endloop
  endfacet
  facet normal 1 -0 0
    outer loop
      vertex 8.3 -1.14805 18.7716
      vertex 8.3 -0.765367 17.8478
      vertex 8.3 -0.776457 18.8978
    endloop
  endfacet
  facet normal 1 0 0
    outer loop
      vertex 8.3 -0.765367 17.8478
      vertex 8.3 -1.14805 18.7716
      vertex 8.3 -1 17.732
    endloop
  endfacet
  facet normal 1 -0 0
    outer loop
      vertex 8.3 -1.5 18.5981
      vertex 8.3 -1 17.732
      vertex 8.3 -1.14805 18.7716
    endloop
  endfacet
  facet normal 1 0 0
    outer loop
      vertex 8.3 -1 17.732
      vertex 8.3 -1.5 18.5981
      vertex 8.3 -1.21752 17.5867
    endloop
  endfacet
  facet normal 1 -0 0
    outer loop
      vertex 8.3 -1.82628 18.3801
      vertex 8.3 -1.21752 17.5867
      vertex 8.3 -1.5 18.5981
    endloop
  endfacet
  facet normal 1 0 0
    outer loop
      vertex 8.3 -1.21752 17.5867
      vertex 8.3 -1.82628 18.3801
      vertex 8.3 -1.41421 17.4142
    endloop
  endfacet
  facet normal 1 -0 0
    outer loop
      vertex 8.3 -2.12132 18.1213
      vertex 8.3 -1.41421 17.4142
      vertex 8.3 -1.82628 18.3801
    endloop
  endfacet
  facet normal 1 0 0
    outer loop
      vertex 8.3 -1.41421 17.4142
      vertex 8.3 -2.12132 18.1213
      vertex 8.3 -1.58671 17.2175
    endloop
  endfacet
  facet normal 1 -0 0
    outer loop
      vertex 8.3 -2.38006 17.8263
      vertex 8.3 -1.58671 17.2175
      vertex 8.3 -2.12132 18.1213
    endloop
  endfacet
  facet normal 1 0 0
    outer loop
      vertex 8.3 -1.58671 17.2175
      vertex 8.3 -2.38006 17.8263
      vertex 8.3 -1.73205 17
    endloop
  endfacet
  facet normal 1 -0 0
    outer loop
      vertex 8.3 -2.59808 17.5
      vertex 8.3 -1.73205 17
      vertex 8.3 -2.38006 17.8263
    endloop
  endfacet
  facet normal 1 -0 0
    outer loop
      vertex 8.3 -2.77164 17.148
      vertex 8.3 -1.84776 16.7654
      vertex 8.3 -2.59808 17.5
    endloop
  endfacet
  facet normal 1 0 0
    outer loop
      vertex 8.3 -1.73205 17
      vertex 8.3 -2.59808 17.5
      vertex 8.3 -1.84776 16.7654
    endloop
  endfacet
  facet normal 1 0 0
    outer loop
      vertex 8.3 2 16
      vertex 8.3 3 16
      vertex 8.3 2.97433 16.3916
    endloop
  endfacet
  facet normal 1 0 0
    outer loop
      vertex 8.3 1.98289 16.2611
      vertex 8.3 2.97433 16.3916
      vertex 8.3 2.89778 16.7765
    endloop
  endfacet
  facet normal 1 0 0
    outer loop
      vertex 8.3 1.98289 16.2611
      vertex 8.3 2.89778 16.7765
      vertex 8.3 2.77164 17.148
    endloop
  endfacet
  facet normal 1 0 0
    outer loop
      vertex 8.3 1.98289 16.2611
      vertex 8.3 2.77164 17.148
      vertex 8.3 2.59808 17.5
    endloop
  endfacet
  facet normal 1 0 0
    outer loop
      vertex 8.3 1.98289 16.2611
      vertex 8.3 2.59808 17.5
      vertex 8.3 2.38006 17.8263
    endloop
  endfacet
  facet normal 1 0 0
    outer loop
      vertex 8.3 1.58671 17.2175
      vertex 8.3 2.38006 17.8263
      vertex 8.3 2.12132 18.1213
    endloop
  endfacet
  facet normal 1 0 0
    outer loop
      vertex 8.3 3 16
      vertex 8.3 2 16
      vertex 8.3 1.98289 15.7389
    endloop
  endfacet
  facet normal 1 0 0
    outer loop
      vertex 8.3 3 16
      vertex 8.3 1.98289 15.7389
      vertex 8.3 1.93185 15.4824
    endloop
  endfacet
  facet normal 1 0 0
    outer loop
      vertex 8.3 3 16
      vertex 8.3 1.93185 15.4824
      vertex 8.3 1.84776 15.2346
    endloop
  endfacet
  facet normal 1 0 0
    outer loop
      vertex 8.3 3 16
      vertex 8.3 1.84776 15.2346
      vertex 8.3 1.73205 15
    endloop
  endfacet
  facet normal 1 0 0
    outer loop
      vertex 8.3 1.58671 14.7825
      vertex 8.3 3 16
      vertex 8.3 1.73205 15
    endloop
  endfacet
  facet normal 1 0 0
    outer loop
      vertex 8.3 3 16
      vertex 8.3 1.58671 14.7825
      vertex 8.3 3 4.42857
    endloop
  endfacet
  facet normal 1 -0 0
    outer loop
      vertex 8.3 1.41421 14.5858
      vertex 8.3 3 4.42857
      vertex 8.3 1.58671 14.7825
    endloop
  endfacet
  facet normal 1 -0 0
    outer loop
      vertex 8.3 1.21752 14.4133
      vertex 8.3 3 4.42857
      vertex 8.3 1.41421 14.5858
    endloop
  endfacet
  facet normal 1 -0 0
    outer loop
      vertex 8.3 1 14.2679
      vertex 8.3 3 4.42857
      vertex 8.3 1.21752 14.4133
    endloop
  endfacet
  facet normal 1 -0 0
    outer loop
      vertex 8.3 0.765367 14.1522
      vertex 8.3 3 4.42857
      vertex 8.3 1 14.2679
    endloop
  endfacet
  facet normal 1 -0 0
    outer loop
      vertex 8.3 0.517637 14.0681
      vertex 8.3 3 4.42857
      vertex 8.3 0.765367 14.1522
    endloop
  endfacet
  facet normal 1 -0 0
    outer loop
      vertex 8.3 0.261052 14.0171
      vertex 8.3 3 4.42857
      vertex 8.3 0.517637 14.0681
    endloop
  endfacet
  facet normal 1 -0 0
    outer loop
      vertex 8.3 0 14
      vertex 8.3 3 4.42857
      vertex 8.3 0.261052 14.0171
    endloop
  endfacet
  facet normal 1 0 0
    outer loop
      vertex 8.3 -0.261052 14.0171
      vertex 8.3 3 4.42857
      vertex 8.3 0 14
    endloop
  endfacet
  facet normal 1 0 0
    outer loop
      vertex 8.3 -3 3.57143
      vertex 8.3 -0.261052 14.0171
      vertex 8.3 -0.517637 14.0681
    endloop
  endfacet
  facet normal 1 0 0
    outer loop
      vertex 8.3 -3 3.57143
      vertex 8.3 -0.517637 14.0681
      vertex 8.3 -0.765367 14.1522
    endloop
  endfacet
  facet normal 1 0 0
    outer loop
      vertex 8.3 -3 3.57143
      vertex 8.3 -0.765367 14.1522
      vertex 8.3 -1 14.2679
    endloop
  endfacet
  facet normal 1 0 0
    outer loop
      vertex 8.3 -3 3.57143
      vertex 8.3 -1 14.2679
      vertex 8.3 -1.21752 14.4133
    endloop
  endfacet
  facet normal 1 0 0
    outer loop
      vertex 8.3 -3 3.57143
      vertex 8.3 -1.21752 14.4133
      vertex 8.3 -1.41421 14.5858
    endloop
  endfacet
  facet normal 1 0 0
    outer loop
      vertex 8.3 -3 3.57143
      vertex 8.3 -1.41421 14.5858
      vertex 8.3 -1.58671 14.7825
    endloop
  endfacet
  facet normal 1 0 0
    outer loop
      vertex 8.3 -3 16
      vertex 8.3 -1.58671 14.7825
      vertex 8.3 -1.73205 15
    endloop
  endfacet
  facet normal 1 0 0
    outer loop
      vertex 8.3 -3 16
      vertex 8.3 -1.73205 15
      vertex 8.3 -1.84776 15.2346
    endloop
  endfacet
  facet normal 1 0 0
    outer loop
      vertex 8.3 -1.84776 16.7654
      vertex 8.3 -2.77164 17.148
      vertex 8.3 -1.93185 16.5176
    endloop
  endfacet
  facet normal 1 -0 0
    outer loop
      vertex 8.3 -2.89778 16.7765
      vertex 8.3 -1.93185 16.5176
      vertex 8.3 -2.77164 17.148
    endloop
  endfacet
  facet normal 1 0 0
    outer loop
      vertex 8.3 -1.93185 16.5176
      vertex 8.3 -2.89778 16.7765
      vertex 8.3 -1.98289 16.2611
    endloop
  endfacet
  facet normal 1 -0 0
    outer loop
      vertex 8.3 -2.97433 16.3916
      vertex 8.3 -1.98289 16.2611
      vertex 8.3 -2.89778 16.7765
    endloop
  endfacet
  facet normal 1 0 0
    outer loop
      vertex 8.3 -1.98289 16.2611
      vertex 8.3 -2.97433 16.3916
      vertex 8.3 -2 16
    endloop
  endfacet
  facet normal 1 0 0
    outer loop
      vertex 8.3 -3 16
      vertex 8.3 -2 16
      vertex 8.3 -2.97433 16.3916
    endloop
  endfacet
  facet normal 1 0 0
    outer loop
      vertex 8.3 -2 16
      vertex 8.3 -3 16
      vertex 8.3 -1.98289 15.7389
    endloop
  endfacet
  facet normal 1 0 0
    outer loop
      vertex 8.3 -1.98289 15.7389
      vertex 8.3 -3 16
      vertex 8.3 -1.93185 15.4824
    endloop
  endfacet
  facet normal 1 0 0
    outer loop
      vertex 8.3 -1.93185 15.4824
      vertex 8.3 -3 16
      vertex 8.3 -1.84776 15.2346
    endloop
  endfacet
  facet normal 1 0 0
    outer loop
      vertex 8.3 -1.58671 14.7825
      vertex 8.3 -3 16
      vertex 8.3 -3 3.57143
    endloop
  endfacet
  facet normal 1 0 0
    outer loop
      vertex 8.3 -0.261052 14.0171
      vertex 8.3 -3 3.57143
      vertex 8.3 3 4.42857
    endloop
  endfacet
  facet normal -1 0 0
    outer loop
      vertex 3.8 1.58671 14.7825
      vertex 3.8 3 16
      vertex 3.8 3 4.42857
    endloop
  endfacet
  facet normal -1 0 -0
    outer loop
      vertex 3.8 1.84776 15.2346
      vertex 3.8 3 16
      vertex 3.8 1.73205 15
    endloop
  endfacet
  facet normal -1 0 -0
    outer loop
      vertex 3.8 1.93185 15.4824
      vertex 3.8 3 16
      vertex 3.8 1.84776 15.2346
    endloop
  endfacet
  facet normal -1 0 -0
    outer loop
      vertex 3.8 2 16
      vertex 3.8 3 16
      vertex 3.8 1.98289 15.7389
    endloop
  endfacet
  facet normal -1 0 0
    outer loop
      vertex 3.8 1.98289 16.2611
      vertex 3.8 2.97433 16.3916
      vertex 3.8 2 16
    endloop
  endfacet
  facet normal -1 0 0
    outer loop
      vertex 3.8 1.93185 16.5176
      vertex 3.8 2.89778 16.7765
      vertex 3.8 1.98289 16.2611
    endloop
  endfacet
  facet normal -1 0 0
    outer loop
      vertex 3.8 1.84776 16.7654
      vertex 3.8 2.77164 17.148
      vertex 3.8 1.93185 16.5176
    endloop
  endfacet
  facet normal -1 -0 0
    outer loop
      vertex 3.8 2.89778 16.7765
      vertex 3.8 1.93185 16.5176
      vertex 3.8 2.77164 17.148
    endloop
  endfacet
  facet normal -1 -0 0
    outer loop
      vertex 3.8 2.97433 16.3916
      vertex 3.8 1.98289 16.2611
      vertex 3.8 2.89778 16.7765
    endloop
  endfacet
  facet normal -1 0 0
    outer loop
      vertex 3.8 3 16
      vertex 3.8 2 16
      vertex 3.8 2.97433 16.3916
    endloop
  endfacet
  facet normal -1 0 -0
    outer loop
      vertex 3.8 1.98289 15.7389
      vertex 3.8 3 16
      vertex 3.8 1.93185 15.4824
    endloop
  endfacet
  facet normal -1 0 0
    outer loop
      vertex 3.8 3 16
      vertex 3.8 1.58671 14.7825
      vertex 3.8 1.73205 15
    endloop
  endfacet
  facet normal -1 0 0
    outer loop
      vertex 3.8 3 4.42857
      vertex 3.8 1.41421 14.5858
      vertex 3.8 1.58671 14.7825
    endloop
  endfacet
  facet normal -1 0 0
    outer loop
      vertex 3.8 3 4.42857
      vertex 3.8 1.21752 14.4133
      vertex 3.8 1.41421 14.5858
    endloop
  endfacet
  facet normal -1 0 0
    outer loop
      vertex 3.8 3 4.42857
      vertex 3.8 1 14.2679
      vertex 3.8 1.21752 14.4133
    endloop
  endfacet
  facet normal -1 0 0
    outer loop
      vertex 3.8 3 4.42857
      vertex 3.8 0.765367 14.1522
      vertex 3.8 1 14.2679
    endloop
  endfacet
  facet normal -1 0 0
    outer loop
      vertex 3.8 3 4.42857
      vertex 3.8 0.517637 14.0681
      vertex 3.8 0.765367 14.1522
    endloop
  endfacet
  facet normal -1 0 0
    outer loop
      vertex 3.8 3 4.42857
      vertex 3.8 0.261052 14.0171
      vertex 3.8 0.517637 14.0681
    endloop
  endfacet
  facet normal -1 0 0
    outer loop
      vertex 3.8 3 4.42857
      vertex 3.8 0 14
      vertex 3.8 0.261052 14.0171
    endloop
  endfacet
  facet normal -1 0 0
    outer loop
      vertex 3.8 3 4.42857
      vertex 3.8 -0.261052 14.0171
      vertex 3.8 0 14
    endloop
  endfacet
  facet normal -1 0 0
    outer loop
      vertex 3.8 -3 3.57143
      vertex 3.8 -0.261052 14.0171
      vertex 3.8 3 4.42857
    endloop
  endfacet
  facet normal -1 -0 0
    outer loop
      vertex 3.8 -0.261052 14.0171
      vertex 3.8 -3 3.57143
      vertex 3.8 -0.517637 14.0681
    endloop
  endfacet
  facet normal -1 -0 0
    outer loop
      vertex 3.8 -0.517637 14.0681
      vertex 3.8 -3 3.57143
      vertex 3.8 -0.765367 14.1522
    endloop
  endfacet
  facet normal -1 -0 0
    outer loop
      vertex 3.8 -0.765367 14.1522
      vertex 3.8 -3 3.57143
      vertex 3.8 -1 14.2679
    endloop
  endfacet
  facet normal -1 -0 0
    outer loop
      vertex 3.8 -1 14.2679
      vertex 3.8 -3 3.57143
      vertex 3.8 -1.21752 14.4133
    endloop
  endfacet
  facet normal -1 -0 0
    outer loop
      vertex 3.8 -1.21752 14.4133
      vertex 3.8 -3 3.57143
      vertex 3.8 -1.41421 14.5858
    endloop
  endfacet
  facet normal -1 -0 0
    outer loop
      vertex 3.8 -1.41421 14.5858
      vertex 3.8 -3 3.57143
      vertex 3.8 -1.58671 14.7825
    endloop
  endfacet
  facet normal -1 0 0
    outer loop
      vertex 3.8 -3 16
      vertex 3.8 -1.58671 14.7825
      vertex 3.8 -3 3.57143
    endloop
  endfacet
  facet normal -1 0 0
    outer loop
      vertex 3.8 -1.58671 17.2175
      vertex 3.8 -2.38006 17.8263
      vertex 3.8 -2.12132 18.1213
    endloop
  endfacet
  facet normal -1 0 0
    outer loop
      vertex 3.8 -3 16
      vertex 3.8 -2 16
      vertex 3.8 -1.98289 15.7389
    endloop
  endfacet
  facet normal -1 0 0
    outer loop
      vertex 3.8 -1.98289 16.2611
      vertex 3.8 -2.59808 17.5
      vertex 3.8 -2.38006 17.8263
    endloop
  endfacet
  facet normal -1 0 0
    outer loop
      vertex 3.8 -3 16
      vertex 3.8 -1.98289 15.7389
      vertex 3.8 -1.93185 15.4824
    endloop
  endfacet
  facet normal -1 0 0
    outer loop
      vertex 3.8 -1.98289 16.2611
      vertex 3.8 -2.77164 17.148
      vertex 3.8 -2.59808 17.5
    endloop
  endfacet
  facet normal -1 0 0
    outer loop
      vertex 3.8 -3 16
      vertex 3.8 -1.93185 15.4824
      vertex 3.8 -1.84776 15.2346
    endloop
  endfacet
  facet normal -1 0 0
    outer loop
      vertex 3.8 -1.58671 14.7825
      vertex 3.8 -3 16
      vertex 3.8 -1.73205 15
    endloop
  endfacet
  facet normal -1 0 0
    outer loop
      vertex 3.8 -2 16
      vertex 3.8 -3 16
      vertex 3.8 -2.97433 16.3916
    endloop
  endfacet
  facet normal -1 0 0
    outer loop
      vertex 3.8 -1.98289 16.2611
      vertex 3.8 -2.89778 16.7765
      vertex 3.8 -2.77164 17.148
    endloop
  endfacet
  facet normal -1 0 0
    outer loop
      vertex 3.8 -1.73205 15
      vertex 3.8 -3 16
      vertex 3.8 -1.84776 15.2346
    endloop
  endfacet
  facet normal -1 0 0
    outer loop
      vertex 3.8 -1.98289 16.2611
      vertex 3.8 -2.97433 16.3916
      vertex 3.8 -2.89778 16.7765
    endloop
  endfacet
  facet normal -1 -0 0
    outer loop
      vertex 3.8 2.77164 17.148
      vertex 3.8 1.84776 16.7654
      vertex 3.8 2.59808 17.5
    endloop
  endfacet
  facet normal -1 0 0
    outer loop
      vertex 3.8 1.73205 17
      vertex 3.8 2.59808 17.5
      vertex 3.8 1.84776 16.7654
    endloop
  endfacet
  facet normal -1 -0 0
    outer loop
      vertex 3.8 2.59808 17.5
      vertex 3.8 1.73205 17
      vertex 3.8 2.38006 17.8263
    endloop
  endfacet
  facet normal -1 0 0
    outer loop
      vertex 3.8 1.58671 17.2175
      vertex 3.8 2.38006 17.8263
      vertex 3.8 1.73205 17
    endloop
  endfacet
  facet normal -1 -0 0
    outer loop
      vertex 3.8 2.38006 17.8263
      vertex 3.8 1.58671 17.2175
      vertex 3.8 2.12132 18.1213
    endloop
  endfacet
  facet normal -1 0 0
    outer loop
      vertex 3.8 1.41421 17.4142
      vertex 3.8 2.12132 18.1213
      vertex 3.8 1.58671 17.2175
    endloop
  endfacet
  facet normal -1 -0 0
    outer loop
      vertex 3.8 2.12132 18.1213
      vertex 3.8 1.41421 17.4142
      vertex 3.8 1.82628 18.3801
    endloop
  endfacet
  facet normal -1 0 0
    outer loop
      vertex 3.8 1.21752 17.5867
      vertex 3.8 1.82628 18.3801
      vertex 3.8 1.41421 17.4142
    endloop
  endfacet
  facet normal -1 -0 0
    outer loop
      vertex 3.8 1.82628 18.3801
      vertex 3.8 1.21752 17.5867
      vertex 3.8 1.5 18.5981
    endloop
  endfacet
  facet normal -1 0 0
    outer loop
      vertex 3.8 1 17.732
      vertex 3.8 1.5 18.5981
      vertex 3.8 1.21752 17.5867
    endloop
  endfacet
  facet normal -1 -0 0
    outer loop
      vertex 3.8 1.5 18.5981
      vertex 3.8 1 17.732
      vertex 3.8 1.14805 18.7716
    endloop
  endfacet
  facet normal -1 0 0
    outer loop
      vertex 3.8 0.765367 17.8478
      vertex 3.8 1.14805 18.7716
      vertex 3.8 1 17.732
    endloop
  endfacet
  facet normal -1 -0 0
    outer loop
      vertex 3.8 1.14805 18.7716
      vertex 3.8 0.765367 17.8478
      vertex 3.8 0.776457 18.8978
    endloop
  endfacet
  facet normal -1 0 0
    outer loop
      vertex 3.8 0.517637 17.9319
      vertex 3.8 0.776457 18.8978
      vertex 3.8 0.765367 17.8478
    endloop
  endfacet
  facet normal -1 0 0
    outer loop
      vertex 3.8 0.517637 17.9319
      vertex 3.8 0.391578 18.9743
      vertex 3.8 0.776457 18.8978
    endloop
  endfacet
  facet normal -1 0 0
    outer loop
      vertex 3.8 0.261052 17.9829
      vertex 3.8 0.391578 18.9743
      vertex 3.8 0.517637 17.9319
    endloop
  endfacet
  facet normal -1 0 0
    outer loop
      vertex 3.8 0 18
      vertex 3.8 0.391578 18.9743
      vertex 3.8 0.261052 17.9829
    endloop
  endfacet
  facet normal -1 0 0
    outer loop
      vertex 3.8 0 18
      vertex 3.8 0 19
      vertex 3.8 0.391578 18.9743
    endloop
  endfacet
  facet normal -1 0 0
    outer loop
      vertex 3.8 -0.261052 17.9829
      vertex 3.8 0 19
      vertex 3.8 0 18
    endloop
  endfacet
  facet normal -1 0 0
    outer loop
      vertex 3.8 -0.261052 17.9829
      vertex 3.8 -0.391578 18.9743
      vertex 3.8 0 19
    endloop
  endfacet
  facet normal -1 0 0
    outer loop
      vertex 3.8 -0.517637 17.9319
      vertex 3.8 -0.391578 18.9743
      vertex 3.8 -0.261052 17.9829
    endloop
  endfacet
  facet normal -1 0 0
    outer loop
      vertex 3.8 -0.776457 18.8978
      vertex 3.8 -0.517637 17.9319
      vertex 3.8 -0.765367 17.8478
    endloop
  endfacet
  facet normal -1 0 0
    outer loop
      vertex 3.8 -0.517637 17.9319
      vertex 3.8 -0.776457 18.8978
      vertex 3.8 -0.391578 18.9743
    endloop
  endfacet
  facet normal -1 0 0
    outer loop
      vertex 3.8 -1.14805 18.7716
      vertex 3.8 -0.765367 17.8478
      vertex 3.8 -1 17.732
    endloop
  endfacet
  facet normal -1 0 0
    outer loop
      vertex 3.8 -0.765367 17.8478
      vertex 3.8 -1.14805 18.7716
      vertex 3.8 -0.776457 18.8978
    endloop
  endfacet
  facet normal -1 0 0
    outer loop
      vertex 3.8 -1.5 18.5981
      vertex 3.8 -1 17.732
      vertex 3.8 -1.21752 17.5867
    endloop
  endfacet
  facet normal -1 0 0
    outer loop
      vertex 3.8 -1.82628 18.3801
      vertex 3.8 -1.21752 17.5867
      vertex 3.8 -1.41421 17.4142
    endloop
  endfacet
  facet normal -1 0 0
    outer loop
      vertex 3.8 -1 17.732
      vertex 3.8 -1.5 18.5981
      vertex 3.8 -1.14805 18.7716
    endloop
  endfacet
  facet normal -1 0 0
    outer loop
      vertex 3.8 -2.12132 18.1213
      vertex 3.8 -1.41421 17.4142
      vertex 3.8 -1.58671 17.2175
    endloop
  endfacet
  facet normal -1 0 0
    outer loop
      vertex 3.8 -2.38006 17.8263
      vertex 3.8 -1.58671 17.2175
      vertex 3.8 -1.73205 17
    endloop
  endfacet
  facet normal -1 0 0
    outer loop
      vertex 3.8 -1.21752 17.5867
      vertex 3.8 -1.82628 18.3801
      vertex 3.8 -1.5 18.5981
    endloop
  endfacet
  facet normal -1 0 0
    outer loop
      vertex 3.8 -2.38006 17.8263
      vertex 3.8 -1.73205 17
      vertex 3.8 -1.84776 16.7654
    endloop
  endfacet
  facet normal -1 0 0
    outer loop
      vertex 3.8 -2.38006 17.8263
      vertex 3.8 -1.84776 16.7654
      vertex 3.8 -1.93185 16.5176
    endloop
  endfacet
  facet normal -1 0 0
    outer loop
      vertex 3.8 -2.38006 17.8263
      vertex 3.8 -1.93185 16.5176
      vertex 3.8 -1.98289 16.2611
    endloop
  endfacet
  facet normal -1 0 0
    outer loop
      vertex 3.8 -1.41421 17.4142
      vertex 3.8 -2.12132 18.1213
      vertex 3.8 -1.82628 18.3801
    endloop
  endfacet
  facet normal -1 0 0
    outer loop
      vertex 3.8 -2.97433 16.3916
      vertex 3.8 -1.98289 16.2611
      vertex 3.8 -2 16
    endloop
  endfacet
  facet normal 0 1 -0
    outer loop
      vertex 8.3 3 4.42857
      vertex 3.8 3 16
      vertex 8.3 3 16
    endloop
  endfacet
  facet normal 0 1 0
    outer loop
      vertex 3.8 3 16
      vertex 8.3 3 4.42857
      vertex 3.8 3 4.42857
    endloop
  endfacet
  facet normal 0 -1 0
    outer loop
      vertex 3.8 -3 3.57143
      vertex 8.3 -3 16
      vertex 3.8 -3 16
    endloop
  endfacet
  facet normal 0 -1 -0
    outer loop
      vertex 8.3 -3 16
      vertex 3.8 -3 3.57143
      vertex 8.3 -3 3.57143
    endloop
  endfacet
  facet normal 0 -0.8969 0.442233
    outer loop
      vertex 3.8 -2.77164 17.148
      vertex 8.3 -2.59808 17.5
      vertex 3.8 -2.59808 17.5
    endloop
  endfacet
  facet normal 0 -0.8969 0.442233
    outer loop
      vertex 8.3 -2.59808 17.5
      vertex 3.8 -2.77164 17.148
      vertex 8.3 -2.77164 17.148
    endloop
  endfacet
  facet normal 0 -0.980791 0.195062
    outer loop
      vertex 3.8 -2.97433 16.3916
      vertex 8.3 -2.89778 16.7765
      vertex 3.8 -2.89778 16.7765
    endloop
  endfacet
  facet normal 0 -0.980791 0.195062
    outer loop
      vertex 8.3 -2.89778 16.7765
      vertex 3.8 -2.97433 16.3916
      vertex 8.3 -2.97433 16.3916
    endloop
  endfacet
  facet normal -0 0.065491 0.997853
    outer loop
      vertex 3.8 0.391578 18.9743
      vertex 8.3 0 19
      vertex 8.3 0.391578 18.9743
    endloop
  endfacet
  facet normal 0 0.065491 0.997853
    outer loop
      vertex 8.3 0 19
      vertex 3.8 0.391578 18.9743
      vertex 3.8 0 19
    endloop
  endfacet
  facet normal -0 0.19495 0.980813
    outer loop
      vertex 3.8 0.776457 18.8978
      vertex 8.3 0.391578 18.9743
      vertex 8.3 0.776457 18.8978
    endloop
  endfacet
  facet normal 0 0.19495 0.980813
    outer loop
      vertex 8.3 0.391578 18.9743
      vertex 3.8 0.776457 18.8978
      vertex 3.8 0.391578 18.9743
    endloop
  endfacet
  facet normal 0 -0.19495 0.980813
    outer loop
      vertex 3.8 -0.391578 18.9743
      vertex 8.3 -0.776457 18.8978
      vertex 8.3 -0.391578 18.9743
    endloop
  endfacet
  facet normal 0 -0.19495 0.980813
    outer loop
      vertex 8.3 -0.776457 18.8978
      vertex 3.8 -0.391578 18.9743
      vertex 3.8 -0.776457 18.8978
    endloop
  endfacet
  facet normal 0 0.831477 0.555558
    outer loop
      vertex 8.3 2.59808 17.5
      vertex 3.8 2.38006 17.8263
      vertex 8.3 2.38006 17.8263
    endloop
  endfacet
  facet normal 0 0.831477 0.555558
    outer loop
      vertex 3.8 2.38006 17.8263
      vertex 8.3 2.59808 17.5
      vertex 3.8 2.59808 17.5
    endloop
  endfacet
  facet normal 0 -0.065491 0.997853
    outer loop
      vertex 3.8 0 19
      vertex 8.3 -0.391578 18.9743
      vertex 8.3 0 19
    endloop
  endfacet
  facet normal 0 -0.065491 0.997853
    outer loop
      vertex 8.3 -0.391578 18.9743
      vertex 3.8 0 19
      vertex 3.8 -0.391578 18.9743
    endloop
  endfacet
  facet normal -0 0.44216 0.896936
    outer loop
      vertex 3.8 1.5 18.5981
      vertex 8.3 1.14805 18.7716
      vertex 8.3 1.5 18.5981
    endloop
  endfacet
  facet normal 0 0.44216 0.896936
    outer loop
      vertex 8.3 1.14805 18.7716
      vertex 3.8 1.5 18.5981
      vertex 3.8 1.14805 18.7716
    endloop
  endfacet
  facet normal 0 -0.321579 0.946883
    outer loop
      vertex 3.8 -0.776457 18.8978
      vertex 8.3 -1.14805 18.7716
      vertex 8.3 -0.776457 18.8978
    endloop
  endfacet
  facet normal 0 -0.321579 0.946883
    outer loop
      vertex 8.3 -1.14805 18.7716
      vertex 3.8 -0.776457 18.8978
      vertex 3.8 -1.14805 18.7716
    endloop
  endfacet
  facet normal 0 -0.751799 0.659392
    outer loop
      vertex 3.8 -2.38006 17.8263
      vertex 8.3 -2.12132 18.1213
      vertex 3.8 -2.12132 18.1213
    endloop
  endfacet
  facet normal 0 -0.751799 0.659392
    outer loop
      vertex 8.3 -2.12132 18.1213
      vertex 3.8 -2.38006 17.8263
      vertex 8.3 -2.38006 17.8263
    endloop
  endfacet
  facet normal 0 -0.831477 0.555558
    outer loop
      vertex 3.8 -2.59808 17.5
      vertex 8.3 -2.38006 17.8263
      vertex 3.8 -2.38006 17.8263
    endloop
  endfacet
  facet normal 0 -0.831477 0.555558
    outer loop
      vertex 8.3 -2.38006 17.8263
      vertex 3.8 -2.59808 17.5
      vertex 8.3 -2.59808 17.5
    endloop
  endfacet
  facet normal 0 0.8969 0.442233
    outer loop
      vertex 8.3 2.77164 17.148
      vertex 3.8 2.59808 17.5
      vertex 8.3 2.59808 17.5
    endloop
  endfacet
  facet normal 0 0.8969 0.442233
    outer loop
      vertex 3.8 2.59808 17.5
      vertex 8.3 2.77164 17.148
      vertex 3.8 2.77164 17.148
    endloop
  endfacet
  facet normal 0 0.980791 0.195062
    outer loop
      vertex 8.3 2.97433 16.3916
      vertex 3.8 2.89778 16.7765
      vertex 8.3 2.89778 16.7765
    endloop
  endfacet
  facet normal 0 0.980791 0.195062
    outer loop
      vertex 3.8 2.89778 16.7765
      vertex 8.3 2.97433 16.3916
      vertex 3.8 2.97433 16.3916
    endloop
  endfacet
  facet normal 0 0.997858 0.0654112
    outer loop
      vertex 8.3 3 16
      vertex 3.8 2.97433 16.3916
      vertex 8.3 2.97433 16.3916
    endloop
  endfacet
  facet normal 0 0.997858 0.0654112
    outer loop
      vertex 3.8 2.97433 16.3916
      vertex 8.3 3 16
      vertex 3.8 3 16
    endloop
  endfacet
  facet normal -0 0.321579 0.946883
    outer loop
      vertex 3.8 1.14805 18.7716
      vertex 8.3 0.776457 18.8978
      vertex 8.3 1.14805 18.7716
    endloop
  endfacet
  facet normal 0 0.321579 0.946883
    outer loop
      vertex 8.3 0.776457 18.8978
      vertex 3.8 1.14805 18.7716
      vertex 3.8 0.776457 18.8978
    endloop
  endfacet
  facet normal 0 0.946905 0.321514
    outer loop
      vertex 8.3 2.89778 16.7765
      vertex 3.8 2.77164 17.148
      vertex 8.3 2.77164 17.148
    endloop
  endfacet
  facet normal 0 0.946905 0.321514
    outer loop
      vertex 3.8 2.77164 17.148
      vertex 8.3 2.89778 16.7765
      vertex 3.8 2.89778 16.7765
    endloop
  endfacet
  facet normal 0 -0.44216 0.896936
    outer loop
      vertex 3.8 -1.14805 18.7716
      vertex 8.3 -1.5 18.5981
      vertex 8.3 -1.14805 18.7716
    endloop
  endfacet
  facet normal 0 -0.44216 0.896936
    outer loop
      vertex 8.3 -1.5 18.5981
      vertex 3.8 -1.14805 18.7716
      vertex 3.8 -1.5 18.5981
    endloop
  endfacet
  facet normal 0 0.751799 0.659392
    outer loop
      vertex 8.3 2.38006 17.8263
      vertex 3.8 2.12132 18.1213
      vertex 8.3 2.12132 18.1213
    endloop
  endfacet
  facet normal 0 0.751799 0.659392
    outer loop
      vertex 3.8 2.12132 18.1213
      vertex 8.3 2.38006 17.8263
      vertex 3.8 2.38006 17.8263
    endloop
  endfacet
  facet normal 0 -0.555547 0.831485
    outer loop
      vertex 3.8 -1.5 18.5981
      vertex 8.3 -1.82628 18.3801
      vertex 8.3 -1.5 18.5981
    endloop
  endfacet
  facet normal 0 -0.555547 0.831485
    outer loop
      vertex 8.3 -1.82628 18.3801
      vertex 3.8 -1.5 18.5981
      vertex 3.8 -1.82628 18.3801
    endloop
  endfacet
  facet normal -0 0.659428 0.751768
    outer loop
      vertex 3.8 2.12132 18.1213
      vertex 8.3 1.82628 18.3801
      vertex 8.3 2.12132 18.1213
    endloop
  endfacet
  facet normal 0 0.659428 0.751768
    outer loop
      vertex 8.3 1.82628 18.3801
      vertex 3.8 2.12132 18.1213
      vertex 3.8 1.82628 18.3801
    endloop
  endfacet
  facet normal 0 -0.946905 0.321514
    outer loop
      vertex 3.8 -2.89778 16.7765
      vertex 8.3 -2.77164 17.148
      vertex 3.8 -2.77164 17.148
    endloop
  endfacet
  facet normal 0 -0.946905 0.321514
    outer loop
      vertex 8.3 -2.77164 17.148
      vertex 3.8 -2.89778 16.7765
      vertex 8.3 -2.89778 16.7765
    endloop
  endfacet
  facet normal 0 -0.659428 0.751768
    outer loop
      vertex 3.8 -1.82628 18.3801
      vertex 8.3 -2.12132 18.1213
      vertex 8.3 -1.82628 18.3801
    endloop
  endfacet
  facet normal 0 -0.659428 0.751768
    outer loop
      vertex 8.3 -2.12132 18.1213
      vertex 3.8 -1.82628 18.3801
      vertex 3.8 -2.12132 18.1213
    endloop
  endfacet
  facet normal 0 -0.997858 0.0654112
    outer loop
      vertex 3.8 -3 16
      vertex 8.3 -2.97433 16.3916
      vertex 3.8 -2.97433 16.3916
    endloop
  endfacet
  facet normal 0 -0.997858 0.0654112
    outer loop
      vertex 8.3 -2.97433 16.3916
      vertex 3.8 -3 16
      vertex 8.3 -3 16
    endloop
  endfacet
  facet normal -0 0.555547 0.831485
    outer loop
      vertex 3.8 1.82628 18.3801
      vertex 8.3 1.5 18.5981
      vertex 8.3 1.82628 18.3801
    endloop
  endfacet
  facet normal 0 0.555547 0.831485
    outer loop
      vertex 8.3 1.5 18.5981
      vertex 3.8 1.82628 18.3801
      vertex 3.8 1.5 18.5981
    endloop
  endfacet
  facet normal 0 0.99786 0.0653902
    outer loop
      vertex -3.8 -1.98289 15.7389
      vertex -8.3 -2 16
      vertex -3.8 -2 16
    endloop
  endfacet
  facet normal 0 0.99786 0.0653902
    outer loop
      vertex -8.3 -2 16
      vertex -3.8 -1.98289 15.7389
      vertex -8.3 -1.98289 15.7389
    endloop
  endfacet
  facet normal -0 0.659362 0.751826
    outer loop
      vertex -8.3 -1.21752 14.4133
      vertex -3.8 -1.41421 14.5858
      vertex -3.8 -1.21752 14.4133
    endloop
  endfacet
  facet normal 0 0.659362 0.751826
    outer loop
      vertex -3.8 -1.41421 14.5858
      vertex -8.3 -1.21752 14.4133
      vertex -8.3 -1.41421 14.5858
    endloop
  endfacet
  facet normal 0 -0.321463 -0.946922
    outer loop
      vertex -8.3 0.517637 17.9319
      vertex -3.8 0.765367 17.8478
      vertex -3.8 0.517637 17.9319
    endloop
  endfacet
  facet normal -0 -0.321463 -0.946922
    outer loop
      vertex -3.8 0.765367 17.8478
      vertex -8.3 0.517637 17.9319
      vertex -8.3 0.765367 17.8478
    endloop
  endfacet
  facet normal 0 -0.0653641 0.997861
    outer loop
      vertex -8.3 0.261052 14.0171
      vertex -3.8 0 14
      vertex -3.8 0.261052 14.0171
    endloop
  endfacet
  facet normal 0 -0.0653641 0.997861
    outer loop
      vertex -3.8 0 14
      vertex -8.3 0.261052 14.0171
      vertex -8.3 0 14
    endloop
  endfacet
  facet normal 0 -0.555723 0.831368
    outer loop
      vertex -8.3 1.21752 14.4133
      vertex -3.8 1 14.2679
      vertex -3.8 1.21752 14.4133
    endloop
  endfacet
  facet normal 0 -0.555723 0.831368
    outer loop
      vertex -3.8 1 14.2679
      vertex -8.3 1.21752 14.4133
      vertex -8.3 1 14.2679
    endloop
  endfacet
  facet normal -0 0.194951 0.980813
    outer loop
      vertex -8.3 -0.261052 14.0171
      vertex -3.8 -0.517637 14.0681
      vertex -3.8 -0.261052 14.0171
    endloop
  endfacet
  facet normal 0 0.194951 0.980813
    outer loop
      vertex -3.8 -0.517637 14.0681
      vertex -8.3 -0.261052 14.0171
      vertex -8.3 -0.517637 14.0681
    endloop
  endfacet
  facet normal 0 0.751842 0.659343
    outer loop
      vertex -3.8 -1.41421 14.5858
      vertex -8.3 -1.58671 14.7825
      vertex -3.8 -1.58671 14.7825
    endloop
  endfacet
  facet normal 0 0.751842 0.659343
    outer loop
      vertex -8.3 -1.58671 14.7825
      vertex -3.8 -1.41421 14.5858
      vertex -8.3 -1.41421 14.5858
    endloop
  endfacet
  facet normal 0 -0.946961 0.321348
    outer loop
      vertex -8.3 1.84776 15.2346
      vertex -3.8 1.93185 15.4824
      vertex -8.3 1.93185 15.4824
    endloop
  endfacet
  facet normal 0 -0.946961 0.321348
    outer loop
      vertex -3.8 1.93185 15.4824
      vertex -8.3 1.84776 15.2346
      vertex -3.8 1.84776 15.2346
    endloop
  endfacet
  facet normal 0 0.555459 -0.831544
    outer loop
      vertex -8.3 -1.21752 17.5867
      vertex -3.8 -1 17.732
      vertex -3.8 -1.21752 17.5867
    endloop
  endfacet
  facet normal 0 0.555459 -0.831544
    outer loop
      vertex -3.8 -1 17.732
      vertex -8.3 -1.21752 17.5867
      vertex -8.3 -1 17.732
    endloop
  endfacet
  facet normal 0 -0.0653641 -0.997861
    outer loop
      vertex -8.3 0 18
      vertex -3.8 0.261052 17.9829
      vertex -3.8 0 18
    endloop
  endfacet
  facet normal -0 -0.0653641 -0.997861
    outer loop
      vertex -3.8 0.261052 17.9829
      vertex -8.3 0 18
      vertex -8.3 0.261052 17.9829
    endloop
  endfacet
  facet normal 0 0.659362 -0.751826
    outer loop
      vertex -8.3 -1.41421 17.4142
      vertex -3.8 -1.21752 17.5867
      vertex -3.8 -1.41421 17.4142
    endloop
  endfacet
  facet normal 0 0.659362 -0.751826
    outer loop
      vertex -3.8 -1.21752 17.5867
      vertex -8.3 -1.41421 17.4142
      vertex -8.3 -1.21752 17.5867
    endloop
  endfacet
  facet normal 0 0.980771 -0.19516
    outer loop
      vertex -3.8 -1.98289 16.2611
      vertex -8.3 -1.93185 16.5176
      vertex -3.8 -1.93185 16.5176
    endloop
  endfacet
  facet normal 0 0.980771 -0.19516
    outer loop
      vertex -8.3 -1.93185 16.5176
      vertex -3.8 -1.98289 16.2611
      vertex -8.3 -1.98289 16.2611
    endloop
  endfacet
  facet normal 0 0.321463 -0.946922
    outer loop
      vertex -8.3 -0.765367 17.8478
      vertex -3.8 -0.517637 17.9319
      vertex -3.8 -0.765367 17.8478
    endloop
  endfacet
  facet normal 0 0.321463 -0.946922
    outer loop
      vertex -3.8 -0.517637 17.9319
      vertex -8.3 -0.765367 17.8478
      vertex -8.3 -0.517637 17.9319
    endloop
  endfacet
  facet normal 0 0.99786 -0.0653902
    outer loop
      vertex -3.8 -2 16
      vertex -8.3 -1.98289 16.2611
      vertex -3.8 -1.98289 16.2611
    endloop
  endfacet
  facet normal 0 0.99786 -0.0653902
    outer loop
      vertex -8.3 -1.98289 16.2611
      vertex -3.8 -2 16
      vertex -8.3 -2 16
    endloop
  endfacet
  facet normal 0 0.946961 0.321348
    outer loop
      vertex -3.8 -1.84776 15.2346
      vertex -8.3 -1.93185 15.4824
      vertex -3.8 -1.93185 15.4824
    endloop
  endfacet
  facet normal 0 0.946961 0.321348
    outer loop
      vertex -8.3 -1.93185 15.4824
      vertex -3.8 -1.84776 15.2346
      vertex -8.3 -1.84776 15.2346
    endloop
  endfacet
  facet normal 0 -0.751842 0.659343
    outer loop
      vertex -8.3 1.41421 14.5858
      vertex -3.8 1.58671 14.7825
      vertex -8.3 1.58671 14.7825
    endloop
  endfacet
  facet normal 0 -0.751842 0.659343
    outer loop
      vertex -3.8 1.58671 14.7825
      vertex -8.3 1.41421 14.5858
      vertex -3.8 1.41421 14.5858
    endloop
  endfacet
  facet normal 0 -0.659362 -0.751826
    outer loop
      vertex -8.3 1.21752 17.5867
      vertex -3.8 1.41421 17.4142
      vertex -3.8 1.21752 17.5867
    endloop
  endfacet
  facet normal -0 -0.659362 -0.751826
    outer loop
      vertex -3.8 1.41421 17.4142
      vertex -8.3 1.21752 17.5867
      vertex -8.3 1.41421 17.4142
    endloop
  endfacet
  facet normal 0 -0.751842 -0.659343
    outer loop
      vertex -8.3 1.58671 17.2175
      vertex -3.8 1.41421 17.4142
      vertex -8.3 1.41421 17.4142
    endloop
  endfacet
  facet normal 0 -0.751842 -0.659343
    outer loop
      vertex -3.8 1.41421 17.4142
      vertex -8.3 1.58671 17.2175
      vertex -3.8 1.58671 17.2175
    endloop
  endfacet
  facet normal 0 -0.946961 -0.321348
    outer loop
      vertex -8.3 1.93185 16.5176
      vertex -3.8 1.84776 16.7654
      vertex -8.3 1.84776 16.7654
    endloop
  endfacet
  facet normal 0 -0.946961 -0.321348
    outer loop
      vertex -3.8 1.84776 16.7654
      vertex -8.3 1.93185 16.5176
      vertex -3.8 1.93185 16.5176
    endloop
  endfacet
  facet normal 0 0.751842 -0.659343
    outer loop
      vertex -3.8 -1.58671 17.2175
      vertex -8.3 -1.41421 17.4142
      vertex -3.8 -1.41421 17.4142
    endloop
  endfacet
  facet normal 0 0.751842 -0.659343
    outer loop
      vertex -8.3 -1.41421 17.4142
      vertex -3.8 -1.58671 17.2175
      vertex -8.3 -1.58671 17.2175
    endloop
  endfacet
  facet normal 0 -0.83145 -0.5556
    outer loop
      vertex -8.3 1.73205 17
      vertex -3.8 1.58671 17.2175
      vertex -8.3 1.58671 17.2175
    endloop
  endfacet
  facet normal 0 -0.83145 -0.5556
    outer loop
      vertex -3.8 1.58671 17.2175
      vertex -8.3 1.73205 17
      vertex -3.8 1.73205 17
    endloop
  endfacet
  facet normal 0 -0.194951 0.980813
    outer loop
      vertex -8.3 0.517637 14.0681
      vertex -3.8 0.261052 14.0171
      vertex -3.8 0.517637 14.0681
    endloop
  endfacet
  facet normal 0 -0.194951 0.980813
    outer loop
      vertex -3.8 0.261052 14.0171
      vertex -8.3 0.517637 14.0681
      vertex -8.3 0.261052 14.0171
    endloop
  endfacet
  facet normal -0 0.555723 0.831368
    outer loop
      vertex -8.3 -1 14.2679
      vertex -3.8 -1.21752 14.4133
      vertex -3.8 -1 14.2679
    endloop
  endfacet
  facet normal 0 0.555723 0.831368
    outer loop
      vertex -3.8 -1.21752 14.4133
      vertex -8.3 -1 14.2679
      vertex -8.3 -1.21752 14.4133
    endloop
  endfacet
  facet normal 0 0.0653641 -0.997861
    outer loop
      vertex -8.3 -0.261052 17.9829
      vertex -3.8 0 18
      vertex -3.8 -0.261052 17.9829
    endloop
  endfacet
  facet normal 0 0.0653641 -0.997861
    outer loop
      vertex -3.8 0 18
      vertex -8.3 -0.261052 17.9829
      vertex -8.3 0 18
    endloop
  endfacet
  facet normal 0 -0.659362 0.751826
    outer loop
      vertex -8.3 1.41421 14.5858
      vertex -3.8 1.21752 14.4133
      vertex -3.8 1.41421 14.5858
    endloop
  endfacet
  facet normal 0 -0.659362 0.751826
    outer loop
      vertex -3.8 1.21752 14.4133
      vertex -8.3 1.41421 14.5858
      vertex -8.3 1.21752 14.4133
    endloop
  endfacet
  facet normal 0 -0.442264 0.896885
    outer loop
      vertex -8.3 1 14.2679
      vertex -3.8 0.765367 14.1522
      vertex -3.8 1 14.2679
    endloop
  endfacet
  facet normal 0 -0.442264 0.896885
    outer loop
      vertex -3.8 0.765367 14.1522
      vertex -8.3 1 14.2679
      vertex -8.3 0.765367 14.1522
    endloop
  endfacet
  facet normal -0 0.0653641 0.997861
    outer loop
      vertex -8.3 0 14
      vertex -3.8 -0.261052 14.0171
      vertex -3.8 0 14
    endloop
  endfacet
  facet normal 0 0.0653641 0.997861
    outer loop
      vertex -3.8 -0.261052 14.0171
      vertex -8.3 0 14
      vertex -8.3 -0.261052 14.0171
    endloop
  endfacet
  facet normal 0 -0.83145 0.5556
    outer loop
      vertex -8.3 1.58671 14.7825
      vertex -3.8 1.73205 15
      vertex -8.3 1.73205 15
    endloop
  endfacet
  facet normal 0 -0.83145 0.5556
    outer loop
      vertex -3.8 1.73205 15
      vertex -8.3 1.58671 14.7825
      vertex -3.8 1.58671 14.7825
    endloop
  endfacet
  facet normal 0 -0.194951 -0.980813
    outer loop
      vertex -8.3 0.261052 17.9829
      vertex -3.8 0.517637 17.9319
      vertex -3.8 0.261052 17.9829
    endloop
  endfacet
  facet normal -0 -0.194951 -0.980813
    outer loop
      vertex -3.8 0.517637 17.9319
      vertex -8.3 0.261052 17.9829
      vertex -8.3 0.517637 17.9319
    endloop
  endfacet
  facet normal 0 -0.980771 -0.19516
    outer loop
      vertex -8.3 1.98289 16.2611
      vertex -3.8 1.93185 16.5176
      vertex -8.3 1.93185 16.5176
    endloop
  endfacet
  facet normal 0 -0.980771 -0.19516
    outer loop
      vertex -3.8 1.93185 16.5176
      vertex -8.3 1.98289 16.2611
      vertex -3.8 1.98289 16.2611
    endloop
  endfacet
  facet normal 0 -0.99786 -0.0653902
    outer loop
      vertex -8.3 2 16
      vertex -3.8 1.98289 16.2611
      vertex -8.3 1.98289 16.2611
    endloop
  endfacet
  facet normal 0 -0.99786 -0.0653902
    outer loop
      vertex -3.8 1.98289 16.2611
      vertex -8.3 2 16
      vertex -3.8 2 16
    endloop
  endfacet
  facet normal 0 -0.99786 0.0653902
    outer loop
      vertex -8.3 1.98289 15.7389
      vertex -3.8 2 16
      vertex -8.3 2 16
    endloop
  endfacet
  facet normal 0 -0.99786 0.0653902
    outer loop
      vertex -3.8 2 16
      vertex -8.3 1.98289 15.7389
      vertex -3.8 1.98289 15.7389
    endloop
  endfacet
  facet normal 0 0.980771 0.19516
    outer loop
      vertex -3.8 -1.93185 15.4824
      vertex -8.3 -1.98289 15.7389
      vertex -3.8 -1.98289 15.7389
    endloop
  endfacet
  facet normal 0 0.980771 0.19516
    outer loop
      vertex -8.3 -1.98289 15.7389
      vertex -3.8 -1.93185 15.4824
      vertex -8.3 -1.93185 15.4824
    endloop
  endfacet
  facet normal 0 -0.896845 0.442344
    outer loop
      vertex -8.3 1.73205 15
      vertex -3.8 1.84776 15.2346
      vertex -8.3 1.84776 15.2346
    endloop
  endfacet
  facet normal 0 -0.896845 0.442344
    outer loop
      vertex -3.8 1.84776 15.2346
      vertex -8.3 1.73205 15
      vertex -3.8 1.73205 15
    endloop
  endfacet
  facet normal 0 0.442571 -0.896734
    outer loop
      vertex -8.3 -1 17.732
      vertex -3.8 -0.765367 17.8478
      vertex -3.8 -1 17.732
    endloop
  endfacet
  facet normal 0 0.442571 -0.896734
    outer loop
      vertex -3.8 -0.765367 17.8478
      vertex -8.3 -1 17.732
      vertex -8.3 -0.765367 17.8478
    endloop
  endfacet
  facet normal 0 -0.980771 0.19516
    outer loop
      vertex -8.3 1.93185 15.4824
      vertex -3.8 1.98289 15.7389
      vertex -8.3 1.98289 15.7389
    endloop
  endfacet
  facet normal 0 -0.980771 0.19516
    outer loop
      vertex -3.8 1.98289 15.7389
      vertex -8.3 1.93185 15.4824
      vertex -3.8 1.93185 15.4824
    endloop
  endfacet
  facet normal 0 -0.321463 0.946922
    outer loop
      vertex -8.3 0.765367 14.1522
      vertex -3.8 0.517637 14.0681
      vertex -3.8 0.765367 14.1522
    endloop
  endfacet
  facet normal 0 -0.321463 0.946922
    outer loop
      vertex -3.8 0.517637 14.0681
      vertex -8.3 0.765367 14.1522
      vertex -8.3 0.517637 14.0681
    endloop
  endfacet
  facet normal 0 0.83145 0.5556
    outer loop
      vertex -3.8 -1.58671 14.7825
      vertex -8.3 -1.73205 15
      vertex -3.8 -1.73205 15
    endloop
  endfacet
  facet normal 0 0.83145 0.5556
    outer loop
      vertex -8.3 -1.73205 15
      vertex -3.8 -1.58671 14.7825
      vertex -8.3 -1.58671 14.7825
    endloop
  endfacet
  facet normal -0 0.321463 0.946922
    outer loop
      vertex -8.3 -0.517637 14.0681
      vertex -3.8 -0.765367 14.1522
      vertex -3.8 -0.517637 14.0681
    endloop
  endfacet
  facet normal 0 0.321463 0.946922
    outer loop
      vertex -3.8 -0.765367 14.1522
      vertex -8.3 -0.517637 14.0681
      vertex -8.3 -0.765367 14.1522
    endloop
  endfacet
  facet normal -0 0.442264 0.896885
    outer loop
      vertex -8.3 -0.765367 14.1522
      vertex -3.8 -1 14.2679
      vertex -3.8 -0.765367 14.1522
    endloop
  endfacet
  facet normal 0 0.442264 0.896885
    outer loop
      vertex -3.8 -1 14.2679
      vertex -8.3 -0.765367 14.1522
      vertex -8.3 -1 14.2679
    endloop
  endfacet
  facet normal 0 0.946961 -0.321348
    outer loop
      vertex -3.8 -1.93185 16.5176
      vertex -8.3 -1.84776 16.7654
      vertex -3.8 -1.84776 16.7654
    endloop
  endfacet
  facet normal 0 0.946961 -0.321348
    outer loop
      vertex -8.3 -1.84776 16.7654
      vertex -3.8 -1.93185 16.5176
      vertex -8.3 -1.93185 16.5176
    endloop
  endfacet
  facet normal 0 -0.896845 -0.442344
    outer loop
      vertex -8.3 1.84776 16.7654
      vertex -3.8 1.73205 17
      vertex -8.3 1.73205 17
    endloop
  endfacet
  facet normal 0 -0.896845 -0.442344
    outer loop
      vertex -3.8 1.73205 17
      vertex -8.3 1.84776 16.7654
      vertex -3.8 1.84776 16.7654
    endloop
  endfacet
  facet normal 0 0.194951 -0.980813
    outer loop
      vertex -8.3 -0.517637 17.9319
      vertex -3.8 -0.261052 17.9829
      vertex -3.8 -0.517637 17.9319
    endloop
  endfacet
  facet normal 0 0.194951 -0.980813
    outer loop
      vertex -3.8 -0.261052 17.9829
      vertex -8.3 -0.517637 17.9319
      vertex -8.3 -0.261052 17.9829
    endloop
  endfacet
  facet normal 0 0.896845 0.442344
    outer loop
      vertex -3.8 -1.73205 15
      vertex -8.3 -1.84776 15.2346
      vertex -3.8 -1.84776 15.2346
    endloop
  endfacet
  facet normal 0 0.896845 0.442344
    outer loop
      vertex -8.3 -1.84776 15.2346
      vertex -3.8 -1.73205 15
      vertex -8.3 -1.73205 15
    endloop
  endfacet
  facet normal 0 0.896845 -0.442344
    outer loop
      vertex -3.8 -1.84776 16.7654
      vertex -8.3 -1.73205 17
      vertex -3.8 -1.73205 17
    endloop
  endfacet
  facet normal 0 0.896845 -0.442344
    outer loop
      vertex -8.3 -1.73205 17
      vertex -3.8 -1.84776 16.7654
      vertex -8.3 -1.84776 16.7654
    endloop
  endfacet
  facet normal 0 -0.442571 -0.896734
    outer loop
      vertex -8.3 0.765367 17.8478
      vertex -3.8 1 17.732
      vertex -3.8 0.765367 17.8478
    endloop
  endfacet
  facet normal -0 -0.442571 -0.896734
    outer loop
      vertex -3.8 1 17.732
      vertex -8.3 0.765367 17.8478
      vertex -8.3 1 17.732
    endloop
  endfacet
  facet normal 0 -0.555459 -0.831544
    outer loop
      vertex -8.3 1 17.732
      vertex -3.8 1.21752 17.5867
      vertex -3.8 1 17.732
    endloop
  endfacet
  facet normal -0 -0.555459 -0.831544
    outer loop
      vertex -3.8 1.21752 17.5867
      vertex -8.3 1 17.732
      vertex -8.3 1.21752 17.5867
    endloop
  endfacet
  facet normal 0 0.83145 -0.5556
    outer loop
      vertex -3.8 -1.73205 17
      vertex -8.3 -1.58671 17.2175
      vertex -3.8 -1.58671 17.2175
    endloop
  endfacet
  facet normal 0 0.83145 -0.5556
    outer loop
      vertex -8.3 -1.58671 17.2175
      vertex -3.8 -1.73205 17
      vertex -8.3 -1.73205 17
    endloop
  endfacet
  facet normal 0 0.99786 0.0653902
    outer loop
      vertex 8.3 -1.98289 15.7389
      vertex 3.8 -2 16
      vertex 8.3 -2 16
    endloop
  endfacet
  facet normal 0 0.99786 0.0653902
    outer loop
      vertex 3.8 -2 16
      vertex 8.3 -1.98289 15.7389
      vertex 3.8 -1.98289 15.7389
    endloop
  endfacet
  facet normal -0 0.659362 0.751826
    outer loop
      vertex 3.8 -1.21752 14.4133
      vertex 8.3 -1.41421 14.5858
      vertex 8.3 -1.21752 14.4133
    endloop
  endfacet
  facet normal 0 0.659362 0.751826
    outer loop
      vertex 8.3 -1.41421 14.5858
      vertex 3.8 -1.21752 14.4133
      vertex 3.8 -1.41421 14.5858
    endloop
  endfacet
  facet normal 0 -0.321463 -0.946922
    outer loop
      vertex 3.8 0.517637 17.9319
      vertex 8.3 0.765367 17.8478
      vertex 8.3 0.517637 17.9319
    endloop
  endfacet
  facet normal -0 -0.321463 -0.946922
    outer loop
      vertex 8.3 0.765367 17.8478
      vertex 3.8 0.517637 17.9319
      vertex 3.8 0.765367 17.8478
    endloop
  endfacet
  facet normal 0 -0.0653641 0.997861
    outer loop
      vertex 3.8 0.261052 14.0171
      vertex 8.3 0 14
      vertex 8.3 0.261052 14.0171
    endloop
  endfacet
  facet normal 0 -0.0653641 0.997861
    outer loop
      vertex 8.3 0 14
      vertex 3.8 0.261052 14.0171
      vertex 3.8 0 14
    endloop
  endfacet
  facet normal 0 -0.555723 0.831368
    outer loop
      vertex 3.8 1.21752 14.4133
      vertex 8.3 1 14.2679
      vertex 8.3 1.21752 14.4133
    endloop
  endfacet
  facet normal 0 -0.555723 0.831368
    outer loop
      vertex 8.3 1 14.2679
      vertex 3.8 1.21752 14.4133
      vertex 3.8 1 14.2679
    endloop
  endfacet
  facet normal -0 0.194951 0.980813
    outer loop
      vertex 3.8 -0.261052 14.0171
      vertex 8.3 -0.517637 14.0681
      vertex 8.3 -0.261052 14.0171
    endloop
  endfacet
  facet normal 0 0.194951 0.980813
    outer loop
      vertex 8.3 -0.517637 14.0681
      vertex 3.8 -0.261052 14.0171
      vertex 3.8 -0.517637 14.0681
    endloop
  endfacet
  facet normal 0 0.751842 0.659343
    outer loop
      vertex 8.3 -1.41421 14.5858
      vertex 3.8 -1.58671 14.7825
      vertex 8.3 -1.58671 14.7825
    endloop
  endfacet
  facet normal 0 0.751842 0.659343
    outer loop
      vertex 3.8 -1.58671 14.7825
      vertex 8.3 -1.41421 14.5858
      vertex 3.8 -1.41421 14.5858
    endloop
  endfacet
  facet normal 0 -0.946961 0.321348
    outer loop
      vertex 3.8 1.84776 15.2346
      vertex 8.3 1.93185 15.4824
      vertex 3.8 1.93185 15.4824
    endloop
  endfacet
  facet normal 0 -0.946961 0.321348
    outer loop
      vertex 8.3 1.93185 15.4824
      vertex 3.8 1.84776 15.2346
      vertex 8.3 1.84776 15.2346
    endloop
  endfacet
  facet normal 0 0.555459 -0.831544
    outer loop
      vertex 3.8 -1.21752 17.5867
      vertex 8.3 -1 17.732
      vertex 8.3 -1.21752 17.5867
    endloop
  endfacet
  facet normal 0 0.555459 -0.831544
    outer loop
      vertex 8.3 -1 17.732
      vertex 3.8 -1.21752 17.5867
      vertex 3.8 -1 17.732
    endloop
  endfacet
  facet normal 0 -0.0653641 -0.997861
    outer loop
      vertex 3.8 0 18
      vertex 8.3 0.261052 17.9829
      vertex 8.3 0 18
    endloop
  endfacet
  facet normal -0 -0.0653641 -0.997861
    outer loop
      vertex 8.3 0.261052 17.9829
      vertex 3.8 0 18
      vertex 3.8 0.261052 17.9829
    endloop
  endfacet
  facet normal 0 0.659362 -0.751826
    outer loop
      vertex 3.8 -1.41421 17.4142
      vertex 8.3 -1.21752 17.5867
      vertex 8.3 -1.41421 17.4142
    endloop
  endfacet
  facet normal 0 0.659362 -0.751826
    outer loop
      vertex 8.3 -1.21752 17.5867
      vertex 3.8 -1.41421 17.4142
      vertex 3.8 -1.21752 17.5867
    endloop
  endfacet
  facet normal 0 0.980771 -0.19516
    outer loop
      vertex 8.3 -1.98289 16.2611
      vertex 3.8 -1.93185 16.5176
      vertex 8.3 -1.93185 16.5176
    endloop
  endfacet
  facet normal 0 0.980771 -0.19516
    outer loop
      vertex 3.8 -1.93185 16.5176
      vertex 8.3 -1.98289 16.2611
      vertex 3.8 -1.98289 16.2611
    endloop
  endfacet
  facet normal 0 0.321463 -0.946922
    outer loop
      vertex 3.8 -0.765367 17.8478
      vertex 8.3 -0.517637 17.9319
      vertex 8.3 -0.765367 17.8478
    endloop
  endfacet
  facet normal 0 0.321463 -0.946922
    outer loop
      vertex 8.3 -0.517637 17.9319
      vertex 3.8 -0.765367 17.8478
      vertex 3.8 -0.517637 17.9319
    endloop
  endfacet
  facet normal 0 0.99786 -0.0653902
    outer loop
      vertex 8.3 -2 16
      vertex 3.8 -1.98289 16.2611
      vertex 8.3 -1.98289 16.2611
    endloop
  endfacet
  facet normal 0 0.99786 -0.0653902
    outer loop
      vertex 3.8 -1.98289 16.2611
      vertex 8.3 -2 16
      vertex 3.8 -2 16
    endloop
  endfacet
  facet normal 0 0.946961 0.321348
    outer loop
      vertex 8.3 -1.84776 15.2346
      vertex 3.8 -1.93185 15.4824
      vertex 8.3 -1.93185 15.4824
    endloop
  endfacet
  facet normal 0 0.946961 0.321348
    outer loop
      vertex 3.8 -1.93185 15.4824
      vertex 8.3 -1.84776 15.2346
      vertex 3.8 -1.84776 15.2346
    endloop
  endfacet
  facet normal 0 -0.751842 0.659343
    outer loop
      vertex 3.8 1.41421 14.5858
      vertex 8.3 1.58671 14.7825
      vertex 3.8 1.58671 14.7825
    endloop
  endfacet
  facet normal 0 -0.751842 0.659343
    outer loop
      vertex 8.3 1.58671 14.7825
      vertex 3.8 1.41421 14.5858
      vertex 8.3 1.41421 14.5858
    endloop
  endfacet
  facet normal 0 -0.659362 -0.751826
    outer loop
      vertex 3.8 1.21752 17.5867
      vertex 8.3 1.41421 17.4142
      vertex 8.3 1.21752 17.5867
    endloop
  endfacet
  facet normal -0 -0.659362 -0.751826
    outer loop
      vertex 8.3 1.41421 17.4142
      vertex 3.8 1.21752 17.5867
      vertex 3.8 1.41421 17.4142
    endloop
  endfacet
  facet normal 0 -0.751842 -0.659343
    outer loop
      vertex 3.8 1.58671 17.2175
      vertex 8.3 1.41421 17.4142
      vertex 3.8 1.41421 17.4142
    endloop
  endfacet
  facet normal 0 -0.751842 -0.659343
    outer loop
      vertex 8.3 1.41421 17.4142
      vertex 3.8 1.58671 17.2175
      vertex 8.3 1.58671 17.2175
    endloop
  endfacet
  facet normal 0 -0.946961 -0.321348
    outer loop
      vertex 3.8 1.93185 16.5176
      vertex 8.3 1.84776 16.7654
      vertex 3.8 1.84776 16.7654
    endloop
  endfacet
  facet normal 0 -0.946961 -0.321348
    outer loop
      vertex 8.3 1.84776 16.7654
      vertex 3.8 1.93185 16.5176
      vertex 8.3 1.93185 16.5176
    endloop
  endfacet
  facet normal 0 0.751842 -0.659343
    outer loop
      vertex 8.3 -1.58671 17.2175
      vertex 3.8 -1.41421 17.4142
      vertex 8.3 -1.41421 17.4142
    endloop
  endfacet
  facet normal 0 0.751842 -0.659343
    outer loop
      vertex 3.8 -1.41421 17.4142
      vertex 8.3 -1.58671 17.2175
      vertex 3.8 -1.58671 17.2175
    endloop
  endfacet
  facet normal 0 -0.83145 -0.5556
    outer loop
      vertex 3.8 1.73205 17
      vertex 8.3 1.58671 17.2175
      vertex 3.8 1.58671 17.2175
    endloop
  endfacet
  facet normal 0 -0.83145 -0.5556
    outer loop
      vertex 8.3 1.58671 17.2175
      vertex 3.8 1.73205 17
      vertex 8.3 1.73205 17
    endloop
  endfacet
  facet normal 0 -0.194951 0.980813
    outer loop
      vertex 3.8 0.517637 14.0681
      vertex 8.3 0.261052 14.0171
      vertex 8.3 0.517637 14.0681
    endloop
  endfacet
  facet normal 0 -0.194951 0.980813
    outer loop
      vertex 8.3 0.261052 14.0171
      vertex 3.8 0.517637 14.0681
      vertex 3.8 0.261052 14.0171
    endloop
  endfacet
  facet normal -0 0.555723 0.831368
    outer loop
      vertex 3.8 -1 14.2679
      vertex 8.3 -1.21752 14.4133
      vertex 8.3 -1 14.2679
    endloop
  endfacet
  facet normal 0 0.555723 0.831368
    outer loop
      vertex 8.3 -1.21752 14.4133
      vertex 3.8 -1 14.2679
      vertex 3.8 -1.21752 14.4133
    endloop
  endfacet
  facet normal 0 0.0653641 -0.997861
    outer loop
      vertex 3.8 -0.261052 17.9829
      vertex 8.3 0 18
      vertex 8.3 -0.261052 17.9829
    endloop
  endfacet
  facet normal 0 0.0653641 -0.997861
    outer loop
      vertex 8.3 0 18
      vertex 3.8 -0.261052 17.9829
      vertex 3.8 0 18
    endloop
  endfacet
  facet normal 0 -0.659362 0.751826
    outer loop
      vertex 3.8 1.41421 14.5858
      vertex 8.3 1.21752 14.4133
      vertex 8.3 1.41421 14.5858
    endloop
  endfacet
  facet normal 0 -0.659362 0.751826
    outer loop
      vertex 8.3 1.21752 14.4133
      vertex 3.8 1.41421 14.5858
      vertex 3.8 1.21752 14.4133
    endloop
  endfacet
  facet normal 0 -0.442264 0.896885
    outer loop
      vertex 3.8 1 14.2679
      vertex 8.3 0.765367 14.1522
      vertex 8.3 1 14.2679
    endloop
  endfacet
  facet normal 0 -0.442264 0.896885
    outer loop
      vertex 8.3 0.765367 14.1522
      vertex 3.8 1 14.2679
      vertex 3.8 0.765367 14.1522
    endloop
  endfacet
  facet normal -0 0.0653641 0.997861
    outer loop
      vertex 3.8 0 14
      vertex 8.3 -0.261052 14.0171
      vertex 8.3 0 14
    endloop
  endfacet
  facet normal 0 0.0653641 0.997861
    outer loop
      vertex 8.3 -0.261052 14.0171
      vertex 3.8 0 14
      vertex 3.8 -0.261052 14.0171
    endloop
  endfacet
  facet normal 0 -0.83145 0.5556
    outer loop
      vertex 3.8 1.58671 14.7825
      vertex 8.3 1.73205 15
      vertex 3.8 1.73205 15
    endloop
  endfacet
  facet normal 0 -0.83145 0.5556
    outer loop
      vertex 8.3 1.73205 15
      vertex 3.8 1.58671 14.7825
      vertex 8.3 1.58671 14.7825
    endloop
  endfacet
  facet normal 0 -0.194951 -0.980813
    outer loop
      vertex 3.8 0.261052 17.9829
      vertex 8.3 0.517637 17.9319
      vertex 8.3 0.261052 17.9829
    endloop
  endfacet
  facet normal -0 -0.194951 -0.980813
    outer loop
      vertex 8.3 0.517637 17.9319
      vertex 3.8 0.261052 17.9829
      vertex 3.8 0.517637 17.9319
    endloop
  endfacet
  facet normal 0 -0.980771 -0.19516
    outer loop
      vertex 3.8 1.98289 16.2611
      vertex 8.3 1.93185 16.5176
      vertex 3.8 1.93185 16.5176
    endloop
  endfacet
  facet normal 0 -0.980771 -0.19516
    outer loop
      vertex 8.3 1.93185 16.5176
      vertex 3.8 1.98289 16.2611
      vertex 8.3 1.98289 16.2611
    endloop
  endfacet
  facet normal 0 -0.99786 -0.0653902
    outer loop
      vertex 3.8 2 16
      vertex 8.3 1.98289 16.2611
      vertex 3.8 1.98289 16.2611
    endloop
  endfacet
  facet normal 0 -0.99786 -0.0653902
    outer loop
      vertex 8.3 1.98289 16.2611
      vertex 3.8 2 16
      vertex 8.3 2 16
    endloop
  endfacet
  facet normal 0 -0.99786 0.0653902
    outer loop
      vertex 3.8 1.98289 15.7389
      vertex 8.3 2 16
      vertex 3.8 2 16
    endloop
  endfacet
  facet normal 0 -0.99786 0.0653902
    outer loop
      vertex 8.3 2 16
      vertex 3.8 1.98289 15.7389
      vertex 8.3 1.98289 15.7389
    endloop
  endfacet
  facet normal 0 0.980771 0.19516
    outer loop
      vertex 8.3 -1.93185 15.4824
      vertex 3.8 -1.98289 15.7389
      vertex 8.3 -1.98289 15.7389
    endloop
  endfacet
  facet normal 0 0.980771 0.19516
    outer loop
      vertex 3.8 -1.98289 15.7389
      vertex 8.3 -1.93185 15.4824
      vertex 3.8 -1.93185 15.4824
    endloop
  endfacet
  facet normal 0 -0.896845 0.442344
    outer loop
      vertex 3.8 1.73205 15
      vertex 8.3 1.84776 15.2346
      vertex 3.8 1.84776 15.2346
    endloop
  endfacet
  facet normal 0 -0.896845 0.442344
    outer loop
      vertex 8.3 1.84776 15.2346
      vertex 3.8 1.73205 15
      vertex 8.3 1.73205 15
    endloop
  endfacet
  facet normal 0 0.442571 -0.896734
    outer loop
      vertex 3.8 -1 17.732
      vertex 8.3 -0.765367 17.8478
      vertex 8.3 -1 17.732
    endloop
  endfacet
  facet normal 0 0.442571 -0.896734
    outer loop
      vertex 8.3 -0.765367 17.8478
      vertex 3.8 -1 17.732
      vertex 3.8 -0.765367 17.8478
    endloop
  endfacet
  facet normal 0 -0.980771 0.19516
    outer loop
      vertex 3.8 1.93185 15.4824
      vertex 8.3 1.98289 15.7389
      vertex 3.8 1.98289 15.7389
    endloop
  endfacet
  facet normal 0 -0.980771 0.19516
    outer loop
      vertex 8.3 1.98289 15.7389
      vertex 3.8 1.93185 15.4824
      vertex 8.3 1.93185 15.4824
    endloop
  endfacet
  facet normal 0 -0.321463 0.946922
    outer loop
      vertex 3.8 0.765367 14.1522
      vertex 8.3 0.517637 14.0681
      vertex 8.3 0.765367 14.1522
    endloop
  endfacet
  facet normal 0 -0.321463 0.946922
    outer loop
      vertex 8.3 0.517637 14.0681
      vertex 3.8 0.765367 14.1522
      vertex 3.8 0.517637 14.0681
    endloop
  endfacet
  facet normal 0 0.83145 0.5556
    outer loop
      vertex 8.3 -1.58671 14.7825
      vertex 3.8 -1.73205 15
      vertex 8.3 -1.73205 15
    endloop
  endfacet
  facet normal 0 0.83145 0.5556
    outer loop
      vertex 3.8 -1.73205 15
      vertex 8.3 -1.58671 14.7825
      vertex 3.8 -1.58671 14.7825
    endloop
  endfacet
  facet normal -0 0.321463 0.946922
    outer loop
      vertex 3.8 -0.517637 14.0681
      vertex 8.3 -0.765367 14.1522
      vertex 8.3 -0.517637 14.0681
    endloop
  endfacet
  facet normal 0 0.321463 0.946922
    outer loop
      vertex 8.3 -0.765367 14.1522
      vertex 3.8 -0.517637 14.0681
      vertex 3.8 -0.765367 14.1522
    endloop
  endfacet
  facet normal -0 0.442264 0.896885
    outer loop
      vertex 3.8 -0.765367 14.1522
      vertex 8.3 -1 14.2679
      vertex 8.3 -0.765367 14.1522
    endloop
  endfacet
  facet normal 0 0.442264 0.896885
    outer loop
      vertex 8.3 -1 14.2679
      vertex 3.8 -0.765367 14.1522
      vertex 3.8 -1 14.2679
    endloop
  endfacet
  facet normal 0 0.946961 -0.321348
    outer loop
      vertex 8.3 -1.93185 16.5176
      vertex 3.8 -1.84776 16.7654
      vertex 8.3 -1.84776 16.7654
    endloop
  endfacet
  facet normal 0 0.946961 -0.321348
    outer loop
      vertex 3.8 -1.84776 16.7654
      vertex 8.3 -1.93185 16.5176
      vertex 3.8 -1.93185 16.5176
    endloop
  endfacet
  facet normal 0 -0.896845 -0.442344
    outer loop
      vertex 3.8 1.84776 16.7654
      vertex 8.3 1.73205 17
      vertex 3.8 1.73205 17
    endloop
  endfacet
  facet normal 0 -0.896845 -0.442344
    outer loop
      vertex 8.3 1.73205 17
      vertex 3.8 1.84776 16.7654
      vertex 8.3 1.84776 16.7654
    endloop
  endfacet
  facet normal 0 0.194951 -0.980813
    outer loop
      vertex 3.8 -0.517637 17.9319
      vertex 8.3 -0.261052 17.9829
      vertex 8.3 -0.517637 17.9319
    endloop
  endfacet
  facet normal 0 0.194951 -0.980813
    outer loop
      vertex 8.3 -0.261052 17.9829
      vertex 3.8 -0.517637 17.9319
      vertex 3.8 -0.261052 17.9829
    endloop
  endfacet
  facet normal 0 0.896845 0.442344
    outer loop
      vertex 8.3 -1.73205 15
      vertex 3.8 -1.84776 15.2346
      vertex 8.3 -1.84776 15.2346
    endloop
  endfacet
  facet normal 0 0.896845 0.442344
    outer loop
      vertex 3.8 -1.84776 15.2346
      vertex 8.3 -1.73205 15
      vertex 3.8 -1.73205 15
    endloop
  endfacet
  facet normal 0 0.896845 -0.442344
    outer loop
      vertex 8.3 -1.84776 16.7654
      vertex 3.8 -1.73205 17
      vertex 8.3 -1.73205 17
    endloop
  endfacet
  facet normal 0 0.896845 -0.442344
    outer loop
      vertex 3.8 -1.73205 17
      vertex 8.3 -1.84776 16.7654
      vertex 3.8 -1.84776 16.7654
    endloop
  endfacet
  facet normal 0 -0.442571 -0.896734
    outer loop
      vertex 3.8 0.765367 17.8478
      vertex 8.3 1 17.732
      vertex 8.3 0.765367 17.8478
    endloop
  endfacet
  facet normal -0 -0.442571 -0.896734
    outer loop
      vertex 8.3 1 17.732
      vertex 3.8 0.765367 17.8478
      vertex 3.8 1 17.732
    endloop
  endfacet
  facet normal 0 -0.555459 -0.831544
    outer loop
      vertex 3.8 1 17.732
      vertex 8.3 1.21752 17.5867
      vertex 8.3 1 17.732
    endloop
  endfacet
  facet normal -0 -0.555459 -0.831544
    outer loop
      vertex 8.3 1.21752 17.5867
      vertex 3.8 1 17.732
      vertex 3.8 1.21752 17.5867
    endloop
  endfacet
  facet normal 0 0.83145 -0.5556
    outer loop
      vertex 8.3 -1.73205 17
      vertex 3.8 -1.58671 17.2175
      vertex 8.3 -1.58671 17.2175
    endloop
  endfacet
  facet normal 0 0.83145 -0.5556
    outer loop
      vertex 3.8 -1.58671 17.2175
      vertex 8.3 -1.73205 17
      vertex 3.8 -1.73205 17
    endloop
  endfacet
  facet normal -0.98077 -0.195165 0
    outer loop
      vertex -21.3145 -15.7781 2.78
      vertex -21.3579 -15.56 14
      vertex -21.3579 -15.56 2.78
    endloop
  endfacet
  facet normal -0.98077 -0.195165 0
    outer loop
      vertex -21.3579 -15.56 14
      vertex -21.3145 -15.7781 2.78
      vertex -21.3145 -15.7781 14
    endloop
  endfacet
  facet normal -0.997872 -0.0652057 0
    outer loop
      vertex -21.3 -16 2.78
      vertex -21.3145 -15.7781 14
      vertex -21.3145 -15.7781 2.78
    endloop
  endfacet
  facet normal -0.997872 -0.0652057 0
    outer loop
      vertex -21.3145 -15.7781 14
      vertex -21.3 -16 2.78
      vertex -21.3 -16 14
    endloop
  endfacet
  facet normal -0.0652057 0.997872 0
    outer loop
      vertex -22.7781 -17.6855 2.78
      vertex -23 -17.7 14
      vertex -22.7781 -17.6855 14
    endloop
  endfacet
  facet normal -0.0652057 0.997872 0
    outer loop
      vertex -23 -17.7 14
      vertex -22.7781 -17.6855 2.78
      vertex -23 -17.7 2.78
    endloop
  endfacet
  facet normal 0.659268 -0.751908 0
    outer loop
      vertex -24.2021 -14.7979 2.78
      vertex -24.0349 -14.6513 14
      vertex -24.2021 -14.7979 14
    endloop
  endfacet
  facet normal 0.659268 -0.751908 0
    outer loop
      vertex -24.0349 -14.6513 14
      vertex -24.2021 -14.7979 2.78
      vertex -24.0349 -14.6513 2.78
    endloop
  endfacet
  facet normal 0.831566 0.555426 0
    outer loop
      vertex -24.3487 -17.0349 14
      vertex -24.4722 -16.85 2.78
      vertex -24.4722 -16.85 14
    endloop
  endfacet
  facet normal 0.831566 0.555426 0
    outer loop
      vertex -24.4722 -16.85 2.78
      vertex -24.3487 -17.0349 14
      vertex -24.3487 -17.0349 2.78
    endloop
  endfacet
  facet normal 0.195165 0.98077 -0
    outer loop
      vertex -23.2219 -17.6855 2.78
      vertex -23.44 -17.6421 14
      vertex -23.2219 -17.6855 14
    endloop
  endfacet
  facet normal 0.195165 0.98077 0
    outer loop
      vertex -23.44 -17.6421 14
      vertex -23.2219 -17.6855 2.78
      vertex -23.44 -17.6421 2.78
    endloop
  endfacet
  facet normal -0.659268 -0.751908 0
    outer loop
      vertex -21.9651 -14.6513 2.78
      vertex -21.7979 -14.7979 14
      vertex -21.9651 -14.6513 14
    endloop
  endfacet
  facet normal -0.659268 -0.751908 -0
    outer loop
      vertex -21.7979 -14.7979 14
      vertex -21.9651 -14.6513 2.78
      vertex -21.7979 -14.7979 2.78
    endloop
  endfacet
  facet normal -0.946915 0.321484 0
    outer loop
      vertex -21.4294 -16.6506 2.78
      vertex -21.3579 -16.44 14
      vertex -21.3579 -16.44 2.78
    endloop
  endfacet
  facet normal -0.946915 0.321484 0
    outer loop
      vertex -21.3579 -16.44 14
      vertex -21.4294 -16.6506 2.78
      vertex -21.4294 -16.6506 14
    endloop
  endfacet
  facet normal -0.751908 0.659268 0
    outer loop
      vertex -21.7979 -17.2021 2.78
      vertex -21.6513 -17.0349 14
      vertex -21.6513 -17.0349 2.78
    endloop
  endfacet
  facet normal -0.751908 0.659268 0
    outer loop
      vertex -21.6513 -17.0349 14
      vertex -21.7979 -17.2021 2.78
      vertex -21.7979 -17.2021 14
    endloop
  endfacet
  facet normal -0.751908 -0.659268 0
    outer loop
      vertex -21.6513 -14.9651 2.78
      vertex -21.7979 -14.7979 14
      vertex -21.7979 -14.7979 2.78
    endloop
  endfacet
  facet normal -0.751908 -0.659268 0
    outer loop
      vertex -21.7979 -14.7979 14
      vertex -21.6513 -14.9651 2.78
      vertex -21.6513 -14.9651 14
    endloop
  endfacet
  facet normal 0.946915 0.321484 0
    outer loop
      vertex -24.5706 -16.6506 14
      vertex -24.6421 -16.44 2.78
      vertex -24.6421 -16.44 14
    endloop
  endfacet
  facet normal 0.946915 0.321484 0
    outer loop
      vertex -24.6421 -16.44 2.78
      vertex -24.5706 -16.6506 14
      vertex -24.5706 -16.6506 2.78
    endloop
  endfacet
  facet normal -0.321484 0.946915 0
    outer loop
      vertex -22.3494 -17.5706 2.78
      vertex -22.56 -17.6421 14
      vertex -22.3494 -17.5706 14
    endloop
  endfacet
  facet normal -0.321484 0.946915 0
    outer loop
      vertex -22.56 -17.6421 14
      vertex -22.3494 -17.5706 2.78
      vertex -22.56 -17.6421 2.78
    endloop
  endfacet
  facet normal 0.0652057 0.997872 -0
    outer loop
      vertex -23 -17.7 2.78
      vertex -23.2219 -17.6855 14
      vertex -23 -17.7 14
    endloop
  endfacet
  facet normal 0.0652057 0.997872 0
    outer loop
      vertex -23.2219 -17.6855 14
      vertex -23 -17.7 2.78
      vertex -23.2219 -17.6855 2.78
    endloop
  endfacet
  facet normal 0.321484 -0.946915 0
    outer loop
      vertex -23.6506 -14.4294 2.78
      vertex -23.44 -14.3579 14
      vertex -23.6506 -14.4294 14
    endloop
  endfacet
  facet normal 0.321484 -0.946915 0
    outer loop
      vertex -23.44 -14.3579 14
      vertex -23.6506 -14.4294 2.78
      vertex -23.44 -14.3579 2.78
    endloop
  endfacet
  facet normal -0.946915 -0.321484 0
    outer loop
      vertex -21.3579 -15.56 2.78
      vertex -21.4294 -15.3494 14
      vertex -21.4294 -15.3494 2.78
    endloop
  endfacet
  facet normal -0.946915 -0.321484 0
    outer loop
      vertex -21.4294 -15.3494 14
      vertex -21.3579 -15.56 2.78
      vertex -21.3579 -15.56 14
    endloop
  endfacet
  facet normal 0.751908 -0.659268 0
    outer loop
      vertex -24.3487 -14.9651 14
      vertex -24.2021 -14.7979 2.78
      vertex -24.2021 -14.7979 14
    endloop
  endfacet
  facet normal 0.751908 -0.659268 0
    outer loop
      vertex -24.2021 -14.7979 2.78
      vertex -24.3487 -14.9651 14
      vertex -24.3487 -14.9651 2.78
    endloop
  endfacet
  facet normal 0.44253 0.896754 -0
    outer loop
      vertex -23.6506 -17.5706 2.78
      vertex -23.85 -17.4722 14
      vertex -23.6506 -17.5706 14
    endloop
  endfacet
  facet normal 0.44253 0.896754 0
    outer loop
      vertex -23.85 -17.4722 14
      vertex -23.6506 -17.5706 2.78
      vertex -23.85 -17.4722 2.78
    endloop
  endfacet
  facet normal 0.0652057 -0.997872 0
    outer loop
      vertex -23.2219 -14.3145 2.78
      vertex -23 -14.3 14
      vertex -23.2219 -14.3145 14
    endloop
  endfacet
  facet normal 0.0652057 -0.997872 0
    outer loop
      vertex -23 -14.3 14
      vertex -23.2219 -14.3145 2.78
      vertex -23 -14.3 2.78
    endloop
  endfacet
  facet normal -0.896754 0.44253 0
    outer loop
      vertex -21.5278 -16.85 2.78
      vertex -21.4294 -16.6506 14
      vertex -21.4294 -16.6506 2.78
    endloop
  endfacet
  facet normal -0.896754 0.44253 0
    outer loop
      vertex -21.4294 -16.6506 14
      vertex -21.5278 -16.85 2.78
      vertex -21.5278 -16.85 14
    endloop
  endfacet
  facet normal -0.555426 0.831566 0
    outer loop
      vertex -21.9651 -17.3487 2.78
      vertex -22.15 -17.4722 14
      vertex -21.9651 -17.3487 14
    endloop
  endfacet
  facet normal -0.555426 0.831566 0
    outer loop
      vertex -22.15 -17.4722 14
      vertex -21.9651 -17.3487 2.78
      vertex -22.15 -17.4722 2.78
    endloop
  endfacet
  facet normal 0.98077 0.195165 0
    outer loop
      vertex -24.6421 -16.44 14
      vertex -24.6855 -16.2219 2.78
      vertex -24.6855 -16.2219 14
    endloop
  endfacet
  facet normal 0.98077 0.195165 0
    outer loop
      vertex -24.6855 -16.2219 2.78
      vertex -24.6421 -16.44 14
      vertex -24.6421 -16.44 2.78
    endloop
  endfacet
  facet normal -0.195165 -0.98077 0
    outer loop
      vertex -22.7781 -14.3145 2.78
      vertex -22.56 -14.3579 14
      vertex -22.7781 -14.3145 14
    endloop
  endfacet
  facet normal -0.195165 -0.98077 -0
    outer loop
      vertex -22.56 -14.3579 14
      vertex -22.7781 -14.3145 2.78
      vertex -22.56 -14.3579 2.78
    endloop
  endfacet
  facet normal -0.831566 -0.555426 0
    outer loop
      vertex -21.5278 -15.15 2.78
      vertex -21.6513 -14.9651 14
      vertex -21.6513 -14.9651 2.78
    endloop
  endfacet
  facet normal -0.831566 -0.555426 0
    outer loop
      vertex -21.6513 -14.9651 14
      vertex -21.5278 -15.15 2.78
      vertex -21.5278 -15.15 14
    endloop
  endfacet
  facet normal -0.997872 0.0652057 0
    outer loop
      vertex -21.3145 -16.2219 2.78
      vertex -21.3 -16 14
      vertex -21.3 -16 2.78
    endloop
  endfacet
  facet normal -0.997872 0.0652057 0
    outer loop
      vertex -21.3 -16 14
      vertex -21.3145 -16.2219 2.78
      vertex -21.3145 -16.2219 14
    endloop
  endfacet
  facet normal -0.321484 -0.946915 0
    outer loop
      vertex -22.56 -14.3579 2.78
      vertex -22.3494 -14.4294 14
      vertex -22.56 -14.3579 14
    endloop
  endfacet
  facet normal -0.321484 -0.946915 -0
    outer loop
      vertex -22.3494 -14.4294 14
      vertex -22.56 -14.3579 2.78
      vertex -22.3494 -14.4294 2.78
    endloop
  endfacet
  facet normal -0.555426 -0.831566 0
    outer loop
      vertex -22.15 -14.5278 2.78
      vertex -21.9651 -14.6513 14
      vertex -22.15 -14.5278 14
    endloop
  endfacet
  facet normal -0.555426 -0.831566 -0
    outer loop
      vertex -21.9651 -14.6513 14
      vertex -22.15 -14.5278 2.78
      vertex -21.9651 -14.6513 2.78
    endloop
  endfacet
  facet normal 0.195165 -0.98077 0
    outer loop
      vertex -23.44 -14.3579 2.78
      vertex -23.2219 -14.3145 14
      vertex -23.44 -14.3579 14
    endloop
  endfacet
  facet normal 0.195165 -0.98077 0
    outer loop
      vertex -23.2219 -14.3145 14
      vertex -23.44 -14.3579 2.78
      vertex -23.2219 -14.3145 2.78
    endloop
  endfacet
  facet normal -0.659268 0.751908 0
    outer loop
      vertex -21.7979 -17.2021 2.78
      vertex -21.9651 -17.3487 14
      vertex -21.7979 -17.2021 14
    endloop
  endfacet
  facet normal -0.659268 0.751908 0
    outer loop
      vertex -21.9651 -17.3487 14
      vertex -21.7979 -17.2021 2.78
      vertex -21.9651 -17.3487 2.78
    endloop
  endfacet
  facet normal 0.896754 -0.44253 0
    outer loop
      vertex -24.5706 -15.3494 14
      vertex -24.4722 -15.15 2.78
      vertex -24.4722 -15.15 14
    endloop
  endfacet
  facet normal 0.896754 -0.44253 0
    outer loop
      vertex -24.4722 -15.15 2.78
      vertex -24.5706 -15.3494 14
      vertex -24.5706 -15.3494 2.78
    endloop
  endfacet
  facet normal -0.98077 0.195165 0
    outer loop
      vertex -21.3579 -16.44 2.78
      vertex -21.3145 -16.2219 14
      vertex -21.3145 -16.2219 2.78
    endloop
  endfacet
  facet normal -0.98077 0.195165 0
    outer loop
      vertex -21.3145 -16.2219 14
      vertex -21.3579 -16.44 2.78
      vertex -21.3579 -16.44 14
    endloop
  endfacet
  facet normal -0.195165 0.98077 0
    outer loop
      vertex -22.56 -17.6421 2.78
      vertex -22.7781 -17.6855 14
      vertex -22.56 -17.6421 14
    endloop
  endfacet
  facet normal -0.195165 0.98077 0
    outer loop
      vertex -22.7781 -17.6855 14
      vertex -22.56 -17.6421 2.78
      vertex -22.7781 -17.6855 2.78
    endloop
  endfacet
  facet normal 0.659268 0.751908 -0
    outer loop
      vertex -24.0349 -17.3487 2.78
      vertex -24.2021 -17.2021 14
      vertex -24.0349 -17.3487 14
    endloop
  endfacet
  facet normal 0.659268 0.751908 0
    outer loop
      vertex -24.2021 -17.2021 14
      vertex -24.0349 -17.3487 2.78
      vertex -24.2021 -17.2021 2.78
    endloop
  endfacet
  facet normal 0.751908 0.659268 0
    outer loop
      vertex -24.2021 -17.2021 14
      vertex -24.3487 -17.0349 2.78
      vertex -24.3487 -17.0349 14
    endloop
  endfacet
  facet normal 0.751908 0.659268 0
    outer loop
      vertex -24.3487 -17.0349 2.78
      vertex -24.2021 -17.2021 14
      vertex -24.2021 -17.2021 2.78
    endloop
  endfacet
  facet normal -0.0652057 -0.997872 0
    outer loop
      vertex -23 -14.3 2.78
      vertex -22.7781 -14.3145 14
      vertex -23 -14.3 14
    endloop
  endfacet
  facet normal -0.0652057 -0.997872 -0
    outer loop
      vertex -22.7781 -14.3145 14
      vertex -23 -14.3 2.78
      vertex -22.7781 -14.3145 2.78
    endloop
  endfacet
  facet normal -0.44253 -0.896754 0
    outer loop
      vertex -22.3494 -14.4294 2.78
      vertex -22.15 -14.5278 14
      vertex -22.3494 -14.4294 14
    endloop
  endfacet
  facet normal -0.44253 -0.896754 -0
    outer loop
      vertex -22.15 -14.5278 14
      vertex -22.3494 -14.4294 2.78
      vertex -22.15 -14.5278 2.78
    endloop
  endfacet
  facet normal -0.831566 0.555426 0
    outer loop
      vertex -21.6513 -17.0349 2.78
      vertex -21.5278 -16.85 14
      vertex -21.5278 -16.85 2.78
    endloop
  endfacet
  facet normal -0.831566 0.555426 0
    outer loop
      vertex -21.5278 -16.85 14
      vertex -21.6513 -17.0349 2.78
      vertex -21.6513 -17.0349 14
    endloop
  endfacet
  facet normal 0.997872 0.0652057 0
    outer loop
      vertex -24.6855 -16.2219 14
      vertex -24.7 -16 2.78
      vertex -24.7 -16 14
    endloop
  endfacet
  facet normal 0.997872 0.0652057 0
    outer loop
      vertex -24.7 -16 2.78
      vertex -24.6855 -16.2219 14
      vertex -24.6855 -16.2219 2.78
    endloop
  endfacet
  facet normal -0.44253 0.896754 0
    outer loop
      vertex -22.15 -17.4722 2.78
      vertex -22.3494 -17.5706 14
      vertex -22.15 -17.4722 14
    endloop
  endfacet
  facet normal -0.44253 0.896754 0
    outer loop
      vertex -22.3494 -17.5706 14
      vertex -22.15 -17.4722 2.78
      vertex -22.3494 -17.5706 2.78
    endloop
  endfacet
  facet normal 0.98077 -0.195165 0
    outer loop
      vertex -24.6855 -15.7781 14
      vertex -24.6421 -15.56 2.78
      vertex -24.6421 -15.56 14
    endloop
  endfacet
  facet normal 0.98077 -0.195165 0
    outer loop
      vertex -24.6421 -15.56 2.78
      vertex -24.6855 -15.7781 14
      vertex -24.6855 -15.7781 2.78
    endloop
  endfacet
  facet normal 0.896754 0.44253 0
    outer loop
      vertex -24.4722 -16.85 14
      vertex -24.5706 -16.6506 2.78
      vertex -24.5706 -16.6506 14
    endloop
  endfacet
  facet normal 0.896754 0.44253 0
    outer loop
      vertex -24.5706 -16.6506 2.78
      vertex -24.4722 -16.85 14
      vertex -24.4722 -16.85 2.78
    endloop
  endfacet
  facet normal 0.946915 -0.321484 0
    outer loop
      vertex -24.6421 -15.56 14
      vertex -24.5706 -15.3494 2.78
      vertex -24.5706 -15.3494 14
    endloop
  endfacet
  facet normal 0.946915 -0.321484 0
    outer loop
      vertex -24.5706 -15.3494 2.78
      vertex -24.6421 -15.56 14
      vertex -24.6421 -15.56 2.78
    endloop
  endfacet
  facet normal -0.896754 -0.44253 0
    outer loop
      vertex -21.4294 -15.3494 2.78
      vertex -21.5278 -15.15 14
      vertex -21.5278 -15.15 2.78
    endloop
  endfacet
  facet normal -0.896754 -0.44253 0
    outer loop
      vertex -21.5278 -15.15 14
      vertex -21.4294 -15.3494 2.78
      vertex -21.4294 -15.3494 14
    endloop
  endfacet
  facet normal 0.997872 -0.0652057 0
    outer loop
      vertex -24.7 -16 14
      vertex -24.6855 -15.7781 2.78
      vertex -24.6855 -15.7781 14
    endloop
  endfacet
  facet normal 0.997872 -0.0652057 0
    outer loop
      vertex -24.6855 -15.7781 2.78
      vertex -24.7 -16 14
      vertex -24.7 -16 2.78
    endloop
  endfacet
  facet normal 0.321484 0.946915 -0
    outer loop
      vertex -23.44 -17.6421 2.78
      vertex -23.6506 -17.5706 14
      vertex -23.44 -17.6421 14
    endloop
  endfacet
  facet normal 0.321484 0.946915 0
    outer loop
      vertex -23.6506 -17.5706 14
      vertex -23.44 -17.6421 2.78
      vertex -23.6506 -17.5706 2.78
    endloop
  endfacet
  facet normal 0.44253 -0.896754 0
    outer loop
      vertex -23.85 -14.5278 2.78
      vertex -23.6506 -14.4294 14
      vertex -23.85 -14.5278 14
    endloop
  endfacet
  facet normal 0.44253 -0.896754 0
    outer loop
      vertex -23.6506 -14.4294 14
      vertex -23.85 -14.5278 2.78
      vertex -23.6506 -14.4294 2.78
    endloop
  endfacet
  facet normal 0.555426 -0.831566 0
    outer loop
      vertex -24.0349 -14.6513 2.78
      vertex -23.85 -14.5278 14
      vertex -24.0349 -14.6513 14
    endloop
  endfacet
  facet normal 0.555426 -0.831566 0
    outer loop
      vertex -23.85 -14.5278 14
      vertex -24.0349 -14.6513 2.78
      vertex -23.85 -14.5278 2.78
    endloop
  endfacet
  facet normal 0.831566 -0.555426 0
    outer loop
      vertex -24.4722 -15.15 14
      vertex -24.3487 -14.9651 2.78
      vertex -24.3487 -14.9651 14
    endloop
  endfacet
  facet normal 0.831566 -0.555426 0
    outer loop
      vertex -24.3487 -14.9651 2.78
      vertex -24.4722 -15.15 14
      vertex -24.4722 -15.15 2.78
    endloop
  endfacet
  facet normal 0.555426 0.831566 -0
    outer loop
      vertex -23.85 -17.4722 2.78
      vertex -24.0349 -17.3487 14
      vertex -23.85 -17.4722 14
    endloop
  endfacet
  facet normal 0.555426 0.831566 0
    outer loop
      vertex -24.0349 -17.3487 14
      vertex -23.85 -17.4722 2.78
      vertex -24.0349 -17.3487 2.78
    endloop
  endfacet
  facet normal -0.98077 -0.195165 0
    outer loop
      vertex -21.3145 16.2219 2.78
      vertex -21.3579 16.44 14
      vertex -21.3579 16.44 2.78
    endloop
  endfacet
  facet normal -0.98077 -0.195165 0
    outer loop
      vertex -21.3579 16.44 14
      vertex -21.3145 16.2219 2.78
      vertex -21.3145 16.2219 14
    endloop
  endfacet
  facet normal -0.997872 -0.0652057 0
    outer loop
      vertex -21.3 16 2.78
      vertex -21.3145 16.2219 14
      vertex -21.3145 16.2219 2.78
    endloop
  endfacet
  facet normal -0.997872 -0.0652057 0
    outer loop
      vertex -21.3145 16.2219 14
      vertex -21.3 16 2.78
      vertex -21.3 16 14
    endloop
  endfacet
  facet normal 0.44253 -0.896754 0
    outer loop
      vertex -23.85 17.4722 2.78
      vertex -23.6506 17.5706 14
      vertex -23.85 17.4722 14
    endloop
  endfacet
  facet normal 0.44253 -0.896754 0
    outer loop
      vertex -23.6506 17.5706 14
      vertex -23.85 17.4722 2.78
      vertex -23.6506 17.5706 2.78
    endloop
  endfacet
  facet normal -0.555426 -0.831566 0
    outer loop
      vertex -22.15 17.4722 2.78
      vertex -21.9651 17.3487 14
      vertex -22.15 17.4722 14
    endloop
  endfacet
  facet normal -0.555426 -0.831566 -0
    outer loop
      vertex -21.9651 17.3487 14
      vertex -22.15 17.4722 2.78
      vertex -21.9651 17.3487 2.78
    endloop
  endfacet
  facet normal 0.659268 -0.751908 0
    outer loop
      vertex -24.2021 17.2021 2.78
      vertex -24.0349 17.3487 14
      vertex -24.2021 17.2021 14
    endloop
  endfacet
  facet normal 0.659268 -0.751908 0
    outer loop
      vertex -24.0349 17.3487 14
      vertex -24.2021 17.2021 2.78
      vertex -24.0349 17.3487 2.78
    endloop
  endfacet
  facet normal -0.321484 0.946915 0
    outer loop
      vertex -22.3494 14.4294 2.78
      vertex -22.56 14.3579 14
      vertex -22.3494 14.4294 14
    endloop
  endfacet
  facet normal -0.321484 0.946915 0
    outer loop
      vertex -22.56 14.3579 14
      vertex -22.3494 14.4294 2.78
      vertex -22.56 14.3579 2.78
    endloop
  endfacet
  facet normal -0.831566 0.555426 0
    outer loop
      vertex -21.6513 14.9651 2.78
      vertex -21.5278 15.15 14
      vertex -21.5278 15.15 2.78
    endloop
  endfacet
  facet normal -0.831566 0.555426 0
    outer loop
      vertex -21.5278 15.15 14
      vertex -21.6513 14.9651 2.78
      vertex -21.6513 14.9651 14
    endloop
  endfacet
  facet normal -0.946915 0.321484 0
    outer loop
      vertex -21.4294 15.3494 2.78
      vertex -21.3579 15.56 14
      vertex -21.3579 15.56 2.78
    endloop
  endfacet
  facet normal -0.946915 0.321484 0
    outer loop
      vertex -21.3579 15.56 14
      vertex -21.4294 15.3494 2.78
      vertex -21.4294 15.3494 14
    endloop
  endfacet
  facet normal -0.321484 -0.946915 0
    outer loop
      vertex -22.56 17.6421 2.78
      vertex -22.3494 17.5706 14
      vertex -22.56 17.6421 14
    endloop
  endfacet
  facet normal -0.321484 -0.946915 -0
    outer loop
      vertex -22.3494 17.5706 14
      vertex -22.56 17.6421 2.78
      vertex -22.3494 17.5706 2.78
    endloop
  endfacet
  facet normal -0.195165 -0.98077 0
    outer loop
      vertex -22.7781 17.6855 2.78
      vertex -22.56 17.6421 14
      vertex -22.7781 17.6855 14
    endloop
  endfacet
  facet normal -0.195165 -0.98077 -0
    outer loop
      vertex -22.56 17.6421 14
      vertex -22.7781 17.6855 2.78
      vertex -22.56 17.6421 2.78
    endloop
  endfacet
  facet normal 0.555426 -0.831566 0
    outer loop
      vertex -24.0349 17.3487 2.78
      vertex -23.85 17.4722 14
      vertex -24.0349 17.3487 14
    endloop
  endfacet
  facet normal 0.555426 -0.831566 0
    outer loop
      vertex -23.85 17.4722 14
      vertex -24.0349 17.3487 2.78
      vertex -23.85 17.4722 2.78
    endloop
  endfacet
  facet normal -0.896754 0.44253 0
    outer loop
      vertex -21.5278 15.15 2.78
      vertex -21.4294 15.3494 14
      vertex -21.4294 15.3494 2.78
    endloop
  endfacet
  facet normal -0.896754 0.44253 0
    outer loop
      vertex -21.4294 15.3494 14
      vertex -21.5278 15.15 2.78
      vertex -21.5278 15.15 14
    endloop
  endfacet
  facet normal -0.659268 -0.751908 0
    outer loop
      vertex -21.9651 17.3487 2.78
      vertex -21.7979 17.2021 14
      vertex -21.9651 17.3487 14
    endloop
  endfacet
  facet normal -0.659268 -0.751908 -0
    outer loop
      vertex -21.7979 17.2021 14
      vertex -21.9651 17.3487 2.78
      vertex -21.7979 17.2021 2.78
    endloop
  endfacet
  facet normal -0.555426 0.831566 0
    outer loop
      vertex -21.9651 14.6513 2.78
      vertex -22.15 14.5278 14
      vertex -21.9651 14.6513 14
    endloop
  endfacet
  facet normal -0.555426 0.831566 0
    outer loop
      vertex -22.15 14.5278 14
      vertex -21.9651 14.6513 2.78
      vertex -22.15 14.5278 2.78
    endloop
  endfacet
  facet normal -0.44253 -0.896754 0
    outer loop
      vertex -22.3494 17.5706 2.78
      vertex -22.15 17.4722 14
      vertex -22.3494 17.5706 14
    endloop
  endfacet
  facet normal -0.44253 -0.896754 -0
    outer loop
      vertex -22.15 17.4722 14
      vertex -22.3494 17.5706 2.78
      vertex -22.15 17.4722 2.78
    endloop
  endfacet
  facet normal 0.659268 0.751908 -0
    outer loop
      vertex -24.0349 14.6513 2.78
      vertex -24.2021 14.7979 14
      vertex -24.0349 14.6513 14
    endloop
  endfacet
  facet normal 0.659268 0.751908 0
    outer loop
      vertex -24.2021 14.7979 14
      vertex -24.0349 14.6513 2.78
      vertex -24.2021 14.7979 2.78
    endloop
  endfacet
  facet normal 0.751908 0.659268 0
    outer loop
      vertex -24.2021 14.7979 14
      vertex -24.3487 14.9651 2.78
      vertex -24.3487 14.9651 14
    endloop
  endfacet
  facet normal 0.751908 0.659268 0
    outer loop
      vertex -24.3487 14.9651 2.78
      vertex -24.2021 14.7979 14
      vertex -24.2021 14.7979 2.78
    endloop
  endfacet
  facet normal 0.831566 0.555426 0
    outer loop
      vertex -24.3487 14.9651 14
      vertex -24.4722 15.15 2.78
      vertex -24.4722 15.15 14
    endloop
  endfacet
  facet normal 0.831566 0.555426 0
    outer loop
      vertex -24.4722 15.15 2.78
      vertex -24.3487 14.9651 14
      vertex -24.3487 14.9651 2.78
    endloop
  endfacet
  facet normal -0.831566 -0.555426 0
    outer loop
      vertex -21.5278 16.85 2.78
      vertex -21.6513 17.0349 14
      vertex -21.6513 17.0349 2.78
    endloop
  endfacet
  facet normal -0.831566 -0.555426 0
    outer loop
      vertex -21.6513 17.0349 14
      vertex -21.5278 16.85 2.78
      vertex -21.5278 16.85 14
    endloop
  endfacet
  facet normal -0.195165 0.98077 0
    outer loop
      vertex -22.56 14.3579 2.78
      vertex -22.7781 14.3145 14
      vertex -22.56 14.3579 14
    endloop
  endfacet
  facet normal -0.195165 0.98077 0
    outer loop
      vertex -22.7781 14.3145 14
      vertex -22.56 14.3579 2.78
      vertex -22.7781 14.3145 2.78
    endloop
  endfacet
  facet normal -0.98077 0.195165 0
    outer loop
      vertex -21.3579 15.56 2.78
      vertex -21.3145 15.7781 14
      vertex -21.3145 15.7781 2.78
    endloop
  endfacet
  facet normal -0.98077 0.195165 0
    outer loop
      vertex -21.3145 15.7781 14
      vertex -21.3579 15.56 2.78
      vertex -21.3579 15.56 14
    endloop
  endfacet
  facet normal 0.946915 0.321484 0
    outer loop
      vertex -24.5706 15.3494 14
      vertex -24.6421 15.56 2.78
      vertex -24.6421 15.56 14
    endloop
  endfacet
  facet normal 0.946915 0.321484 0
    outer loop
      vertex -24.6421 15.56 2.78
      vertex -24.5706 15.3494 14
      vertex -24.5706 15.3494 2.78
    endloop
  endfacet
  facet normal -0.44253 0.896754 0
    outer loop
      vertex -22.15 14.5278 2.78
      vertex -22.3494 14.4294 14
      vertex -22.15 14.5278 14
    endloop
  endfacet
  facet normal -0.44253 0.896754 0
    outer loop
      vertex -22.3494 14.4294 14
      vertex -22.15 14.5278 2.78
      vertex -22.3494 14.4294 2.78
    endloop
  endfacet
  facet normal -0.0652057 -0.997872 0
    outer loop
      vertex -23 17.7 2.78
      vertex -22.7781 17.6855 14
      vertex -23 17.7 14
    endloop
  endfacet
  facet normal -0.0652057 -0.997872 -0
    outer loop
      vertex -22.7781 17.6855 14
      vertex -23 17.7 2.78
      vertex -22.7781 17.6855 2.78
    endloop
  endfacet
  facet normal 0.321484 -0.946915 0
    outer loop
      vertex -23.6506 17.5706 2.78
      vertex -23.44 17.6421 14
      vertex -23.6506 17.5706 14
    endloop
  endfacet
  facet normal 0.321484 -0.946915 0
    outer loop
      vertex -23.44 17.6421 14
      vertex -23.6506 17.5706 2.78
      vertex -23.44 17.6421 2.78
    endloop
  endfacet
  facet normal 0.195165 -0.98077 0
    outer loop
      vertex -23.44 17.6421 2.78
      vertex -23.2219 17.6855 14
      vertex -23.44 17.6421 14
    endloop
  endfacet
  facet normal 0.195165 -0.98077 0
    outer loop
      vertex -23.2219 17.6855 14
      vertex -23.44 17.6421 2.78
      vertex -23.2219 17.6855 2.78
    endloop
  endfacet
  facet normal -0.896754 -0.44253 0
    outer loop
      vertex -21.4294 16.6506 2.78
      vertex -21.5278 16.85 14
      vertex -21.5278 16.85 2.78
    endloop
  endfacet
  facet normal -0.896754 -0.44253 0
    outer loop
      vertex -21.5278 16.85 14
      vertex -21.4294 16.6506 2.78
      vertex -21.4294 16.6506 14
    endloop
  endfacet
  facet normal -0.997872 0.0652057 0
    outer loop
      vertex -21.3145 15.7781 2.78
      vertex -21.3 16 14
      vertex -21.3 16 2.78
    endloop
  endfacet
  facet normal -0.997872 0.0652057 0
    outer loop
      vertex -21.3 16 14
      vertex -21.3145 15.7781 2.78
      vertex -21.3145 15.7781 14
    endloop
  endfacet
  facet normal -0.0652057 0.997872 0
    outer loop
      vertex -22.7781 14.3145 2.78
      vertex -23 14.3 14
      vertex -22.7781 14.3145 14
    endloop
  endfacet
  facet normal -0.0652057 0.997872 0
    outer loop
      vertex -23 14.3 14
      vertex -22.7781 14.3145 2.78
      vertex -23 14.3 2.78
    endloop
  endfacet
  facet normal -0.751908 -0.659268 0
    outer loop
      vertex -21.6513 17.0349 2.78
      vertex -21.7979 17.2021 14
      vertex -21.7979 17.2021 2.78
    endloop
  endfacet
  facet normal -0.751908 -0.659268 0
    outer loop
      vertex -21.7979 17.2021 14
      vertex -21.6513 17.0349 2.78
      vertex -21.6513 17.0349 14
    endloop
  endfacet
  facet normal 0.997872 0.0652057 0
    outer loop
      vertex -24.6855 15.7781 14
      vertex -24.7 16 2.78
      vertex -24.7 16 14
    endloop
  endfacet
  facet normal 0.997872 0.0652057 0
    outer loop
      vertex -24.7 16 2.78
      vertex -24.6855 15.7781 14
      vertex -24.6855 15.7781 2.78
    endloop
  endfacet
  facet normal -0.751908 0.659268 0
    outer loop
      vertex -21.7979 14.7979 2.78
      vertex -21.6513 14.9651 14
      vertex -21.6513 14.9651 2.78
    endloop
  endfacet
  facet normal -0.751908 0.659268 0
    outer loop
      vertex -21.6513 14.9651 14
      vertex -21.7979 14.7979 2.78
      vertex -21.7979 14.7979 14
    endloop
  endfacet
  facet normal 0.751908 -0.659268 0
    outer loop
      vertex -24.3487 17.0349 14
      vertex -24.2021 17.2021 2.78
      vertex -24.2021 17.2021 14
    endloop
  endfacet
  facet normal 0.751908 -0.659268 0
    outer loop
      vertex -24.2021 17.2021 2.78
      vertex -24.3487 17.0349 14
      vertex -24.3487 17.0349 2.78
    endloop
  endfacet
  facet normal 0.831566 -0.555426 0
    outer loop
      vertex -24.4722 16.85 14
      vertex -24.3487 17.0349 2.78
      vertex -24.3487 17.0349 14
    endloop
  endfacet
  facet normal 0.831566 -0.555426 0
    outer loop
      vertex -24.3487 17.0349 2.78
      vertex -24.4722 16.85 14
      vertex -24.4722 16.85 2.78
    endloop
  endfacet
  facet normal 0.0652057 -0.997872 0
    outer loop
      vertex -23.2219 17.6855 2.78
      vertex -23 17.7 14
      vertex -23.2219 17.6855 14
    endloop
  endfacet
  facet normal 0.0652057 -0.997872 0
    outer loop
      vertex -23 17.7 14
      vertex -23.2219 17.6855 2.78
      vertex -23 17.7 2.78
    endloop
  endfacet
  facet normal 0.98077 0.195165 0
    outer loop
      vertex -24.6421 15.56 14
      vertex -24.6855 15.7781 2.78
      vertex -24.6855 15.7781 14
    endloop
  endfacet
  facet normal 0.98077 0.195165 0
    outer loop
      vertex -24.6855 15.7781 2.78
      vertex -24.6421 15.56 14
      vertex -24.6421 15.56 2.78
    endloop
  endfacet
  facet normal 0.321484 0.946915 -0
    outer loop
      vertex -23.44 14.3579 2.78
      vertex -23.6506 14.4294 14
      vertex -23.44 14.3579 14
    endloop
  endfacet
  facet normal 0.321484 0.946915 0
    outer loop
      vertex -23.6506 14.4294 14
      vertex -23.44 14.3579 2.78
      vertex -23.6506 14.4294 2.78
    endloop
  endfacet
  facet normal -0.946915 -0.321484 0
    outer loop
      vertex -21.3579 16.44 2.78
      vertex -21.4294 16.6506 14
      vertex -21.4294 16.6506 2.78
    endloop
  endfacet
  facet normal -0.946915 -0.321484 0
    outer loop
      vertex -21.4294 16.6506 14
      vertex -21.3579 16.44 2.78
      vertex -21.3579 16.44 14
    endloop
  endfacet
  facet normal 0.44253 0.896754 -0
    outer loop
      vertex -23.6506 14.4294 2.78
      vertex -23.85 14.5278 14
      vertex -23.6506 14.4294 14
    endloop
  endfacet
  facet normal 0.44253 0.896754 0
    outer loop
      vertex -23.85 14.5278 14
      vertex -23.6506 14.4294 2.78
      vertex -23.85 14.5278 2.78
    endloop
  endfacet
  facet normal 0.555426 0.831566 -0
    outer loop
      vertex -23.85 14.5278 2.78
      vertex -24.0349 14.6513 14
      vertex -23.85 14.5278 14
    endloop
  endfacet
  facet normal 0.555426 0.831566 0
    outer loop
      vertex -24.0349 14.6513 14
      vertex -23.85 14.5278 2.78
      vertex -24.0349 14.6513 2.78
    endloop
  endfacet
  facet normal 0.0652057 0.997872 -0
    outer loop
      vertex -23 14.3 2.78
      vertex -23.2219 14.3145 14
      vertex -23 14.3 14
    endloop
  endfacet
  facet normal 0.0652057 0.997872 0
    outer loop
      vertex -23.2219 14.3145 14
      vertex -23 14.3 2.78
      vertex -23.2219 14.3145 2.78
    endloop
  endfacet
  facet normal 0.195165 0.98077 -0
    outer loop
      vertex -23.2219 14.3145 2.78
      vertex -23.44 14.3579 14
      vertex -23.2219 14.3145 14
    endloop
  endfacet
  facet normal 0.195165 0.98077 0
    outer loop
      vertex -23.44 14.3579 14
      vertex -23.2219 14.3145 2.78
      vertex -23.44 14.3579 2.78
    endloop
  endfacet
  facet normal 0.896754 -0.44253 0
    outer loop
      vertex -24.5706 16.6506 14
      vertex -24.4722 16.85 2.78
      vertex -24.4722 16.85 14
    endloop
  endfacet
  facet normal 0.896754 -0.44253 0
    outer loop
      vertex -24.4722 16.85 2.78
      vertex -24.5706 16.6506 14
      vertex -24.5706 16.6506 2.78
    endloop
  endfacet
  facet normal 0.896754 0.44253 0
    outer loop
      vertex -24.4722 15.15 14
      vertex -24.5706 15.3494 2.78
      vertex -24.5706 15.3494 14
    endloop
  endfacet
  facet normal 0.896754 0.44253 0
    outer loop
      vertex -24.5706 15.3494 2.78
      vertex -24.4722 15.15 14
      vertex -24.4722 15.15 2.78
    endloop
  endfacet
  facet normal 0.997872 -0.0652057 0
    outer loop
      vertex -24.7 16 14
      vertex -24.6855 16.2219 2.78
      vertex -24.6855 16.2219 14
    endloop
  endfacet
  facet normal 0.997872 -0.0652057 0
    outer loop
      vertex -24.6855 16.2219 2.78
      vertex -24.7 16 14
      vertex -24.7 16 2.78
    endloop
  endfacet
  facet normal 0.98077 -0.195165 0
    outer loop
      vertex -24.6855 16.2219 14
      vertex -24.6421 16.44 2.78
      vertex -24.6421 16.44 14
    endloop
  endfacet
  facet normal 0.98077 -0.195165 0
    outer loop
      vertex -24.6421 16.44 2.78
      vertex -24.6855 16.2219 14
      vertex -24.6855 16.2219 2.78
    endloop
  endfacet
  facet normal 0.946915 -0.321484 0
    outer loop
      vertex -24.6421 16.44 14
      vertex -24.5706 16.6506 2.78
      vertex -24.5706 16.6506 14
    endloop
  endfacet
  facet normal 0.946915 -0.321484 0
    outer loop
      vertex -24.5706 16.6506 2.78
      vertex -24.6421 16.44 14
      vertex -24.6421 16.44 2.78
    endloop
  endfacet
  facet normal -0.659268 0.751908 0
    outer loop
      vertex -21.7979 14.7979 2.78
      vertex -21.9651 14.6513 14
      vertex -21.7979 14.7979 14
    endloop
  endfacet
  facet normal -0.659268 0.751908 0
    outer loop
      vertex -21.9651 14.6513 14
      vertex -21.7979 14.7979 2.78
      vertex -21.9651 14.6513 2.78
    endloop
  endfacet
  facet normal -0.98077 -0.195165 0
    outer loop
      vertex 24.6855 -15.7781 2.78
      vertex 24.6421 -15.56 14
      vertex 24.6421 -15.56 2.78
    endloop
  endfacet
  facet normal -0.98077 -0.195165 0
    outer loop
      vertex 24.6421 -15.56 14
      vertex 24.6855 -15.7781 2.78
      vertex 24.6855 -15.7781 14
    endloop
  endfacet
  facet normal -0.997872 -0.0652057 0
    outer loop
      vertex 24.7 -16 2.78
      vertex 24.6855 -15.7781 14
      vertex 24.6855 -15.7781 2.78
    endloop
  endfacet
  facet normal -0.997872 -0.0652057 0
    outer loop
      vertex 24.6855 -15.7781 14
      vertex 24.7 -16 2.78
      vertex 24.7 -16 14
    endloop
  endfacet
  facet normal -0.0652057 0.997872 0
    outer loop
      vertex 23.2219 -17.6855 2.78
      vertex 23 -17.7 14
      vertex 23.2219 -17.6855 14
    endloop
  endfacet
  facet normal -0.0652057 0.997872 0
    outer loop
      vertex 23 -17.7 14
      vertex 23.2219 -17.6855 2.78
      vertex 23 -17.7 2.78
    endloop
  endfacet
  facet normal 0.659268 -0.751908 0
    outer loop
      vertex 21.7979 -14.7979 2.78
      vertex 21.9651 -14.6513 14
      vertex 21.7979 -14.7979 14
    endloop
  endfacet
  facet normal 0.659268 -0.751908 0
    outer loop
      vertex 21.9651 -14.6513 14
      vertex 21.7979 -14.7979 2.78
      vertex 21.9651 -14.6513 2.78
    endloop
  endfacet
  facet normal 0.831566 0.555426 0
    outer loop
      vertex 21.6513 -17.0349 14
      vertex 21.5278 -16.85 2.78
      vertex 21.5278 -16.85 14
    endloop
  endfacet
  facet normal 0.831566 0.555426 0
    outer loop
      vertex 21.5278 -16.85 2.78
      vertex 21.6513 -17.0349 14
      vertex 21.6513 -17.0349 2.78
    endloop
  endfacet
  facet normal 0.195165 0.98077 -0
    outer loop
      vertex 22.7781 -17.6855 2.78
      vertex 22.56 -17.6421 14
      vertex 22.7781 -17.6855 14
    endloop
  endfacet
  facet normal 0.195165 0.98077 0
    outer loop
      vertex 22.56 -17.6421 14
      vertex 22.7781 -17.6855 2.78
      vertex 22.56 -17.6421 2.78
    endloop
  endfacet
  facet normal -0.659268 -0.751908 0
    outer loop
      vertex 24.0349 -14.6513 2.78
      vertex 24.2021 -14.7979 14
      vertex 24.0349 -14.6513 14
    endloop
  endfacet
  facet normal -0.659268 -0.751908 -0
    outer loop
      vertex 24.2021 -14.7979 14
      vertex 24.0349 -14.6513 2.78
      vertex 24.2021 -14.7979 2.78
    endloop
  endfacet
  facet normal -0.946915 0.321484 0
    outer loop
      vertex 24.5706 -16.6506 2.78
      vertex 24.6421 -16.44 14
      vertex 24.6421 -16.44 2.78
    endloop
  endfacet
  facet normal -0.946915 0.321484 0
    outer loop
      vertex 24.6421 -16.44 14
      vertex 24.5706 -16.6506 2.78
      vertex 24.5706 -16.6506 14
    endloop
  endfacet
  facet normal -0.751908 0.659268 0
    outer loop
      vertex 24.2021 -17.2021 2.78
      vertex 24.3487 -17.0349 14
      vertex 24.3487 -17.0349 2.78
    endloop
  endfacet
  facet normal -0.751908 0.659268 0
    outer loop
      vertex 24.3487 -17.0349 14
      vertex 24.2021 -17.2021 2.78
      vertex 24.2021 -17.2021 14
    endloop
  endfacet
  facet normal -0.751908 -0.659268 0
    outer loop
      vertex 24.3487 -14.9651 2.78
      vertex 24.2021 -14.7979 14
      vertex 24.2021 -14.7979 2.78
    endloop
  endfacet
  facet normal -0.751908 -0.659268 0
    outer loop
      vertex 24.2021 -14.7979 14
      vertex 24.3487 -14.9651 2.78
      vertex 24.3487 -14.9651 14
    endloop
  endfacet
  facet normal 0.946915 0.321484 0
    outer loop
      vertex 21.4294 -16.6506 14
      vertex 21.3579 -16.44 2.78
      vertex 21.3579 -16.44 14
    endloop
  endfacet
  facet normal 0.946915 0.321484 0
    outer loop
      vertex 21.3579 -16.44 2.78
      vertex 21.4294 -16.6506 14
      vertex 21.4294 -16.6506 2.78
    endloop
  endfacet
  facet normal -0.321484 0.946915 0
    outer loop
      vertex 23.6506 -17.5706 2.78
      vertex 23.44 -17.6421 14
      vertex 23.6506 -17.5706 14
    endloop
  endfacet
  facet normal -0.321484 0.946915 0
    outer loop
      vertex 23.44 -17.6421 14
      vertex 23.6506 -17.5706 2.78
      vertex 23.44 -17.6421 2.78
    endloop
  endfacet
  facet normal 0.0652057 0.997872 -0
    outer loop
      vertex 23 -17.7 2.78
      vertex 22.7781 -17.6855 14
      vertex 23 -17.7 14
    endloop
  endfacet
  facet normal 0.0652057 0.997872 0
    outer loop
      vertex 22.7781 -17.6855 14
      vertex 23 -17.7 2.78
      vertex 22.7781 -17.6855 2.78
    endloop
  endfacet
  facet normal 0.321484 -0.946915 0
    outer loop
      vertex 22.3494 -14.4294 2.78
      vertex 22.56 -14.3579 14
      vertex 22.3494 -14.4294 14
    endloop
  endfacet
  facet normal 0.321484 -0.946915 0
    outer loop
      vertex 22.56 -14.3579 14
      vertex 22.3494 -14.4294 2.78
      vertex 22.56 -14.3579 2.78
    endloop
  endfacet
  facet normal -0.946915 -0.321484 0
    outer loop
      vertex 24.6421 -15.56 2.78
      vertex 24.5706 -15.3494 14
      vertex 24.5706 -15.3494 2.78
    endloop
  endfacet
  facet normal -0.946915 -0.321484 0
    outer loop
      vertex 24.5706 -15.3494 14
      vertex 24.6421 -15.56 2.78
      vertex 24.6421 -15.56 14
    endloop
  endfacet
  facet normal 0.751908 -0.659268 0
    outer loop
      vertex 21.6513 -14.9651 14
      vertex 21.7979 -14.7979 2.78
      vertex 21.7979 -14.7979 14
    endloop
  endfacet
  facet normal 0.751908 -0.659268 0
    outer loop
      vertex 21.7979 -14.7979 2.78
      vertex 21.6513 -14.9651 14
      vertex 21.6513 -14.9651 2.78
    endloop
  endfacet
  facet normal 0.44253 0.896754 -0
    outer loop
      vertex 22.3494 -17.5706 2.78
      vertex 22.15 -17.4722 14
      vertex 22.3494 -17.5706 14
    endloop
  endfacet
  facet normal 0.44253 0.896754 0
    outer loop
      vertex 22.15 -17.4722 14
      vertex 22.3494 -17.5706 2.78
      vertex 22.15 -17.4722 2.78
    endloop
  endfacet
  facet normal 0.0652057 -0.997872 0
    outer loop
      vertex 22.7781 -14.3145 2.78
      vertex 23 -14.3 14
      vertex 22.7781 -14.3145 14
    endloop
  endfacet
  facet normal 0.0652057 -0.997872 0
    outer loop
      vertex 23 -14.3 14
      vertex 22.7781 -14.3145 2.78
      vertex 23 -14.3 2.78
    endloop
  endfacet
  facet normal -0.896754 0.44253 0
    outer loop
      vertex 24.4722 -16.85 2.78
      vertex 24.5706 -16.6506 14
      vertex 24.5706 -16.6506 2.78
    endloop
  endfacet
  facet normal -0.896754 0.44253 0
    outer loop
      vertex 24.5706 -16.6506 14
      vertex 24.4722 -16.85 2.78
      vertex 24.4722 -16.85 14
    endloop
  endfacet
  facet normal -0.555426 0.831566 0
    outer loop
      vertex 24.0349 -17.3487 2.78
      vertex 23.85 -17.4722 14
      vertex 24.0349 -17.3487 14
    endloop
  endfacet
  facet normal -0.555426 0.831566 0
    outer loop
      vertex 23.85 -17.4722 14
      vertex 24.0349 -17.3487 2.78
      vertex 23.85 -17.4722 2.78
    endloop
  endfacet
  facet normal 0.98077 0.195165 0
    outer loop
      vertex 21.3579 -16.44 14
      vertex 21.3145 -16.2219 2.78
      vertex 21.3145 -16.2219 14
    endloop
  endfacet
  facet normal 0.98077 0.195165 0
    outer loop
      vertex 21.3145 -16.2219 2.78
      vertex 21.3579 -16.44 14
      vertex 21.3579 -16.44 2.78
    endloop
  endfacet
  facet normal -0.195165 -0.98077 0
    outer loop
      vertex 23.2219 -14.3145 2.78
      vertex 23.44 -14.3579 14
      vertex 23.2219 -14.3145 14
    endloop
  endfacet
  facet normal -0.195165 -0.98077 -0
    outer loop
      vertex 23.44 -14.3579 14
      vertex 23.2219 -14.3145 2.78
      vertex 23.44 -14.3579 2.78
    endloop
  endfacet
  facet normal -0.831566 -0.555426 0
    outer loop
      vertex 24.4722 -15.15 2.78
      vertex 24.3487 -14.9651 14
      vertex 24.3487 -14.9651 2.78
    endloop
  endfacet
  facet normal -0.831566 -0.555426 0
    outer loop
      vertex 24.3487 -14.9651 14
      vertex 24.4722 -15.15 2.78
      vertex 24.4722 -15.15 14
    endloop
  endfacet
  facet normal -0.997872 0.0652057 0
    outer loop
      vertex 24.6855 -16.2219 2.78
      vertex 24.7 -16 14
      vertex 24.7 -16 2.78
    endloop
  endfacet
  facet normal -0.997872 0.0652057 0
    outer loop
      vertex 24.7 -16 14
      vertex 24.6855 -16.2219 2.78
      vertex 24.6855 -16.2219 14
    endloop
  endfacet
  facet normal -0.321484 -0.946915 0
    outer loop
      vertex 23.44 -14.3579 2.78
      vertex 23.6506 -14.4294 14
      vertex 23.44 -14.3579 14
    endloop
  endfacet
  facet normal -0.321484 -0.946915 -0
    outer loop
      vertex 23.6506 -14.4294 14
      vertex 23.44 -14.3579 2.78
      vertex 23.6506 -14.4294 2.78
    endloop
  endfacet
  facet normal -0.555426 -0.831566 0
    outer loop
      vertex 23.85 -14.5278 2.78
      vertex 24.0349 -14.6513 14
      vertex 23.85 -14.5278 14
    endloop
  endfacet
  facet normal -0.555426 -0.831566 -0
    outer loop
      vertex 24.0349 -14.6513 14
      vertex 23.85 -14.5278 2.78
      vertex 24.0349 -14.6513 2.78
    endloop
  endfacet
  facet normal 0.195165 -0.98077 0
    outer loop
      vertex 22.56 -14.3579 2.78
      vertex 22.7781 -14.3145 14
      vertex 22.56 -14.3579 14
    endloop
  endfacet
  facet normal 0.195165 -0.98077 0
    outer loop
      vertex 22.7781 -14.3145 14
      vertex 22.56 -14.3579 2.78
      vertex 22.7781 -14.3145 2.78
    endloop
  endfacet
  facet normal -0.659268 0.751908 0
    outer loop
      vertex 24.2021 -17.2021 2.78
      vertex 24.0349 -17.3487 14
      vertex 24.2021 -17.2021 14
    endloop
  endfacet
  facet normal -0.659268 0.751908 0
    outer loop
      vertex 24.0349 -17.3487 14
      vertex 24.2021 -17.2021 2.78
      vertex 24.0349 -17.3487 2.78
    endloop
  endfacet
  facet normal 0.896754 -0.44253 0
    outer loop
      vertex 21.4294 -15.3494 14
      vertex 21.5278 -15.15 2.78
      vertex 21.5278 -15.15 14
    endloop
  endfacet
  facet normal 0.896754 -0.44253 0
    outer loop
      vertex 21.5278 -15.15 2.78
      vertex 21.4294 -15.3494 14
      vertex 21.4294 -15.3494 2.78
    endloop
  endfacet
  facet normal -0.98077 0.195165 0
    outer loop
      vertex 24.6421 -16.44 2.78
      vertex 24.6855 -16.2219 14
      vertex 24.6855 -16.2219 2.78
    endloop
  endfacet
  facet normal -0.98077 0.195165 0
    outer loop
      vertex 24.6855 -16.2219 14
      vertex 24.6421 -16.44 2.78
      vertex 24.6421 -16.44 14
    endloop
  endfacet
  facet normal -0.195165 0.98077 0
    outer loop
      vertex 23.44 -17.6421 2.78
      vertex 23.2219 -17.6855 14
      vertex 23.44 -17.6421 14
    endloop
  endfacet
  facet normal -0.195165 0.98077 0
    outer loop
      vertex 23.2219 -17.6855 14
      vertex 23.44 -17.6421 2.78
      vertex 23.2219 -17.6855 2.78
    endloop
  endfacet
  facet normal 0.659268 0.751908 -0
    outer loop
      vertex 21.9651 -17.3487 2.78
      vertex 21.7979 -17.2021 14
      vertex 21.9651 -17.3487 14
    endloop
  endfacet
  facet normal 0.659268 0.751908 0
    outer loop
      vertex 21.7979 -17.2021 14
      vertex 21.9651 -17.3487 2.78
      vertex 21.7979 -17.2021 2.78
    endloop
  endfacet
  facet normal 0.751908 0.659268 0
    outer loop
      vertex 21.7979 -17.2021 14
      vertex 21.6513 -17.0349 2.78
      vertex 21.6513 -17.0349 14
    endloop
  endfacet
  facet normal 0.751908 0.659268 0
    outer loop
      vertex 21.6513 -17.0349 2.78
      vertex 21.7979 -17.2021 14
      vertex 21.7979 -17.2021 2.78
    endloop
  endfacet
  facet normal -0.0652057 -0.997872 0
    outer loop
      vertex 23 -14.3 2.78
      vertex 23.2219 -14.3145 14
      vertex 23 -14.3 14
    endloop
  endfacet
  facet normal -0.0652057 -0.997872 -0
    outer loop
      vertex 23.2219 -14.3145 14
      vertex 23 -14.3 2.78
      vertex 23.2219 -14.3145 2.78
    endloop
  endfacet
  facet normal -0.44253 -0.896754 0
    outer loop
      vertex 23.6506 -14.4294 2.78
      vertex 23.85 -14.5278 14
      vertex 23.6506 -14.4294 14
    endloop
  endfacet
  facet normal -0.44253 -0.896754 -0
    outer loop
      vertex 23.85 -14.5278 14
      vertex 23.6506 -14.4294 2.78
      vertex 23.85 -14.5278 2.78
    endloop
  endfacet
  facet normal -0.831566 0.555426 0
    outer loop
      vertex 24.3487 -17.0349 2.78
      vertex 24.4722 -16.85 14
      vertex 24.4722 -16.85 2.78
    endloop
  endfacet
  facet normal -0.831566 0.555426 0
    outer loop
      vertex 24.4722 -16.85 14
      vertex 24.3487 -17.0349 2.78
      vertex 24.3487 -17.0349 14
    endloop
  endfacet
  facet normal 0.997872 0.0652057 0
    outer loop
      vertex 21.3145 -16.2219 14
      vertex 21.3 -16 2.78
      vertex 21.3 -16 14
    endloop
  endfacet
  facet normal 0.997872 0.0652057 0
    outer loop
      vertex 21.3 -16 2.78
      vertex 21.3145 -16.2219 14
      vertex 21.3145 -16.2219 2.78
    endloop
  endfacet
  facet normal -0.44253 0.896754 0
    outer loop
      vertex 23.85 -17.4722 2.78
      vertex 23.6506 -17.5706 14
      vertex 23.85 -17.4722 14
    endloop
  endfacet
  facet normal -0.44253 0.896754 0
    outer loop
      vertex 23.6506 -17.5706 14
      vertex 23.85 -17.4722 2.78
      vertex 23.6506 -17.5706 2.78
    endloop
  endfacet
  facet normal 0.98077 -0.195165 0
    outer loop
      vertex 21.3145 -15.7781 14
      vertex 21.3579 -15.56 2.78
      vertex 21.3579 -15.56 14
    endloop
  endfacet
  facet normal 0.98077 -0.195165 0
    outer loop
      vertex 21.3579 -15.56 2.78
      vertex 21.3145 -15.7781 14
      vertex 21.3145 -15.7781 2.78
    endloop
  endfacet
  facet normal 0.896754 0.44253 0
    outer loop
      vertex 21.5278 -16.85 14
      vertex 21.4294 -16.6506 2.78
      vertex 21.4294 -16.6506 14
    endloop
  endfacet
  facet normal 0.896754 0.44253 0
    outer loop
      vertex 21.4294 -16.6506 2.78
      vertex 21.5278 -16.85 14
      vertex 21.5278 -16.85 2.78
    endloop
  endfacet
  facet normal 0.946915 -0.321484 0
    outer loop
      vertex 21.3579 -15.56 14
      vertex 21.4294 -15.3494 2.78
      vertex 21.4294 -15.3494 14
    endloop
  endfacet
  facet normal 0.946915 -0.321484 0
    outer loop
      vertex 21.4294 -15.3494 2.78
      vertex 21.3579 -15.56 14
      vertex 21.3579 -15.56 2.78
    endloop
  endfacet
  facet normal -0.896754 -0.44253 0
    outer loop
      vertex 24.5706 -15.3494 2.78
      vertex 24.4722 -15.15 14
      vertex 24.4722 -15.15 2.78
    endloop
  endfacet
  facet normal -0.896754 -0.44253 0
    outer loop
      vertex 24.4722 -15.15 14
      vertex 24.5706 -15.3494 2.78
      vertex 24.5706 -15.3494 14
    endloop
  endfacet
  facet normal 0.997872 -0.0652057 0
    outer loop
      vertex 21.3 -16 14
      vertex 21.3145 -15.7781 2.78
      vertex 21.3145 -15.7781 14
    endloop
  endfacet
  facet normal 0.997872 -0.0652057 0
    outer loop
      vertex 21.3145 -15.7781 2.78
      vertex 21.3 -16 14
      vertex 21.3 -16 2.78
    endloop
  endfacet
  facet normal 0.321484 0.946915 -0
    outer loop
      vertex 22.56 -17.6421 2.78
      vertex 22.3494 -17.5706 14
      vertex 22.56 -17.6421 14
    endloop
  endfacet
  facet normal 0.321484 0.946915 0
    outer loop
      vertex 22.3494 -17.5706 14
      vertex 22.56 -17.6421 2.78
      vertex 22.3494 -17.5706 2.78
    endloop
  endfacet
  facet normal 0.44253 -0.896754 0
    outer loop
      vertex 22.15 -14.5278 2.78
      vertex 22.3494 -14.4294 14
      vertex 22.15 -14.5278 14
    endloop
  endfacet
  facet normal 0.44253 -0.896754 0
    outer loop
      vertex 22.3494 -14.4294 14
      vertex 22.15 -14.5278 2.78
      vertex 22.3494 -14.4294 2.78
    endloop
  endfacet
  facet normal 0.555426 -0.831566 0
    outer loop
      vertex 21.9651 -14.6513 2.78
      vertex 22.15 -14.5278 14
      vertex 21.9651 -14.6513 14
    endloop
  endfacet
  facet normal 0.555426 -0.831566 0
    outer loop
      vertex 22.15 -14.5278 14
      vertex 21.9651 -14.6513 2.78
      vertex 22.15 -14.5278 2.78
    endloop
  endfacet
  facet normal 0.831566 -0.555426 0
    outer loop
      vertex 21.5278 -15.15 14
      vertex 21.6513 -14.9651 2.78
      vertex 21.6513 -14.9651 14
    endloop
  endfacet
  facet normal 0.831566 -0.555426 0
    outer loop
      vertex 21.6513 -14.9651 2.78
      vertex 21.5278 -15.15 14
      vertex 21.5278 -15.15 2.78
    endloop
  endfacet
  facet normal 0.555426 0.831566 -0
    outer loop
      vertex 22.15 -17.4722 2.78
      vertex 21.9651 -17.3487 14
      vertex 22.15 -17.4722 14
    endloop
  endfacet
  facet normal 0.555426 0.831566 0
    outer loop
      vertex 21.9651 -17.3487 14
      vertex 22.15 -17.4722 2.78
      vertex 21.9651 -17.3487 2.78
    endloop
  endfacet
  facet normal -0.98077 -0.195165 0
    outer loop
      vertex 24.6855 16.2219 2.78
      vertex 24.6421 16.44 14
      vertex 24.6421 16.44 2.78
    endloop
  endfacet
  facet normal -0.98077 -0.195165 0
    outer loop
      vertex 24.6421 16.44 14
      vertex 24.6855 16.2219 2.78
      vertex 24.6855 16.2219 14
    endloop
  endfacet
  facet normal -0.997872 -0.0652057 0
    outer loop
      vertex 24.7 16 2.78
      vertex 24.6855 16.2219 14
      vertex 24.6855 16.2219 2.78
    endloop
  endfacet
  facet normal -0.997872 -0.0652057 0
    outer loop
      vertex 24.6855 16.2219 14
      vertex 24.7 16 2.78
      vertex 24.7 16 14
    endloop
  endfacet
  facet normal 0.44253 -0.896754 0
    outer loop
      vertex 22.15 17.4722 2.78
      vertex 22.3494 17.5706 14
      vertex 22.15 17.4722 14
    endloop
  endfacet
  facet normal 0.44253 -0.896754 0
    outer loop
      vertex 22.3494 17.5706 14
      vertex 22.15 17.4722 2.78
      vertex 22.3494 17.5706 2.78
    endloop
  endfacet
  facet normal -0.555426 -0.831566 0
    outer loop
      vertex 23.85 17.4722 2.78
      vertex 24.0349 17.3487 14
      vertex 23.85 17.4722 14
    endloop
  endfacet
  facet normal -0.555426 -0.831566 -0
    outer loop
      vertex 24.0349 17.3487 14
      vertex 23.85 17.4722 2.78
      vertex 24.0349 17.3487 2.78
    endloop
  endfacet
  facet normal 0.659268 -0.751908 0
    outer loop
      vertex 21.7979 17.2021 2.78
      vertex 21.9651 17.3487 14
      vertex 21.7979 17.2021 14
    endloop
  endfacet
  facet normal 0.659268 -0.751908 0
    outer loop
      vertex 21.9651 17.3487 14
      vertex 21.7979 17.2021 2.78
      vertex 21.9651 17.3487 2.78
    endloop
  endfacet
  facet normal -0.321484 0.946915 0
    outer loop
      vertex 23.6506 14.4294 2.78
      vertex 23.44 14.3579 14
      vertex 23.6506 14.4294 14
    endloop
  endfacet
  facet normal -0.321484 0.946915 0
    outer loop
      vertex 23.44 14.3579 14
      vertex 23.6506 14.4294 2.78
      vertex 23.44 14.3579 2.78
    endloop
  endfacet
  facet normal -0.946915 0.321484 0
    outer loop
      vertex 24.5706 15.3494 2.78
      vertex 24.6421 15.56 14
      vertex 24.6421 15.56 2.78
    endloop
  endfacet
  facet normal -0.946915 0.321484 0
    outer loop
      vertex 24.6421 15.56 14
      vertex 24.5706 15.3494 2.78
      vertex 24.5706 15.3494 14
    endloop
  endfacet
  facet normal -0.321484 -0.946915 0
    outer loop
      vertex 23.44 17.6421 2.78
      vertex 23.6506 17.5706 14
      vertex 23.44 17.6421 14
    endloop
  endfacet
  facet normal -0.321484 -0.946915 -0
    outer loop
      vertex 23.6506 17.5706 14
      vertex 23.44 17.6421 2.78
      vertex 23.6506 17.5706 2.78
    endloop
  endfacet
  facet normal -0.195165 -0.98077 0
    outer loop
      vertex 23.2219 17.6855 2.78
      vertex 23.44 17.6421 14
      vertex 23.2219 17.6855 14
    endloop
  endfacet
  facet normal -0.195165 -0.98077 -0
    outer loop
      vertex 23.44 17.6421 14
      vertex 23.2219 17.6855 2.78
      vertex 23.44 17.6421 2.78
    endloop
  endfacet
  facet normal 0.555426 -0.831566 0
    outer loop
      vertex 21.9651 17.3487 2.78
      vertex 22.15 17.4722 14
      vertex 21.9651 17.3487 14
    endloop
  endfacet
  facet normal 0.555426 -0.831566 0
    outer loop
      vertex 22.15 17.4722 14
      vertex 21.9651 17.3487 2.78
      vertex 22.15 17.4722 2.78
    endloop
  endfacet
  facet normal -0.896754 0.44253 0
    outer loop
      vertex 24.4722 15.15 2.78
      vertex 24.5706 15.3494 14
      vertex 24.5706 15.3494 2.78
    endloop
  endfacet
  facet normal -0.896754 0.44253 0
    outer loop
      vertex 24.5706 15.3494 14
      vertex 24.4722 15.15 2.78
      vertex 24.4722 15.15 14
    endloop
  endfacet
  facet normal -0.659268 -0.751908 0
    outer loop
      vertex 24.0349 17.3487 2.78
      vertex 24.2021 17.2021 14
      vertex 24.0349 17.3487 14
    endloop
  endfacet
  facet normal -0.659268 -0.751908 -0
    outer loop
      vertex 24.2021 17.2021 14
      vertex 24.0349 17.3487 2.78
      vertex 24.2021 17.2021 2.78
    endloop
  endfacet
  facet normal -0.555426 0.831566 0
    outer loop
      vertex 24.0349 14.6513 2.78
      vertex 23.85 14.5278 14
      vertex 24.0349 14.6513 14
    endloop
  endfacet
  facet normal -0.555426 0.831566 0
    outer loop
      vertex 23.85 14.5278 14
      vertex 24.0349 14.6513 2.78
      vertex 23.85 14.5278 2.78
    endloop
  endfacet
  facet normal -0.44253 -0.896754 0
    outer loop
      vertex 23.6506 17.5706 2.78
      vertex 23.85 17.4722 14
      vertex 23.6506 17.5706 14
    endloop
  endfacet
  facet normal -0.44253 -0.896754 -0
    outer loop
      vertex 23.85 17.4722 14
      vertex 23.6506 17.5706 2.78
      vertex 23.85 17.4722 2.78
    endloop
  endfacet
  facet normal 0.659268 0.751908 -0
    outer loop
      vertex 21.9651 14.6513 2.78
      vertex 21.7979 14.7979 14
      vertex 21.9651 14.6513 14
    endloop
  endfacet
  facet normal 0.659268 0.751908 0
    outer loop
      vertex 21.7979 14.7979 14
      vertex 21.9651 14.6513 2.78
      vertex 21.7979 14.7979 2.78
    endloop
  endfacet
  facet normal 0.751908 0.659268 0
    outer loop
      vertex 21.7979 14.7979 14
      vertex 21.6513 14.9651 2.78
      vertex 21.6513 14.9651 14
    endloop
  endfacet
  facet normal 0.751908 0.659268 0
    outer loop
      vertex 21.6513 14.9651 2.78
      vertex 21.7979 14.7979 14
      vertex 21.7979 14.7979 2.78
    endloop
  endfacet
  facet normal 0.831566 0.555426 0
    outer loop
      vertex 21.6513 14.9651 14
      vertex 21.5278 15.15 2.78
      vertex 21.5278 15.15 14
    endloop
  endfacet
  facet normal 0.831566 0.555426 0
    outer loop
      vertex 21.5278 15.15 2.78
      vertex 21.6513 14.9651 14
      vertex 21.6513 14.9651 2.78
    endloop
  endfacet
  facet normal -0.831566 -0.555426 0
    outer loop
      vertex 24.4722 16.85 2.78
      vertex 24.3487 17.0349 14
      vertex 24.3487 17.0349 2.78
    endloop
  endfacet
  facet normal -0.831566 -0.555426 0
    outer loop
      vertex 24.3487 17.0349 14
      vertex 24.4722 16.85 2.78
      vertex 24.4722 16.85 14
    endloop
  endfacet
  facet normal -0.195165 0.98077 0
    outer loop
      vertex 23.44 14.3579 2.78
      vertex 23.2219 14.3145 14
      vertex 23.44 14.3579 14
    endloop
  endfacet
  facet normal -0.195165 0.98077 0
    outer loop
      vertex 23.2219 14.3145 14
      vertex 23.44 14.3579 2.78
      vertex 23.2219 14.3145 2.78
    endloop
  endfacet
  facet normal -0.98077 0.195165 0
    outer loop
      vertex 24.6421 15.56 2.78
      vertex 24.6855 15.7781 14
      vertex 24.6855 15.7781 2.78
    endloop
  endfacet
  facet normal -0.98077 0.195165 0
    outer loop
      vertex 24.6855 15.7781 14
      vertex 24.6421 15.56 2.78
      vertex 24.6421 15.56 14
    endloop
  endfacet
  facet normal 0.946915 0.321484 0
    outer loop
      vertex 21.4294 15.3494 14
      vertex 21.3579 15.56 2.78
      vertex 21.3579 15.56 14
    endloop
  endfacet
  facet normal 0.946915 0.321484 0
    outer loop
      vertex 21.3579 15.56 2.78
      vertex 21.4294 15.3494 14
      vertex 21.4294 15.3494 2.78
    endloop
  endfacet
  facet normal -0.44253 0.896754 0
    outer loop
      vertex 23.85 14.5278 2.78
      vertex 23.6506 14.4294 14
      vertex 23.85 14.5278 14
    endloop
  endfacet
  facet normal -0.44253 0.896754 0
    outer loop
      vertex 23.6506 14.4294 14
      vertex 23.85 14.5278 2.78
      vertex 23.6506 14.4294 2.78
    endloop
  endfacet
  facet normal -0.0652057 -0.997872 0
    outer loop
      vertex 23 17.7 2.78
      vertex 23.2219 17.6855 14
      vertex 23 17.7 14
    endloop
  endfacet
  facet normal -0.0652057 -0.997872 -0
    outer loop
      vertex 23.2219 17.6855 14
      vertex 23 17.7 2.78
      vertex 23.2219 17.6855 2.78
    endloop
  endfacet
  facet normal 0.321484 -0.946915 0
    outer loop
      vertex 22.3494 17.5706 2.78
      vertex 22.56 17.6421 14
      vertex 22.3494 17.5706 14
    endloop
  endfacet
  facet normal 0.321484 -0.946915 0
    outer loop
      vertex 22.56 17.6421 14
      vertex 22.3494 17.5706 2.78
      vertex 22.56 17.6421 2.78
    endloop
  endfacet
  facet normal 0.195165 -0.98077 0
    outer loop
      vertex 22.56 17.6421 2.78
      vertex 22.7781 17.6855 14
      vertex 22.56 17.6421 14
    endloop
  endfacet
  facet normal 0.195165 -0.98077 0
    outer loop
      vertex 22.7781 17.6855 14
      vertex 22.56 17.6421 2.78
      vertex 22.7781 17.6855 2.78
    endloop
  endfacet
  facet normal -0.896754 -0.44253 0
    outer loop
      vertex 24.5706 16.6506 2.78
      vertex 24.4722 16.85 14
      vertex 24.4722 16.85 2.78
    endloop
  endfacet
  facet normal -0.896754 -0.44253 0
    outer loop
      vertex 24.4722 16.85 14
      vertex 24.5706 16.6506 2.78
      vertex 24.5706 16.6506 14
    endloop
  endfacet
  facet normal -0.997872 0.0652057 0
    outer loop
      vertex 24.6855 15.7781 2.78
      vertex 24.7 16 14
      vertex 24.7 16 2.78
    endloop
  endfacet
  facet normal -0.997872 0.0652057 0
    outer loop
      vertex 24.7 16 14
      vertex 24.6855 15.7781 2.78
      vertex 24.6855 15.7781 14
    endloop
  endfacet
  facet normal -0.0652057 0.997872 0
    outer loop
      vertex 23.2219 14.3145 2.78
      vertex 23 14.3 14
      vertex 23.2219 14.3145 14
    endloop
  endfacet
  facet normal -0.0652057 0.997872 0
    outer loop
      vertex 23 14.3 14
      vertex 23.2219 14.3145 2.78
      vertex 23 14.3 2.78
    endloop
  endfacet
  facet normal -0.751908 -0.659268 0
    outer loop
      vertex 24.3487 17.0349 2.78
      vertex 24.2021 17.2021 14
      vertex 24.2021 17.2021 2.78
    endloop
  endfacet
  facet normal -0.751908 -0.659268 0
    outer loop
      vertex 24.2021 17.2021 14
      vertex 24.3487 17.0349 2.78
      vertex 24.3487 17.0349 14
    endloop
  endfacet
  facet normal 0.997872 0.0652057 0
    outer loop
      vertex 21.3145 15.7781 14
      vertex 21.3 16 2.78
      vertex 21.3 16 14
    endloop
  endfacet
  facet normal 0.997872 0.0652057 0
    outer loop
      vertex 21.3 16 2.78
      vertex 21.3145 15.7781 14
      vertex 21.3145 15.7781 2.78
    endloop
  endfacet
  facet normal -0.751908 0.659268 0
    outer loop
      vertex 24.2021 14.7979 2.78
      vertex 24.3487 14.9651 14
      vertex 24.3487 14.9651 2.78
    endloop
  endfacet
  facet normal -0.751908 0.659268 0
    outer loop
      vertex 24.3487 14.9651 14
      vertex 24.2021 14.7979 2.78
      vertex 24.2021 14.7979 14
    endloop
  endfacet
  facet normal 0.751908 -0.659268 0
    outer loop
      vertex 21.6513 17.0349 14
      vertex 21.7979 17.2021 2.78
      vertex 21.7979 17.2021 14
    endloop
  endfacet
  facet normal 0.751908 -0.659268 0
    outer loop
      vertex 21.7979 17.2021 2.78
      vertex 21.6513 17.0349 14
      vertex 21.6513 17.0349 2.78
    endloop
  endfacet
  facet normal 0.831566 -0.555426 0
    outer loop
      vertex 21.5278 16.85 14
      vertex 21.6513 17.0349 2.78
      vertex 21.6513 17.0349 14
    endloop
  endfacet
  facet normal 0.831566 -0.555426 0
    outer loop
      vertex 21.6513 17.0349 2.78
      vertex 21.5278 16.85 14
      vertex 21.5278 16.85 2.78
    endloop
  endfacet
  facet normal 0.0652057 -0.997872 0
    outer loop
      vertex 22.7781 17.6855 2.78
      vertex 23 17.7 14
      vertex 22.7781 17.6855 14
    endloop
  endfacet
  facet normal 0.0652057 -0.997872 0
    outer loop
      vertex 23 17.7 14
      vertex 22.7781 17.6855 2.78
      vertex 23 17.7 2.78
    endloop
  endfacet
  facet normal 0.98077 0.195165 0
    outer loop
      vertex 21.3579 15.56 14
      vertex 21.3145 15.7781 2.78
      vertex 21.3145 15.7781 14
    endloop
  endfacet
  facet normal 0.98077 0.195165 0
    outer loop
      vertex 21.3145 15.7781 2.78
      vertex 21.3579 15.56 14
      vertex 21.3579 15.56 2.78
    endloop
  endfacet
  facet normal 0.321484 0.946915 -0
    outer loop
      vertex 22.56 14.3579 2.78
      vertex 22.3494 14.4294 14
      vertex 22.56 14.3579 14
    endloop
  endfacet
  facet normal 0.321484 0.946915 0
    outer loop
      vertex 22.3494 14.4294 14
      vertex 22.56 14.3579 2.78
      vertex 22.3494 14.4294 2.78
    endloop
  endfacet
  facet normal -0.946915 -0.321484 0
    outer loop
      vertex 24.6421 16.44 2.78
      vertex 24.5706 16.6506 14
      vertex 24.5706 16.6506 2.78
    endloop
  endfacet
  facet normal -0.946915 -0.321484 0
    outer loop
      vertex 24.5706 16.6506 14
      vertex 24.6421 16.44 2.78
      vertex 24.6421 16.44 14
    endloop
  endfacet
  facet normal 0.44253 0.896754 -0
    outer loop
      vertex 22.3494 14.4294 2.78
      vertex 22.15 14.5278 14
      vertex 22.3494 14.4294 14
    endloop
  endfacet
  facet normal 0.44253 0.896754 0
    outer loop
      vertex 22.15 14.5278 14
      vertex 22.3494 14.4294 2.78
      vertex 22.15 14.5278 2.78
    endloop
  endfacet
  facet normal -0.831566 0.555426 0
    outer loop
      vertex 24.3487 14.9651 2.78
      vertex 24.4722 15.15 14
      vertex 24.4722 15.15 2.78
    endloop
  endfacet
  facet normal -0.831566 0.555426 0
    outer loop
      vertex 24.4722 15.15 14
      vertex 24.3487 14.9651 2.78
      vertex 24.3487 14.9651 14
    endloop
  endfacet
  facet normal 0.555426 0.831566 -0
    outer loop
      vertex 22.15 14.5278 2.78
      vertex 21.9651 14.6513 14
      vertex 22.15 14.5278 14
    endloop
  endfacet
  facet normal 0.555426 0.831566 0
    outer loop
      vertex 21.9651 14.6513 14
      vertex 22.15 14.5278 2.78
      vertex 21.9651 14.6513 2.78
    endloop
  endfacet
  facet normal 0.0652057 0.997872 -0
    outer loop
      vertex 23 14.3 2.78
      vertex 22.7781 14.3145 14
      vertex 23 14.3 14
    endloop
  endfacet
  facet normal 0.0652057 0.997872 0
    outer loop
      vertex 22.7781 14.3145 14
      vertex 23 14.3 2.78
      vertex 22.7781 14.3145 2.78
    endloop
  endfacet
  facet normal 0.195165 0.98077 -0
    outer loop
      vertex 22.7781 14.3145 2.78
      vertex 22.56 14.3579 14
      vertex 22.7781 14.3145 14
    endloop
  endfacet
  facet normal 0.195165 0.98077 0
    outer loop
      vertex 22.56 14.3579 14
      vertex 22.7781 14.3145 2.78
      vertex 22.56 14.3579 2.78
    endloop
  endfacet
  facet normal 0.896754 -0.44253 0
    outer loop
      vertex 21.4294 16.6506 14
      vertex 21.5278 16.85 2.78
      vertex 21.5278 16.85 14
    endloop
  endfacet
  facet normal 0.896754 -0.44253 0
    outer loop
      vertex 21.5278 16.85 2.78
      vertex 21.4294 16.6506 14
      vertex 21.4294 16.6506 2.78
    endloop
  endfacet
  facet normal 0.896754 0.44253 0
    outer loop
      vertex 21.5278 15.15 14
      vertex 21.4294 15.3494 2.78
      vertex 21.4294 15.3494 14
    endloop
  endfacet
  facet normal 0.896754 0.44253 0
    outer loop
      vertex 21.4294 15.3494 2.78
      vertex 21.5278 15.15 14
      vertex 21.5278 15.15 2.78
    endloop
  endfacet
  facet normal 0.997872 -0.0652057 0
    outer loop
      vertex 21.3 16 14
      vertex 21.3145 16.2219 2.78
      vertex 21.3145 16.2219 14
    endloop
  endfacet
  facet normal 0.997872 -0.0652057 0
    outer loop
      vertex 21.3145 16.2219 2.78
      vertex 21.3 16 14
      vertex 21.3 16 2.78
    endloop
  endfacet
  facet normal 0.98077 -0.195165 0
    outer loop
      vertex 21.3145 16.2219 14
      vertex 21.3579 16.44 2.78
      vertex 21.3579 16.44 14
    endloop
  endfacet
  facet normal 0.98077 -0.195165 0
    outer loop
      vertex 21.3579 16.44 2.78
      vertex 21.3145 16.2219 14
      vertex 21.3145 16.2219 2.78
    endloop
  endfacet
  facet normal 0.946915 -0.321484 0
    outer loop
      vertex 21.3579 16.44 14
      vertex 21.4294 16.6506 2.78
      vertex 21.4294 16.6506 14
    endloop
  endfacet
  facet normal 0.946915 -0.321484 0
    outer loop
      vertex 21.4294 16.6506 2.78
      vertex 21.3579 16.44 14
      vertex 21.3579 16.44 2.78
    endloop
  endfacet
  facet normal -0.659268 0.751908 0
    outer loop
      vertex 24.2021 14.7979 2.78
      vertex 24.0349 14.6513 14
      vertex 24.2021 14.7979 14
    endloop
  endfacet
  facet normal -0.659268 0.751908 0
    outer loop
      vertex 24.0349 14.6513 14
      vertex 24.2021 14.7979 2.78
      vertex 24.0349 14.6513 2.78
    endloop
  endfacet
  facet normal 0.500012 -0.866019 0
    outer loop
      vertex -25.85 -14.3546 0
      vertex -23 -12.7091 2.78
      vertex -25.85 -14.3546 2.78
    endloop
  endfacet
  facet normal 0.500012 -0.866019 0
    outer loop
      vertex -23 -12.7091 2.78
      vertex -25.85 -14.3546 0
      vertex -23 -12.7091 0
    endloop
  endfacet
  facet normal -0.500012 -0.866019 0
    outer loop
      vertex -23 -12.7091 0
      vertex -20.15 -14.3546 2.78
      vertex -23 -12.7091 2.78
    endloop
  endfacet
  facet normal -0.500012 -0.866019 -0
    outer loop
      vertex -20.15 -14.3546 2.78
      vertex -23 -12.7091 0
      vertex -20.15 -14.3546 0
    endloop
  endfacet
  facet normal -1 0 0
    outer loop
      vertex -20.15 -17.6454 0
      vertex -20.15 -14.3546 2.78
      vertex -20.15 -14.3546 0
    endloop
  endfacet
  facet normal -1 -0 0
    outer loop
      vertex -20.15 -14.3546 2.78
      vertex -20.15 -17.6454 0
      vertex -20.15 -17.6454 2.78
    endloop
  endfacet
  facet normal 1 -0 0
    outer loop
      vertex -25.85 -17.6454 2.78
      vertex -25.85 -14.3546 0
      vertex -25.85 -14.3546 2.78
    endloop
  endfacet
  facet normal 1 0 0
    outer loop
      vertex -25.85 -14.3546 0
      vertex -25.85 -17.6454 2.78
      vertex -25.85 -17.6454 0
    endloop
  endfacet
  facet normal 0 0 -1
    outer loop
      vertex -20.15 -17.6454 2.78
      vertex -21.3 -16 2.78
      vertex -20.15 -14.3546 2.78
    endloop
  endfacet
  facet normal 0 0 -1
    outer loop
      vertex -20.15 -17.6454 2.78
      vertex -21.3145 -16.2219 2.78
      vertex -21.3 -16 2.78
    endloop
  endfacet
  facet normal 0 0 -1
    outer loop
      vertex -20.15 -17.6454 2.78
      vertex -21.3579 -16.44 2.78
      vertex -21.3145 -16.2219 2.78
    endloop
  endfacet
  facet normal 0 0 -1
    outer loop
      vertex -20.15 -17.6454 2.78
      vertex -21.4294 -16.6506 2.78
      vertex -21.3579 -16.44 2.78
    endloop
  endfacet
  facet normal 0 0 -1
    outer loop
      vertex -20.15 -17.6454 2.78
      vertex -21.5278 -16.85 2.78
      vertex -21.4294 -16.6506 2.78
    endloop
  endfacet
  facet normal 0 0 -1
    outer loop
      vertex -20.15 -17.6454 2.78
      vertex -21.6513 -17.0349 2.78
      vertex -21.5278 -16.85 2.78
    endloop
  endfacet
  facet normal 0 0 -1
    outer loop
      vertex -20.15 -17.6454 2.78
      vertex -21.7979 -17.2021 2.78
      vertex -21.6513 -17.0349 2.78
    endloop
  endfacet
  facet normal 0 0 -1
    outer loop
      vertex -20.15 -17.6454 2.78
      vertex -21.9651 -17.3487 2.78
      vertex -21.7979 -17.2021 2.78
    endloop
  endfacet
  facet normal 0 0 -1
    outer loop
      vertex -20.15 -17.6454 2.78
      vertex -22.15 -17.4722 2.78
      vertex -21.9651 -17.3487 2.78
    endloop
  endfacet
  facet normal 0 0 -1
    outer loop
      vertex -23 -19.2909 2.78
      vertex -22.15 -17.4722 2.78
      vertex -20.15 -17.6454 2.78
    endloop
  endfacet
  facet normal 0 0 -1
    outer loop
      vertex -22.15 -17.4722 2.78
      vertex -23 -19.2909 2.78
      vertex -22.3494 -17.5706 2.78
    endloop
  endfacet
  facet normal 0 0 -1
    outer loop
      vertex -22.3494 -17.5706 2.78
      vertex -23 -19.2909 2.78
      vertex -22.56 -17.6421 2.78
    endloop
  endfacet
  facet normal 0 0 -1
    outer loop
      vertex -22.56 -17.6421 2.78
      vertex -23 -19.2909 2.78
      vertex -22.7781 -17.6855 2.78
    endloop
  endfacet
  facet normal 0 0 -1
    outer loop
      vertex -23 -19.2909 2.78
      vertex -23 -17.7 2.78
      vertex -22.7781 -17.6855 2.78
    endloop
  endfacet
  facet normal 0 0 -1
    outer loop
      vertex -23 -19.2909 2.78
      vertex -23.2219 -17.6855 2.78
      vertex -23 -17.7 2.78
    endloop
  endfacet
  facet normal 0 0 -1
    outer loop
      vertex -23 -19.2909 2.78
      vertex -23.44 -17.6421 2.78
      vertex -23.2219 -17.6855 2.78
    endloop
  endfacet
  facet normal 0 0 -1
    outer loop
      vertex -23 -19.2909 2.78
      vertex -23.6506 -17.5706 2.78
      vertex -23.44 -17.6421 2.78
    endloop
  endfacet
  facet normal 0 0 -1
    outer loop
      vertex -23 -19.2909 2.78
      vertex -23.85 -17.4722 2.78
      vertex -23.6506 -17.5706 2.78
    endloop
  endfacet
  facet normal 0 0 -1
    outer loop
      vertex -25.85 -17.6454 2.78
      vertex -23.85 -17.4722 2.78
      vertex -23 -19.2909 2.78
    endloop
  endfacet
  facet normal -0 0 -1
    outer loop
      vertex -23.85 -17.4722 2.78
      vertex -25.85 -17.6454 2.78
      vertex -24.0349 -17.3487 2.78
    endloop
  endfacet
  facet normal -0 0 -1
    outer loop
      vertex -24.0349 -17.3487 2.78
      vertex -25.85 -17.6454 2.78
      vertex -24.2021 -17.2021 2.78
    endloop
  endfacet
  facet normal -0 0 -1
    outer loop
      vertex -24.2021 -17.2021 2.78
      vertex -25.85 -17.6454 2.78
      vertex -24.3487 -17.0349 2.78
    endloop
  endfacet
  facet normal -0 0 -1
    outer loop
      vertex -24.6855 -16.2219 2.78
      vertex -25.85 -17.6454 2.78
      vertex -24.7 -16 2.78
    endloop
  endfacet
  facet normal -0 0 -1
    outer loop
      vertex -24.6421 -16.44 2.78
      vertex -25.85 -17.6454 2.78
      vertex -24.6855 -16.2219 2.78
    endloop
  endfacet
  facet normal -0 0 -1
    outer loop
      vertex -24.5706 -16.6506 2.78
      vertex -25.85 -17.6454 2.78
      vertex -24.6421 -16.44 2.78
    endloop
  endfacet
  facet normal -0 0 -1
    outer loop
      vertex -24.4722 -16.85 2.78
      vertex -25.85 -17.6454 2.78
      vertex -24.5706 -16.6506 2.78
    endloop
  endfacet
  facet normal -0 0 -1
    outer loop
      vertex -24.3487 -17.0349 2.78
      vertex -25.85 -17.6454 2.78
      vertex -24.4722 -16.85 2.78
    endloop
  endfacet
  facet normal 0 0 -1
    outer loop
      vertex -21.3145 -15.7781 2.78
      vertex -20.15 -14.3546 2.78
      vertex -21.3 -16 2.78
    endloop
  endfacet
  facet normal 0 0 -1
    outer loop
      vertex -21.3579 -15.56 2.78
      vertex -20.15 -14.3546 2.78
      vertex -21.3145 -15.7781 2.78
    endloop
  endfacet
  facet normal 0 0 -1
    outer loop
      vertex -21.4294 -15.3494 2.78
      vertex -20.15 -14.3546 2.78
      vertex -21.3579 -15.56 2.78
    endloop
  endfacet
  facet normal 0 0 -1
    outer loop
      vertex -21.5278 -15.15 2.78
      vertex -20.15 -14.3546 2.78
      vertex -21.4294 -15.3494 2.78
    endloop
  endfacet
  facet normal 0 0 -1
    outer loop
      vertex -21.6513 -14.9651 2.78
      vertex -20.15 -14.3546 2.78
      vertex -21.5278 -15.15 2.78
    endloop
  endfacet
  facet normal 0 0 -1
    outer loop
      vertex -21.7979 -14.7979 2.78
      vertex -20.15 -14.3546 2.78
      vertex -21.6513 -14.9651 2.78
    endloop
  endfacet
  facet normal 0 0 -1
    outer loop
      vertex -21.9651 -14.6513 2.78
      vertex -20.15 -14.3546 2.78
      vertex -21.7979 -14.7979 2.78
    endloop
  endfacet
  facet normal 0 0 -1
    outer loop
      vertex -22.15 -14.5278 2.78
      vertex -20.15 -14.3546 2.78
      vertex -21.9651 -14.6513 2.78
    endloop
  endfacet
  facet normal 0 0 -1
    outer loop
      vertex -23 -12.7091 2.78
      vertex -22.15 -14.5278 2.78
      vertex -22.3494 -14.4294 2.78
    endloop
  endfacet
  facet normal 0 0 -1
    outer loop
      vertex -23 -12.7091 2.78
      vertex -22.3494 -14.4294 2.78
      vertex -22.56 -14.3579 2.78
    endloop
  endfacet
  facet normal 0 0 -1
    outer loop
      vertex -23 -12.7091 2.78
      vertex -22.56 -14.3579 2.78
      vertex -22.7781 -14.3145 2.78
    endloop
  endfacet
  facet normal 0 0 -1
    outer loop
      vertex -23 -12.7091 2.78
      vertex -22.7781 -14.3145 2.78
      vertex -23 -14.3 2.78
    endloop
  endfacet
  facet normal 0 0 -1
    outer loop
      vertex -22.15 -14.5278 2.78
      vertex -23 -12.7091 2.78
      vertex -20.15 -14.3546 2.78
    endloop
  endfacet
  facet normal 0 0 -1
    outer loop
      vertex -23.2219 -14.3145 2.78
      vertex -23 -12.7091 2.78
      vertex -23 -14.3 2.78
    endloop
  endfacet
  facet normal 0 0 -1
    outer loop
      vertex -23.44 -14.3579 2.78
      vertex -23 -12.7091 2.78
      vertex -23.2219 -14.3145 2.78
    endloop
  endfacet
  facet normal 0 0 -1
    outer loop
      vertex -23.6506 -14.4294 2.78
      vertex -23 -12.7091 2.78
      vertex -23.44 -14.3579 2.78
    endloop
  endfacet
  facet normal 0 0 -1
    outer loop
      vertex -23.85 -14.5278 2.78
      vertex -23 -12.7091 2.78
      vertex -23.6506 -14.4294 2.78
    endloop
  endfacet
  facet normal 0 0 -1
    outer loop
      vertex -25.85 -14.3546 2.78
      vertex -23.85 -14.5278 2.78
      vertex -24.0349 -14.6513 2.78
    endloop
  endfacet
  facet normal 0 0 -1
    outer loop
      vertex -25.85 -14.3546 2.78
      vertex -24.0349 -14.6513 2.78
      vertex -24.2021 -14.7979 2.78
    endloop
  endfacet
  facet normal 0 0 -1
    outer loop
      vertex -25.85 -14.3546 2.78
      vertex -24.2021 -14.7979 2.78
      vertex -24.3487 -14.9651 2.78
    endloop
  endfacet
  facet normal 0 0 -1
    outer loop
      vertex -25.85 -14.3546 2.78
      vertex -24.3487 -14.9651 2.78
      vertex -24.4722 -15.15 2.78
    endloop
  endfacet
  facet normal 0 0 -1
    outer loop
      vertex -25.85 -14.3546 2.78
      vertex -24.7 -16 2.78
      vertex -25.85 -17.6454 2.78
    endloop
  endfacet
  facet normal 0 0 -1
    outer loop
      vertex -24.7 -16 2.78
      vertex -25.85 -14.3546 2.78
      vertex -24.6855 -15.7781 2.78
    endloop
  endfacet
  facet normal 0 0 -1
    outer loop
      vertex -24.6855 -15.7781 2.78
      vertex -25.85 -14.3546 2.78
      vertex -24.6421 -15.56 2.78
    endloop
  endfacet
  facet normal 0 0 -1
    outer loop
      vertex -24.6421 -15.56 2.78
      vertex -25.85 -14.3546 2.78
      vertex -24.5706 -15.3494 2.78
    endloop
  endfacet
  facet normal 0 0 -1
    outer loop
      vertex -23.85 -14.5278 2.78
      vertex -25.85 -14.3546 2.78
      vertex -23 -12.7091 2.78
    endloop
  endfacet
  facet normal 0 0 -1
    outer loop
      vertex -24.5706 -15.3494 2.78
      vertex -25.85 -14.3546 2.78
      vertex -24.4722 -15.15 2.78
    endloop
  endfacet
  facet normal 0.500012 0.866019 -0
    outer loop
      vertex -23 -19.2909 0
      vertex -25.85 -17.6454 2.78
      vertex -23 -19.2909 2.78
    endloop
  endfacet
  facet normal 0.500012 0.866019 0
    outer loop
      vertex -25.85 -17.6454 2.78
      vertex -23 -19.2909 0
      vertex -25.85 -17.6454 0
    endloop
  endfacet
  facet normal -0.500012 0.866019 0
    outer loop
      vertex -20.15 -17.6454 0
      vertex -23 -19.2909 2.78
      vertex -20.15 -17.6454 2.78
    endloop
  endfacet
  facet normal -0.500012 0.866019 0
    outer loop
      vertex -23 -19.2909 2.78
      vertex -20.15 -17.6454 0
      vertex -23 -19.2909 0
    endloop
  endfacet
  facet normal 0.500012 -0.866019 0
    outer loop
      vertex -25.85 17.6454 0
      vertex -23 19.2909 2.78
      vertex -25.85 17.6454 2.78
    endloop
  endfacet
  facet normal 0.500012 -0.866019 0
    outer loop
      vertex -23 19.2909 2.78
      vertex -25.85 17.6454 0
      vertex -23 19.2909 0
    endloop
  endfacet
  facet normal -0.500012 -0.866019 0
    outer loop
      vertex -23 19.2909 0
      vertex -20.15 17.6454 2.78
      vertex -23 19.2909 2.78
    endloop
  endfacet
  facet normal -0.500012 -0.866019 -0
    outer loop
      vertex -20.15 17.6454 2.78
      vertex -23 19.2909 0
      vertex -20.15 17.6454 0
    endloop
  endfacet
  facet normal -1 0 0
    outer loop
      vertex -20.15 14.3546 0
      vertex -20.15 17.6454 2.78
      vertex -20.15 17.6454 0
    endloop
  endfacet
  facet normal -1 -0 0
    outer loop
      vertex -20.15 17.6454 2.78
      vertex -20.15 14.3546 0
      vertex -20.15 14.3546 2.78
    endloop
  endfacet
  facet normal 1 -0 0
    outer loop
      vertex -25.85 14.3546 2.78
      vertex -25.85 17.6454 0
      vertex -25.85 17.6454 2.78
    endloop
  endfacet
  facet normal 1 0 0
    outer loop
      vertex -25.85 17.6454 0
      vertex -25.85 14.3546 2.78
      vertex -25.85 14.3546 0
    endloop
  endfacet
  facet normal 0 0 -1
    outer loop
      vertex -20.15 14.3546 2.78
      vertex -21.3 16 2.78
      vertex -20.15 17.6454 2.78
    endloop
  endfacet
  facet normal 0 0 -1
    outer loop
      vertex -20.15 14.3546 2.78
      vertex -21.3145 15.7781 2.78
      vertex -21.3 16 2.78
    endloop
  endfacet
  facet normal 0 0 -1
    outer loop
      vertex -20.15 14.3546 2.78
      vertex -21.3579 15.56 2.78
      vertex -21.3145 15.7781 2.78
    endloop
  endfacet
  facet normal 0 0 -1
    outer loop
      vertex -20.15 14.3546 2.78
      vertex -21.4294 15.3494 2.78
      vertex -21.3579 15.56 2.78
    endloop
  endfacet
  facet normal 0 0 -1
    outer loop
      vertex -20.15 14.3546 2.78
      vertex -21.5278 15.15 2.78
      vertex -21.4294 15.3494 2.78
    endloop
  endfacet
  facet normal 0 0 -1
    outer loop
      vertex -20.15 14.3546 2.78
      vertex -21.6513 14.9651 2.78
      vertex -21.5278 15.15 2.78
    endloop
  endfacet
  facet normal 0 0 -1
    outer loop
      vertex -20.15 14.3546 2.78
      vertex -21.7979 14.7979 2.78
      vertex -21.6513 14.9651 2.78
    endloop
  endfacet
  facet normal 0 0 -1
    outer loop
      vertex -20.15 14.3546 2.78
      vertex -21.9651 14.6513 2.78
      vertex -21.7979 14.7979 2.78
    endloop
  endfacet
  facet normal 0 0 -1
    outer loop
      vertex -20.15 14.3546 2.78
      vertex -22.15 14.5278 2.78
      vertex -21.9651 14.6513 2.78
    endloop
  endfacet
  facet normal 0 0 -1
    outer loop
      vertex -23 12.7091 2.78
      vertex -22.15 14.5278 2.78
      vertex -20.15 14.3546 2.78
    endloop
  endfacet
  facet normal 0 0 -1
    outer loop
      vertex -22.15 14.5278 2.78
      vertex -23 12.7091 2.78
      vertex -22.3494 14.4294 2.78
    endloop
  endfacet
  facet normal 0 0 -1
    outer loop
      vertex -22.3494 14.4294 2.78
      vertex -23 12.7091 2.78
      vertex -22.56 14.3579 2.78
    endloop
  endfacet
  facet normal 0 0 -1
    outer loop
      vertex -22.56 14.3579 2.78
      vertex -23 12.7091 2.78
      vertex -22.7781 14.3145 2.78
    endloop
  endfacet
  facet normal 0 0 -1
    outer loop
      vertex -23 12.7091 2.78
      vertex -23 14.3 2.78
      vertex -22.7781 14.3145 2.78
    endloop
  endfacet
  facet normal 0 0 -1
    outer loop
      vertex -23 12.7091 2.78
      vertex -23.2219 14.3145 2.78
      vertex -23 14.3 2.78
    endloop
  endfacet
  facet normal 0 0 -1
    outer loop
      vertex -23 12.7091 2.78
      vertex -23.44 14.3579 2.78
      vertex -23.2219 14.3145 2.78
    endloop
  endfacet
  facet normal 0 0 -1
    outer loop
      vertex -23 12.7091 2.78
      vertex -23.6506 14.4294 2.78
      vertex -23.44 14.3579 2.78
    endloop
  endfacet
  facet normal 0 0 -1
    outer loop
      vertex -23 12.7091 2.78
      vertex -23.85 14.5278 2.78
      vertex -23.6506 14.4294 2.78
    endloop
  endfacet
  facet normal 0 0 -1
    outer loop
      vertex -25.85 14.3546 2.78
      vertex -23.85 14.5278 2.78
      vertex -23 12.7091 2.78
    endloop
  endfacet
  facet normal -0 0 -1
    outer loop
      vertex -23.85 14.5278 2.78
      vertex -25.85 14.3546 2.78
      vertex -24.0349 14.6513 2.78
    endloop
  endfacet
  facet normal -0 0 -1
    outer loop
      vertex -24.0349 14.6513 2.78
      vertex -25.85 14.3546 2.78
      vertex -24.2021 14.7979 2.78
    endloop
  endfacet
  facet normal -0 0 -1
    outer loop
      vertex -24.2021 14.7979 2.78
      vertex -25.85 14.3546 2.78
      vertex -24.3487 14.9651 2.78
    endloop
  endfacet
  facet normal -0 0 -1
    outer loop
      vertex -24.6855 15.7781 2.78
      vertex -25.85 14.3546 2.78
      vertex -24.7 16 2.78
    endloop
  endfacet
  facet normal -0 0 -1
    outer loop
      vertex -24.6421 15.56 2.78
      vertex -25.85 14.3546 2.78
      vertex -24.6855 15.7781 2.78
    endloop
  endfacet
  facet normal -0 0 -1
    outer loop
      vertex -24.5706 15.3494 2.78
      vertex -25.85 14.3546 2.78
      vertex -24.6421 15.56 2.78
    endloop
  endfacet
  facet normal -0 0 -1
    outer loop
      vertex -24.4722 15.15 2.78
      vertex -25.85 14.3546 2.78
      vertex -24.5706 15.3494 2.78
    endloop
  endfacet
  facet normal -0 0 -1
    outer loop
      vertex -24.3487 14.9651 2.78
      vertex -25.85 14.3546 2.78
      vertex -24.4722 15.15 2.78
    endloop
  endfacet
  facet normal 0 0 -1
    outer loop
      vertex -21.3145 16.2219 2.78
      vertex -20.15 17.6454 2.78
      vertex -21.3 16 2.78
    endloop
  endfacet
  facet normal 0 0 -1
    outer loop
      vertex -21.3579 16.44 2.78
      vertex -20.15 17.6454 2.78
      vertex -21.3145 16.2219 2.78
    endloop
  endfacet
  facet normal 0 0 -1
    outer loop
      vertex -21.4294 16.6506 2.78
      vertex -20.15 17.6454 2.78
      vertex -21.3579 16.44 2.78
    endloop
  endfacet
  facet normal 0 0 -1
    outer loop
      vertex -21.5278 16.85 2.78
      vertex -20.15 17.6454 2.78
      vertex -21.4294 16.6506 2.78
    endloop
  endfacet
  facet normal 0 0 -1
    outer loop
      vertex -21.6513 17.0349 2.78
      vertex -20.15 17.6454 2.78
      vertex -21.5278 16.85 2.78
    endloop
  endfacet
  facet normal 0 0 -1
    outer loop
      vertex -21.7979 17.2021 2.78
      vertex -20.15 17.6454 2.78
      vertex -21.6513 17.0349 2.78
    endloop
  endfacet
  facet normal 0 0 -1
    outer loop
      vertex -21.9651 17.3487 2.78
      vertex -20.15 17.6454 2.78
      vertex -21.7979 17.2021 2.78
    endloop
  endfacet
  facet normal 0 0 -1
    outer loop
      vertex -22.15 17.4722 2.78
      vertex -20.15 17.6454 2.78
      vertex -21.9651 17.3487 2.78
    endloop
  endfacet
  facet normal 0 0 -1
    outer loop
      vertex -23 19.2909 2.78
      vertex -22.15 17.4722 2.78
      vertex -22.3494 17.5706 2.78
    endloop
  endfacet
  facet normal 0 0 -1
    outer loop
      vertex -23 19.2909 2.78
      vertex -22.3494 17.5706 2.78
      vertex -22.56 17.6421 2.78
    endloop
  endfacet
  facet normal 0 0 -1
    outer loop
      vertex -23 19.2909 2.78
      vertex -22.56 17.6421 2.78
      vertex -22.7781 17.6855 2.78
    endloop
  endfacet
  facet normal 0 0 -1
    outer loop
      vertex -23 19.2909 2.78
      vertex -22.7781 17.6855 2.78
      vertex -23 17.7 2.78
    endloop
  endfacet
  facet normal 0 0 -1
    outer loop
      vertex -22.15 17.4722 2.78
      vertex -23 19.2909 2.78
      vertex -20.15 17.6454 2.78
    endloop
  endfacet
  facet normal 0 0 -1
    outer loop
      vertex -23.2219 17.6855 2.78
      vertex -23 19.2909 2.78
      vertex -23 17.7 2.78
    endloop
  endfacet
  facet normal 0 0 -1
    outer loop
      vertex -23.44 17.6421 2.78
      vertex -23 19.2909 2.78
      vertex -23.2219 17.6855 2.78
    endloop
  endfacet
  facet normal 0 0 -1
    outer loop
      vertex -23.6506 17.5706 2.78
      vertex -23 19.2909 2.78
      vertex -23.44 17.6421 2.78
    endloop
  endfacet
  facet normal 0 0 -1
    outer loop
      vertex -23.85 17.4722 2.78
      vertex -23 19.2909 2.78
      vertex -23.6506 17.5706 2.78
    endloop
  endfacet
  facet normal 0 0 -1
    outer loop
      vertex -25.85 17.6454 2.78
      vertex -23.85 17.4722 2.78
      vertex -24.0349 17.3487 2.78
    endloop
  endfacet
  facet normal 0 0 -1
    outer loop
      vertex -25.85 17.6454 2.78
      vertex -24.0349 17.3487 2.78
      vertex -24.2021 17.2021 2.78
    endloop
  endfacet
  facet normal 0 0 -1
    outer loop
      vertex -25.85 17.6454 2.78
      vertex -24.2021 17.2021 2.78
      vertex -24.3487 17.0349 2.78
    endloop
  endfacet
  facet normal 0 0 -1
    outer loop
      vertex -25.85 17.6454 2.78
      vertex -24.3487 17.0349 2.78
      vertex -24.4722 16.85 2.78
    endloop
  endfacet
  facet normal 0 0 -1
    outer loop
      vertex -25.85 17.6454 2.78
      vertex -24.7 16 2.78
      vertex -25.85 14.3546 2.78
    endloop
  endfacet
  facet normal 0 0 -1
    outer loop
      vertex -24.7 16 2.78
      vertex -25.85 17.6454 2.78
      vertex -24.6855 16.2219 2.78
    endloop
  endfacet
  facet normal 0 0 -1
    outer loop
      vertex -24.6855 16.2219 2.78
      vertex -25.85 17.6454 2.78
      vertex -24.6421 16.44 2.78
    endloop
  endfacet
  facet normal 0 0 -1
    outer loop
      vertex -24.6421 16.44 2.78
      vertex -25.85 17.6454 2.78
      vertex -24.5706 16.6506 2.78
    endloop
  endfacet
  facet normal 0 0 -1
    outer loop
      vertex -23.85 17.4722 2.78
      vertex -25.85 17.6454 2.78
      vertex -23 19.2909 2.78
    endloop
  endfacet
  facet normal 0 0 -1
    outer loop
      vertex -24.5706 16.6506 2.78
      vertex -25.85 17.6454 2.78
      vertex -24.4722 16.85 2.78
    endloop
  endfacet
  facet normal 0.500012 0.866019 -0
    outer loop
      vertex -23 12.7091 0
      vertex -25.85 14.3546 2.78
      vertex -23 12.7091 2.78
    endloop
  endfacet
  facet normal 0.500012 0.866019 0
    outer loop
      vertex -25.85 14.3546 2.78
      vertex -23 12.7091 0
      vertex -25.85 14.3546 0
    endloop
  endfacet
  facet normal -0.500012 0.866019 0
    outer loop
      vertex -20.15 14.3546 0
      vertex -23 12.7091 2.78
      vertex -20.15 14.3546 2.78
    endloop
  endfacet
  facet normal -0.500012 0.866019 0
    outer loop
      vertex -23 12.7091 2.78
      vertex -20.15 14.3546 0
      vertex -23 12.7091 0
    endloop
  endfacet
  facet normal -0.500012 0.866019 0
    outer loop
      vertex 25.85 -17.6454 0
      vertex 23 -19.2909 2.78
      vertex 25.85 -17.6454 2.78
    endloop
  endfacet
  facet normal -0.500012 0.866019 0
    outer loop
      vertex 23 -19.2909 2.78
      vertex 25.85 -17.6454 0
      vertex 23 -19.2909 0
    endloop
  endfacet
  facet normal -1 0 0
    outer loop
      vertex 25.85 -17.6454 0
      vertex 25.85 -14.3546 2.78
      vertex 25.85 -14.3546 0
    endloop
  endfacet
  facet normal -1 -0 0
    outer loop
      vertex 25.85 -14.3546 2.78
      vertex 25.85 -17.6454 0
      vertex 25.85 -17.6454 2.78
    endloop
  endfacet
  facet normal 0.500012 -0.866019 0
    outer loop
      vertex 20.15 -14.3546 0
      vertex 23 -12.7091 2.78
      vertex 20.15 -14.3546 2.78
    endloop
  endfacet
  facet normal 0.500012 -0.866019 0
    outer loop
      vertex 23 -12.7091 2.78
      vertex 20.15 -14.3546 0
      vertex 23 -12.7091 0
    endloop
  endfacet
  facet normal -0.500012 -0.866019 0
    outer loop
      vertex 23 -12.7091 0
      vertex 25.85 -14.3546 2.78
      vertex 23 -12.7091 2.78
    endloop
  endfacet
  facet normal -0.500012 -0.866019 -0
    outer loop
      vertex 25.85 -14.3546 2.78
      vertex 23 -12.7091 0
      vertex 25.85 -14.3546 0
    endloop
  endfacet
  facet normal 1 -0 0
    outer loop
      vertex 20.15 -17.6454 2.78
      vertex 20.15 -14.3546 0
      vertex 20.15 -14.3546 2.78
    endloop
  endfacet
  facet normal 1 0 0
    outer loop
      vertex 20.15 -14.3546 0
      vertex 20.15 -17.6454 2.78
      vertex 20.15 -17.6454 0
    endloop
  endfacet
  facet normal 0.500012 0.866019 -0
    outer loop
      vertex 23 -19.2909 0
      vertex 20.15 -17.6454 2.78
      vertex 23 -19.2909 2.78
    endloop
  endfacet
  facet normal 0.500012 0.866019 0
    outer loop
      vertex 20.15 -17.6454 2.78
      vertex 23 -19.2909 0
      vertex 20.15 -17.6454 0
    endloop
  endfacet
  facet normal 0 0 -1
    outer loop
      vertex 25.85 -17.6454 2.78
      vertex 24.7 -16 2.78
      vertex 25.85 -14.3546 2.78
    endloop
  endfacet
  facet normal 0 0 -1
    outer loop
      vertex 25.85 -17.6454 2.78
      vertex 24.6855 -16.2219 2.78
      vertex 24.7 -16 2.78
    endloop
  endfacet
  facet normal 0 0 -1
    outer loop
      vertex 25.85 -17.6454 2.78
      vertex 24.6421 -16.44 2.78
      vertex 24.6855 -16.2219 2.78
    endloop
  endfacet
  facet normal 0 0 -1
    outer loop
      vertex 25.85 -17.6454 2.78
      vertex 24.5706 -16.6506 2.78
      vertex 24.6421 -16.44 2.78
    endloop
  endfacet
  facet normal 0 0 -1
    outer loop
      vertex 25.85 -17.6454 2.78
      vertex 24.4722 -16.85 2.78
      vertex 24.5706 -16.6506 2.78
    endloop
  endfacet
  facet normal 0 0 -1
    outer loop
      vertex 25.85 -17.6454 2.78
      vertex 24.3487 -17.0349 2.78
      vertex 24.4722 -16.85 2.78
    endloop
  endfacet
  facet normal 0 0 -1
    outer loop
      vertex 25.85 -17.6454 2.78
      vertex 24.2021 -17.2021 2.78
      vertex 24.3487 -17.0349 2.78
    endloop
  endfacet
  facet normal 0 0 -1
    outer loop
      vertex 25.85 -17.6454 2.78
      vertex 24.0349 -17.3487 2.78
      vertex 24.2021 -17.2021 2.78
    endloop
  endfacet
  facet normal 0 0 -1
    outer loop
      vertex 25.85 -17.6454 2.78
      vertex 23.85 -17.4722 2.78
      vertex 24.0349 -17.3487 2.78
    endloop
  endfacet
  facet normal 0 0 -1
    outer loop
      vertex 23 -19.2909 2.78
      vertex 23.85 -17.4722 2.78
      vertex 25.85 -17.6454 2.78
    endloop
  endfacet
  facet normal 0 0 -1
    outer loop
      vertex 23.85 -17.4722 2.78
      vertex 23 -19.2909 2.78
      vertex 23.6506 -17.5706 2.78
    endloop
  endfacet
  facet normal 0 0 -1
    outer loop
      vertex 23.6506 -17.5706 2.78
      vertex 23 -19.2909 2.78
      vertex 23.44 -17.6421 2.78
    endloop
  endfacet
  facet normal 0 0 -1
    outer loop
      vertex 23.44 -17.6421 2.78
      vertex 23 -19.2909 2.78
      vertex 23.2219 -17.6855 2.78
    endloop
  endfacet
  facet normal 0 0 -1
    outer loop
      vertex 23 -19.2909 2.78
      vertex 23 -17.7 2.78
      vertex 23.2219 -17.6855 2.78
    endloop
  endfacet
  facet normal 0 0 -1
    outer loop
      vertex 23 -19.2909 2.78
      vertex 22.7781 -17.6855 2.78
      vertex 23 -17.7 2.78
    endloop
  endfacet
  facet normal 0 0 -1
    outer loop
      vertex 23 -19.2909 2.78
      vertex 22.56 -17.6421 2.78
      vertex 22.7781 -17.6855 2.78
    endloop
  endfacet
  facet normal 0 0 -1
    outer loop
      vertex 23 -19.2909 2.78
      vertex 22.3494 -17.5706 2.78
      vertex 22.56 -17.6421 2.78
    endloop
  endfacet
  facet normal 0 0 -1
    outer loop
      vertex 23 -19.2909 2.78
      vertex 22.15 -17.4722 2.78
      vertex 22.3494 -17.5706 2.78
    endloop
  endfacet
  facet normal 0 0 -1
    outer loop
      vertex 20.15 -17.6454 2.78
      vertex 22.15 -17.4722 2.78
      vertex 23 -19.2909 2.78
    endloop
  endfacet
  facet normal -0 0 -1
    outer loop
      vertex 22.15 -17.4722 2.78
      vertex 20.15 -17.6454 2.78
      vertex 21.9651 -17.3487 2.78
    endloop
  endfacet
  facet normal -0 0 -1
    outer loop
      vertex 21.9651 -17.3487 2.78
      vertex 20.15 -17.6454 2.78
      vertex 21.7979 -17.2021 2.78
    endloop
  endfacet
  facet normal -0 0 -1
    outer loop
      vertex 21.7979 -17.2021 2.78
      vertex 20.15 -17.6454 2.78
      vertex 21.6513 -17.0349 2.78
    endloop
  endfacet
  facet normal -0 0 -1
    outer loop
      vertex 21.3145 -16.2219 2.78
      vertex 20.15 -17.6454 2.78
      vertex 21.3 -16 2.78
    endloop
  endfacet
  facet normal -0 0 -1
    outer loop
      vertex 21.3579 -16.44 2.78
      vertex 20.15 -17.6454 2.78
      vertex 21.3145 -16.2219 2.78
    endloop
  endfacet
  facet normal -0 0 -1
    outer loop
      vertex 21.4294 -16.6506 2.78
      vertex 20.15 -17.6454 2.78
      vertex 21.3579 -16.44 2.78
    endloop
  endfacet
  facet normal -0 0 -1
    outer loop
      vertex 21.5278 -16.85 2.78
      vertex 20.15 -17.6454 2.78
      vertex 21.4294 -16.6506 2.78
    endloop
  endfacet
  facet normal -0 0 -1
    outer loop
      vertex 21.6513 -17.0349 2.78
      vertex 20.15 -17.6454 2.78
      vertex 21.5278 -16.85 2.78
    endloop
  endfacet
  facet normal 0 0 -1
    outer loop
      vertex 24.6855 -15.7781 2.78
      vertex 25.85 -14.3546 2.78
      vertex 24.7 -16 2.78
    endloop
  endfacet
  facet normal 0 0 -1
    outer loop
      vertex 24.6421 -15.56 2.78
      vertex 25.85 -14.3546 2.78
      vertex 24.6855 -15.7781 2.78
    endloop
  endfacet
  facet normal 0 0 -1
    outer loop
      vertex 24.5706 -15.3494 2.78
      vertex 25.85 -14.3546 2.78
      vertex 24.6421 -15.56 2.78
    endloop
  endfacet
  facet normal 0 0 -1
    outer loop
      vertex 24.4722 -15.15 2.78
      vertex 25.85 -14.3546 2.78
      vertex 24.5706 -15.3494 2.78
    endloop
  endfacet
  facet normal 0 0 -1
    outer loop
      vertex 24.3487 -14.9651 2.78
      vertex 25.85 -14.3546 2.78
      vertex 24.4722 -15.15 2.78
    endloop
  endfacet
  facet normal 0 0 -1
    outer loop
      vertex 24.2021 -14.7979 2.78
      vertex 25.85 -14.3546 2.78
      vertex 24.3487 -14.9651 2.78
    endloop
  endfacet
  facet normal 0 0 -1
    outer loop
      vertex 24.0349 -14.6513 2.78
      vertex 25.85 -14.3546 2.78
      vertex 24.2021 -14.7979 2.78
    endloop
  endfacet
  facet normal 0 0 -1
    outer loop
      vertex 23.85 -14.5278 2.78
      vertex 25.85 -14.3546 2.78
      vertex 24.0349 -14.6513 2.78
    endloop
  endfacet
  facet normal 0 0 -1
    outer loop
      vertex 23 -12.7091 2.78
      vertex 23.85 -14.5278 2.78
      vertex 23.6506 -14.4294 2.78
    endloop
  endfacet
  facet normal 0 0 -1
    outer loop
      vertex 23 -12.7091 2.78
      vertex 23.6506 -14.4294 2.78
      vertex 23.44 -14.3579 2.78
    endloop
  endfacet
  facet normal 0 0 -1
    outer loop
      vertex 23 -12.7091 2.78
      vertex 23.44 -14.3579 2.78
      vertex 23.2219 -14.3145 2.78
    endloop
  endfacet
  facet normal 0 0 -1
    outer loop
      vertex 23 -12.7091 2.78
      vertex 23.2219 -14.3145 2.78
      vertex 23 -14.3 2.78
    endloop
  endfacet
  facet normal 0 0 -1
    outer loop
      vertex 23.85 -14.5278 2.78
      vertex 23 -12.7091 2.78
      vertex 25.85 -14.3546 2.78
    endloop
  endfacet
  facet normal 0 0 -1
    outer loop
      vertex 22.7781 -14.3145 2.78
      vertex 23 -12.7091 2.78
      vertex 23 -14.3 2.78
    endloop
  endfacet
  facet normal 0 0 -1
    outer loop
      vertex 22.56 -14.3579 2.78
      vertex 23 -12.7091 2.78
      vertex 22.7781 -14.3145 2.78
    endloop
  endfacet
  facet normal 0 0 -1
    outer loop
      vertex 22.3494 -14.4294 2.78
      vertex 23 -12.7091 2.78
      vertex 22.56 -14.3579 2.78
    endloop
  endfacet
  facet normal 0 0 -1
    outer loop
      vertex 22.15 -14.5278 2.78
      vertex 23 -12.7091 2.78
      vertex 22.3494 -14.4294 2.78
    endloop
  endfacet
  facet normal 0 0 -1
    outer loop
      vertex 20.15 -14.3546 2.78
      vertex 22.15 -14.5278 2.78
      vertex 21.9651 -14.6513 2.78
    endloop
  endfacet
  facet normal 0 0 -1
    outer loop
      vertex 20.15 -14.3546 2.78
      vertex 21.9651 -14.6513 2.78
      vertex 21.7979 -14.7979 2.78
    endloop
  endfacet
  facet normal 0 0 -1
    outer loop
      vertex 20.15 -14.3546 2.78
      vertex 21.7979 -14.7979 2.78
      vertex 21.6513 -14.9651 2.78
    endloop
  endfacet
  facet normal 0 0 -1
    outer loop
      vertex 20.15 -14.3546 2.78
      vertex 21.6513 -14.9651 2.78
      vertex 21.5278 -15.15 2.78
    endloop
  endfacet
  facet normal 0 0 -1
    outer loop
      vertex 20.15 -14.3546 2.78
      vertex 21.3 -16 2.78
      vertex 20.15 -17.6454 2.78
    endloop
  endfacet
  facet normal 0 0 -1
    outer loop
      vertex 21.3 -16 2.78
      vertex 20.15 -14.3546 2.78
      vertex 21.3145 -15.7781 2.78
    endloop
  endfacet
  facet normal 0 0 -1
    outer loop
      vertex 21.3145 -15.7781 2.78
      vertex 20.15 -14.3546 2.78
      vertex 21.3579 -15.56 2.78
    endloop
  endfacet
  facet normal 0 0 -1
    outer loop
      vertex 21.3579 -15.56 2.78
      vertex 20.15 -14.3546 2.78
      vertex 21.4294 -15.3494 2.78
    endloop
  endfacet
  facet normal 0 0 -1
    outer loop
      vertex 22.15 -14.5278 2.78
      vertex 20.15 -14.3546 2.78
      vertex 23 -12.7091 2.78
    endloop
  endfacet
  facet normal 0 0 -1
    outer loop
      vertex 21.4294 -15.3494 2.78
      vertex 20.15 -14.3546 2.78
      vertex 21.5278 -15.15 2.78
    endloop
  endfacet
  facet normal -0.500012 0.866019 0
    outer loop
      vertex 25.85 14.3546 0
      vertex 23 12.7091 2.78
      vertex 25.85 14.3546 2.78
    endloop
  endfacet
  facet normal -0.500012 0.866019 0
    outer loop
      vertex 23 12.7091 2.78
      vertex 25.85 14.3546 0
      vertex 23 12.7091 0
    endloop
  endfacet
  facet normal -1 0 0
    outer loop
      vertex 25.85 14.3546 0
      vertex 25.85 17.6454 2.78
      vertex 25.85 17.6454 0
    endloop
  endfacet
  facet normal -1 -0 0
    outer loop
      vertex 25.85 17.6454 2.78
      vertex 25.85 14.3546 0
      vertex 25.85 14.3546 2.78
    endloop
  endfacet
  facet normal 0.500012 -0.866019 0
    outer loop
      vertex 20.15 17.6454 0
      vertex 23 19.2909 2.78
      vertex 20.15 17.6454 2.78
    endloop
  endfacet
  facet normal 0.500012 -0.866019 0
    outer loop
      vertex 23 19.2909 2.78
      vertex 20.15 17.6454 0
      vertex 23 19.2909 0
    endloop
  endfacet
  facet normal -0.500012 -0.866019 0
    outer loop
      vertex 23 19.2909 0
      vertex 25.85 17.6454 2.78
      vertex 23 19.2909 2.78
    endloop
  endfacet
  facet normal -0.500012 -0.866019 -0
    outer loop
      vertex 25.85 17.6454 2.78
      vertex 23 19.2909 0
      vertex 25.85 17.6454 0
    endloop
  endfacet
  facet normal 1 -0 0
    outer loop
      vertex 20.15 14.3546 2.78
      vertex 20.15 17.6454 0
      vertex 20.15 17.6454 2.78
    endloop
  endfacet
  facet normal 1 0 0
    outer loop
      vertex 20.15 17.6454 0
      vertex 20.15 14.3546 2.78
      vertex 20.15 14.3546 0
    endloop
  endfacet
  facet normal 0.500012 0.866019 -0
    outer loop
      vertex 23 12.7091 0
      vertex 20.15 14.3546 2.78
      vertex 23 12.7091 2.78
    endloop
  endfacet
  facet normal 0.500012 0.866019 0
    outer loop
      vertex 20.15 14.3546 2.78
      vertex 23 12.7091 0
      vertex 20.15 14.3546 0
    endloop
  endfacet
  facet normal 0 0 -1
    outer loop
      vertex 25.85 14.3546 2.78
      vertex 24.7 16 2.78
      vertex 25.85 17.6454 2.78
    endloop
  endfacet
  facet normal 0 0 -1
    outer loop
      vertex 25.85 14.3546 2.78
      vertex 24.6855 15.7781 2.78
      vertex 24.7 16 2.78
    endloop
  endfacet
  facet normal 0 0 -1
    outer loop
      vertex 25.85 14.3546 2.78
      vertex 24.6421 15.56 2.78
      vertex 24.6855 15.7781 2.78
    endloop
  endfacet
  facet normal 0 0 -1
    outer loop
      vertex 25.85 14.3546 2.78
      vertex 24.5706 15.3494 2.78
      vertex 24.6421 15.56 2.78
    endloop
  endfacet
  facet normal 0 0 -1
    outer loop
      vertex 25.85 14.3546 2.78
      vertex 24.4722 15.15 2.78
      vertex 24.5706 15.3494 2.78
    endloop
  endfacet
  facet normal 0 0 -1
    outer loop
      vertex 25.85 14.3546 2.78
      vertex 24.3487 14.9651 2.78
      vertex 24.4722 15.15 2.78
    endloop
  endfacet
  facet normal 0 0 -1
    outer loop
      vertex 25.85 14.3546 2.78
      vertex 24.2021 14.7979 2.78
      vertex 24.3487 14.9651 2.78
    endloop
  endfacet
  facet normal 0 0 -1
    outer loop
      vertex 25.85 14.3546 2.78
      vertex 24.0349 14.6513 2.78
      vertex 24.2021 14.7979 2.78
    endloop
  endfacet
  facet normal 0 0 -1
    outer loop
      vertex 25.85 14.3546 2.78
      vertex 23.85 14.5278 2.78
      vertex 24.0349 14.6513 2.78
    endloop
  endfacet
  facet normal 0 0 -1
    outer loop
      vertex 23 12.7091 2.78
      vertex 23.85 14.5278 2.78
      vertex 25.85 14.3546 2.78
    endloop
  endfacet
  facet normal 0 0 -1
    outer loop
      vertex 23.85 14.5278 2.78
      vertex 23 12.7091 2.78
      vertex 23.6506 14.4294 2.78
    endloop
  endfacet
  facet normal 0 0 -1
    outer loop
      vertex 23.6506 14.4294 2.78
      vertex 23 12.7091 2.78
      vertex 23.44 14.3579 2.78
    endloop
  endfacet
  facet normal 0 0 -1
    outer loop
      vertex 23.44 14.3579 2.78
      vertex 23 12.7091 2.78
      vertex 23.2219 14.3145 2.78
    endloop
  endfacet
  facet normal 0 0 -1
    outer loop
      vertex 23 12.7091 2.78
      vertex 23 14.3 2.78
      vertex 23.2219 14.3145 2.78
    endloop
  endfacet
  facet normal 0 0 -1
    outer loop
      vertex 23 12.7091 2.78
      vertex 22.7781 14.3145 2.78
      vertex 23 14.3 2.78
    endloop
  endfacet
  facet normal 0 0 -1
    outer loop
      vertex 23 12.7091 2.78
      vertex 22.56 14.3579 2.78
      vertex 22.7781 14.3145 2.78
    endloop
  endfacet
  facet normal 0 0 -1
    outer loop
      vertex 23 12.7091 2.78
      vertex 22.3494 14.4294 2.78
      vertex 22.56 14.3579 2.78
    endloop
  endfacet
  facet normal 0 0 -1
    outer loop
      vertex 23 12.7091 2.78
      vertex 22.15 14.5278 2.78
      vertex 22.3494 14.4294 2.78
    endloop
  endfacet
  facet normal 0 0 -1
    outer loop
      vertex 20.15 14.3546 2.78
      vertex 22.15 14.5278 2.78
      vertex 23 12.7091 2.78
    endloop
  endfacet
  facet normal -0 0 -1
    outer loop
      vertex 22.15 14.5278 2.78
      vertex 20.15 14.3546 2.78
      vertex 21.9651 14.6513 2.78
    endloop
  endfacet
  facet normal -0 0 -1
    outer loop
      vertex 21.9651 14.6513 2.78
      vertex 20.15 14.3546 2.78
      vertex 21.7979 14.7979 2.78
    endloop
  endfacet
  facet normal -0 0 -1
    outer loop
      vertex 21.7979 14.7979 2.78
      vertex 20.15 14.3546 2.78
      vertex 21.6513 14.9651 2.78
    endloop
  endfacet
  facet normal -0 0 -1
    outer loop
      vertex 21.3145 15.7781 2.78
      vertex 20.15 14.3546 2.78
      vertex 21.3 16 2.78
    endloop
  endfacet
  facet normal -0 0 -1
    outer loop
      vertex 21.3579 15.56 2.78
      vertex 20.15 14.3546 2.78
      vertex 21.3145 15.7781 2.78
    endloop
  endfacet
  facet normal -0 0 -1
    outer loop
      vertex 21.4294 15.3494 2.78
      vertex 20.15 14.3546 2.78
      vertex 21.3579 15.56 2.78
    endloop
  endfacet
  facet normal -0 0 -1
    outer loop
      vertex 21.5278 15.15 2.78
      vertex 20.15 14.3546 2.78
      vertex 21.4294 15.3494 2.78
    endloop
  endfacet
  facet normal -0 0 -1
    outer loop
      vertex 21.6513 14.9651 2.78
      vertex 20.15 14.3546 2.78
      vertex 21.5278 15.15 2.78
    endloop
  endfacet
  facet normal 0 0 -1
    outer loop
      vertex 24.6855 16.2219 2.78
      vertex 25.85 17.6454 2.78
      vertex 24.7 16 2.78
    endloop
  endfacet
  facet normal 0 0 -1
    outer loop
      vertex 24.6421 16.44 2.78
      vertex 25.85 17.6454 2.78
      vertex 24.6855 16.2219 2.78
    endloop
  endfacet
  facet normal 0 0 -1
    outer loop
      vertex 24.5706 16.6506 2.78
      vertex 25.85 17.6454 2.78
      vertex 24.6421 16.44 2.78
    endloop
  endfacet
  facet normal 0 0 -1
    outer loop
      vertex 24.4722 16.85 2.78
      vertex 25.85 17.6454 2.78
      vertex 24.5706 16.6506 2.78
    endloop
  endfacet
  facet normal 0 0 -1
    outer loop
      vertex 24.3487 17.0349 2.78
      vertex 25.85 17.6454 2.78
      vertex 24.4722 16.85 2.78
    endloop
  endfacet
  facet normal 0 0 -1
    outer loop
      vertex 24.2021 17.2021 2.78
      vertex 25.85 17.6454 2.78
      vertex 24.3487 17.0349 2.78
    endloop
  endfacet
  facet normal 0 0 -1
    outer loop
      vertex 24.0349 17.3487 2.78
      vertex 25.85 17.6454 2.78
      vertex 24.2021 17.2021 2.78
    endloop
  endfacet
  facet normal 0 0 -1
    outer loop
      vertex 23.85 17.4722 2.78
      vertex 25.85 17.6454 2.78
      vertex 24.0349 17.3487 2.78
    endloop
  endfacet
  facet normal 0 0 -1
    outer loop
      vertex 23 19.2909 2.78
      vertex 23.85 17.4722 2.78
      vertex 23.6506 17.5706 2.78
    endloop
  endfacet
  facet normal 0 0 -1
    outer loop
      vertex 23 19.2909 2.78
      vertex 23.6506 17.5706 2.78
      vertex 23.44 17.6421 2.78
    endloop
  endfacet
  facet normal 0 0 -1
    outer loop
      vertex 23 19.2909 2.78
      vertex 23.44 17.6421 2.78
      vertex 23.2219 17.6855 2.78
    endloop
  endfacet
  facet normal 0 0 -1
    outer loop
      vertex 23 19.2909 2.78
      vertex 23.2219 17.6855 2.78
      vertex 23 17.7 2.78
    endloop
  endfacet
  facet normal 0 0 -1
    outer loop
      vertex 23.85 17.4722 2.78
      vertex 23 19.2909 2.78
      vertex 25.85 17.6454 2.78
    endloop
  endfacet
  facet normal 0 0 -1
    outer loop
      vertex 22.7781 17.6855 2.78
      vertex 23 19.2909 2.78
      vertex 23 17.7 2.78
    endloop
  endfacet
  facet normal 0 0 -1
    outer loop
      vertex 22.56 17.6421 2.78
      vertex 23 19.2909 2.78
      vertex 22.7781 17.6855 2.78
    endloop
  endfacet
  facet normal 0 0 -1
    outer loop
      vertex 22.3494 17.5706 2.78
      vertex 23 19.2909 2.78
      vertex 22.56 17.6421 2.78
    endloop
  endfacet
  facet normal 0 0 -1
    outer loop
      vertex 22.15 17.4722 2.78
      vertex 23 19.2909 2.78
      vertex 22.3494 17.5706 2.78
    endloop
  endfacet
  facet normal 0 0 -1
    outer loop
      vertex 20.15 17.6454 2.78
      vertex 22.15 17.4722 2.78
      vertex 21.9651 17.3487 2.78
    endloop
  endfacet
  facet normal 0 0 -1
    outer loop
      vertex 20.15 17.6454 2.78
      vertex 21.9651 17.3487 2.78
      vertex 21.7979 17.2021 2.78
    endloop
  endfacet
  facet normal 0 0 -1
    outer loop
      vertex 20.15 17.6454 2.78
      vertex 21.7979 17.2021 2.78
      vertex 21.6513 17.0349 2.78
    endloop
  endfacet
  facet normal 0 0 -1
    outer loop
      vertex 20.15 17.6454 2.78
      vertex 21.6513 17.0349 2.78
      vertex 21.5278 16.85 2.78
    endloop
  endfacet
  facet normal 0 0 -1
    outer loop
      vertex 20.15 17.6454 2.78
      vertex 21.3 16 2.78
      vertex 20.15 14.3546 2.78
    endloop
  endfacet
  facet normal 0 0 -1
    outer loop
      vertex 21.3 16 2.78
      vertex 20.15 17.6454 2.78
      vertex 21.3145 16.2219 2.78
    endloop
  endfacet
  facet normal 0 0 -1
    outer loop
      vertex 21.3145 16.2219 2.78
      vertex 20.15 17.6454 2.78
      vertex 21.3579 16.44 2.78
    endloop
  endfacet
  facet normal 0 0 -1
    outer loop
      vertex 21.3579 16.44 2.78
      vertex 20.15 17.6454 2.78
      vertex 21.4294 16.6506 2.78
    endloop
  endfacet
  facet normal 0 0 -1
    outer loop
      vertex 22.15 17.4722 2.78
      vertex 20.15 17.6454 2.78
      vertex 23 19.2909 2.78
    endloop
  endfacet
  facet normal 0 0 -1
    outer loop
      vertex 21.4294 16.6506 2.78
      vertex 20.15 17.6454 2.78
      vertex 21.5278 16.85 2.78
    endloop
  endfacet
endsolid OpenSCAD_Model
