solid OpenSCAD_Model
  facet normal 0 0 1
    outer loop
      vertex -14.45 -2.7 18.75
      vertex -15.75 -9 18.75
      vertex -14.45 -11 18.75
    endloop
  endfacet
  facet normal -0 0 1
    outer loop
      vertex -25 -2.7 18.75
      vertex -15.75 -9 18.75
      vertex -14.45 -2.7 18.75
    endloop
  endfacet
  facet normal 0 0 1
    outer loop
      vertex -25 -2.7 18.75
      vertex -29 -9 18.75
      vertex -15.75 -9 18.75
    endloop
  endfacet
  facet normal 0 0 1
    outer loop
      vertex -29 -9 18.75
      vertex -25 -2.7 18.75
      vertex -29 9 18.75
    endloop
  endfacet
  facet normal 0 0 1
    outer loop
      vertex 15.75 12.3 18.75
      vertex 14.45 11 18.75
      vertex 15.75 9 18.75
    endloop
  endfacet
  facet normal 0 0 1
    outer loop
      vertex 15.75 12.3 18.75
      vertex -14.45 11 18.75
      vertex 14.45 11 18.75
    endloop
  endfacet
  facet normal -0 0 1
    outer loop
      vertex -15.75 12.3 18.75
      vertex -14.45 11 18.75
      vertex 15.75 12.3 18.75
    endloop
  endfacet
  facet normal 0 0 1
    outer loop
      vertex -15.75 9 18.75
      vertex -14.45 11 18.75
      vertex -15.75 12.3 18.75
    endloop
  endfacet
  facet normal 0 0 1
    outer loop
      vertex -14.45 11 18.75
      vertex -15.75 9 18.75
      vertex -14.45 2.7 18.75
    endloop
  endfacet
  facet normal 0 0 1
    outer loop
      vertex -15.75 9 18.75
      vertex -25 2.7 18.75
      vertex -14.45 2.7 18.75
    endloop
  endfacet
  facet normal 0 0 1
    outer loop
      vertex -25 2.7 18.75
      vertex -29 9 18.75
      vertex -25 -2.7 18.75
    endloop
  endfacet
  facet normal -0 0 1
    outer loop
      vertex -29 9 18.75
      vertex -25 2.7 18.75
      vertex -15.75 9 18.75
    endloop
  endfacet
  facet normal 0 0 1
    outer loop
      vertex 29 9 18.75
      vertex 25 2.7 18.75
      vertex 29 -9 18.75
    endloop
  endfacet
  facet normal -0 0 1
    outer loop
      vertex 15.75 9 18.75
      vertex 25 2.7 18.75
      vertex 29 9 18.75
    endloop
  endfacet
  facet normal 0 0 1
    outer loop
      vertex 15.75 9 18.75
      vertex 14.45 2.7 18.75
      vertex 25 2.7 18.75
    endloop
  endfacet
  facet normal 0 0 1
    outer loop
      vertex 14.45 2.7 18.75
      vertex 15.75 9 18.75
      vertex 14.45 11 18.75
    endloop
  endfacet
  facet normal -0 0 1
    outer loop
      vertex 25 -2.7 18.75
      vertex 29 -9 18.75
      vertex 25 2.7 18.75
    endloop
  endfacet
  facet normal 0 0 1
    outer loop
      vertex 25 -2.7 18.75
      vertex 15.75 -9 18.75
      vertex 29 -9 18.75
    endloop
  endfacet
  facet normal -0 0 1
    outer loop
      vertex 14.45 -2.7 18.75
      vertex 15.75 -9 18.75
      vertex 25 -2.7 18.75
    endloop
  endfacet
  facet normal 0 0 1
    outer loop
      vertex 14.45 -11 18.75
      vertex 15.75 -9 18.75
      vertex 14.45 -2.7 18.75
    endloop
  endfacet
  facet normal 0 0 1
    outer loop
      vertex 15.75 -9 18.75
      vertex 14.45 -11 18.75
      vertex 15.75 -12.3 18.75
    endloop
  endfacet
  facet normal -0 0 1
    outer loop
      vertex -14.45 -11 18.75
      vertex 15.75 -12.3 18.75
      vertex 14.45 -11 18.75
    endloop
  endfacet
  facet normal 0 0 1
    outer loop
      vertex -14.45 -11 18.75
      vertex -15.75 -12.3 18.75
      vertex 15.75 -12.3 18.75
    endloop
  endfacet
  facet normal 0 0 1
    outer loop
      vertex -15.75 -12.3 18.75
      vertex -14.45 -11 18.75
      vertex -15.75 -9 18.75
    endloop
  endfacet
  facet normal 0 -1 0
    outer loop
      vertex -29 9 18.75
      vertex -15.75 9 22
      vertex -29 9 22
    endloop
  endfacet
  facet normal 0 -1 -0
    outer loop
      vertex -15.75 9 22
      vertex -29 9 18.75
      vertex -15.75 9 18.75
    endloop
  endfacet
  facet normal 0 1 -0
    outer loop
      vertex -15.75 -9 18.75
      vertex -29 -9 22
      vertex -15.75 -9 22
    endloop
  endfacet
  facet normal 0 1 0
    outer loop
      vertex -29 -9 22
      vertex -15.75 -9 18.75
      vertex -29 -9 18.75
    endloop
  endfacet
  facet normal 0 -1 0
    outer loop
      vertex 15.75 9 18.75
      vertex 29 9 22
      vertex 15.75 9 22
    endloop
  endfacet
  facet normal 0 -1 -0
    outer loop
      vertex 29 9 22
      vertex 15.75 9 18.75
      vertex 29 9 18.75
    endloop
  endfacet
  facet normal 0 1 -0
    outer loop
      vertex 29 -9 18.75
      vertex 15.75 -9 22
      vertex 29 -9 22
    endloop
  endfacet
  facet normal 0 1 0
    outer loop
      vertex 15.75 -9 22
      vertex 29 -9 18.75
      vertex 15.75 -9 18.75
    endloop
  endfacet
  facet normal 0 0 -1
    outer loop
      vertex -29 -3.2 5.01
      vertex -18.517 3.2 5.01
      vertex -18.517 -3.2 5.01
    endloop
  endfacet
  facet normal -0 0 -1
    outer loop
      vertex -18.517 3.2 5.01
      vertex -29 -3.2 5.01
      vertex -29 3.2 5.01
    endloop
  endfacet
  facet normal 0 -1 0
    outer loop
      vertex -20 3.2 0
      vertex -29 3.2 5.01
      vertex -29 3.2 0
    endloop
  endfacet
  facet normal 0 -1 0
    outer loop
      vertex -29 3.2 5.01
      vertex -20 3.2 0
      vertex -18.517 3.2 5.01
    endloop
  endfacet
  facet normal 0 1 -0
    outer loop
      vertex -20 -3.2 0
      vertex -29 -3.2 5.01
      vertex -18.517 -3.2 5.01
    endloop
  endfacet
  facet normal 0 1 0
    outer loop
      vertex -29 -3.2 5.01
      vertex -20 -3.2 0
      vertex -29 -3.2 0
    endloop
  endfacet
  facet normal 0 0 -1
    outer loop
      vertex 18.517 -3.2 5.01
      vertex 29 3.2 5.01
      vertex 29 -3.2 5.01
    endloop
  endfacet
  facet normal -0 0 -1
    outer loop
      vertex 29 3.2 5.01
      vertex 18.517 -3.2 5.01
      vertex 18.517 3.2 5.01
    endloop
  endfacet
  facet normal 0 -1 0
    outer loop
      vertex 20 3.2 0
      vertex 29 3.2 5.01
      vertex 18.517 3.2 5.01
    endloop
  endfacet
  facet normal 0 -1 -0
    outer loop
      vertex 29 3.2 5.01
      vertex 20 3.2 0
      vertex 29 3.2 0
    endloop
  endfacet
  facet normal 0 1 0
    outer loop
      vertex 20 -3.2 0
      vertex 29 -3.2 5.01
      vertex 29 -3.2 0
    endloop
  endfacet
  facet normal 0 1 0
    outer loop
      vertex 29 -3.2 5.01
      vertex 20 -3.2 0
      vertex 18.517 -3.2 5.01
    endloop
  endfacet
  facet normal 0 0 1
    outer loop
      vertex -15.4712 2.7 15.3
      vertex -21.15 0 15.3
      vertex -15.4712 -2.7 15.3
    endloop
  endfacet
  facet normal 0 0 1
    outer loop
      vertex -15.4712 2.7 15.3
      vertex -21.1573 0.110947 15.3
      vertex -21.15 0 15.3
    endloop
  endfacet
  facet normal 0 0 1
    outer loop
      vertex -15.4712 2.7 15.3
      vertex -21.179 0.219995 15.3
      vertex -21.1573 0.110947 15.3
    endloop
  endfacet
  facet normal 0 0 1
    outer loop
      vertex -15.4712 2.7 15.3
      vertex -21.2147 0.32528 15.3
      vertex -21.179 0.219995 15.3
    endloop
  endfacet
  facet normal 0 0 1
    outer loop
      vertex -15.4712 2.7 15.3
      vertex -21.2639 0.424999 15.3
      vertex -21.2147 0.32528 15.3
    endloop
  endfacet
  facet normal 0 0 1
    outer loop
      vertex -15.4712 2.7 15.3
      vertex -21.3256 0.517447 15.3
      vertex -21.2639 0.424999 15.3
    endloop
  endfacet
  facet normal 0 0 1
    outer loop
      vertex -15.4712 2.7 15.3
      vertex -21.399 0.60104 15.3
      vertex -21.3256 0.517447 15.3
    endloop
  endfacet
  facet normal 0 0 1
    outer loop
      vertex -15.4712 2.7 15.3
      vertex -21.4826 0.67435 15.3
      vertex -21.399 0.60104 15.3
    endloop
  endfacet
  facet normal 0 0 1
    outer loop
      vertex -15.4712 2.7 15.3
      vertex -21.575 0.736121 15.3
      vertex -21.4826 0.67435 15.3
    endloop
  endfacet
  facet normal 0 0 1
    outer loop
      vertex -15.4712 2.7 15.3
      vertex -21.6747 0.785297 15.3
      vertex -21.575 0.736121 15.3
    endloop
  endfacet
  facet normal 0 0 1
    outer loop
      vertex -15.4712 2.7 15.3
      vertex -21.78 0.821036 15.3
      vertex -21.6747 0.785297 15.3
    endloop
  endfacet
  facet normal -0 0 1
    outer loop
      vertex -25 2.7 15.3
      vertex -21.78 0.821036 15.3
      vertex -15.4712 2.7 15.3
    endloop
  endfacet
  facet normal 0 0 1
    outer loop
      vertex -21.78 0.821036 15.3
      vertex -25 2.7 15.3
      vertex -21.8891 0.842728 15.3
    endloop
  endfacet
  facet normal 0 0 1
    outer loop
      vertex -21.8891 0.842728 15.3
      vertex -25 2.7 15.3
      vertex -22 0.849999 15.3
    endloop
  endfacet
  facet normal 0 0 1
    outer loop
      vertex -22 0.849999 15.3
      vertex -25 2.7 15.3
      vertex -22.1109 0.842728 15.3
    endloop
  endfacet
  facet normal 0 0 1
    outer loop
      vertex -22.8427 0.110947 15.3
      vertex -25 2.7 15.3
      vertex -22.85 0 15.3
    endloop
  endfacet
  facet normal 0 0 1
    outer loop
      vertex -22.821 0.219995 15.3
      vertex -25 2.7 15.3
      vertex -22.8427 0.110947 15.3
    endloop
  endfacet
  facet normal 0 0 1
    outer loop
      vertex -22.7853 0.32528 15.3
      vertex -25 2.7 15.3
      vertex -22.821 0.219995 15.3
    endloop
  endfacet
  facet normal 0 0 1
    outer loop
      vertex -22.7361 0.424999 15.3
      vertex -25 2.7 15.3
      vertex -22.7853 0.32528 15.3
    endloop
  endfacet
  facet normal 0 0 1
    outer loop
      vertex -22.6744 0.517447 15.3
      vertex -25 2.7 15.3
      vertex -22.7361 0.424999 15.3
    endloop
  endfacet
  facet normal 0 0 1
    outer loop
      vertex -22.601 0.60104 15.3
      vertex -25 2.7 15.3
      vertex -22.6744 0.517447 15.3
    endloop
  endfacet
  facet normal 0 0 1
    outer loop
      vertex -22.5174 0.67435 15.3
      vertex -25 2.7 15.3
      vertex -22.601 0.60104 15.3
    endloop
  endfacet
  facet normal 0 0 1
    outer loop
      vertex -22.425 0.736121 15.3
      vertex -25 2.7 15.3
      vertex -22.5174 0.67435 15.3
    endloop
  endfacet
  facet normal 0 0 1
    outer loop
      vertex -22.3253 0.785297 15.3
      vertex -25 2.7 15.3
      vertex -22.425 0.736121 15.3
    endloop
  endfacet
  facet normal 0 0 1
    outer loop
      vertex -22.22 0.821036 15.3
      vertex -25 2.7 15.3
      vertex -22.3253 0.785297 15.3
    endloop
  endfacet
  facet normal 0 0 1
    outer loop
      vertex -22.1109 0.842728 15.3
      vertex -25 2.7 15.3
      vertex -22.22 0.821036 15.3
    endloop
  endfacet
  facet normal -0 0 1
    outer loop
      vertex -21.1573 -0.110947 15.3
      vertex -15.4712 -2.7 15.3
      vertex -21.15 0 15.3
    endloop
  endfacet
  facet normal -0 0 1
    outer loop
      vertex -21.179 -0.219995 15.3
      vertex -15.4712 -2.7 15.3
      vertex -21.1573 -0.110947 15.3
    endloop
  endfacet
  facet normal -0 0 1
    outer loop
      vertex -21.2147 -0.32528 15.3
      vertex -15.4712 -2.7 15.3
      vertex -21.179 -0.219995 15.3
    endloop
  endfacet
  facet normal -0 0 1
    outer loop
      vertex -21.2639 -0.424999 15.3
      vertex -15.4712 -2.7 15.3
      vertex -21.2147 -0.32528 15.3
    endloop
  endfacet
  facet normal -0 0 1
    outer loop
      vertex -21.3256 -0.517447 15.3
      vertex -15.4712 -2.7 15.3
      vertex -21.2639 -0.424999 15.3
    endloop
  endfacet
  facet normal -0 0 1
    outer loop
      vertex -21.399 -0.60104 15.3
      vertex -15.4712 -2.7 15.3
      vertex -21.3256 -0.517447 15.3
    endloop
  endfacet
  facet normal -0 0 1
    outer loop
      vertex -21.4826 -0.67435 15.3
      vertex -15.4712 -2.7 15.3
      vertex -21.399 -0.60104 15.3
    endloop
  endfacet
  facet normal -0 0 1
    outer loop
      vertex -21.575 -0.736121 15.3
      vertex -15.4712 -2.7 15.3
      vertex -21.4826 -0.67435 15.3
    endloop
  endfacet
  facet normal -0 0 1
    outer loop
      vertex -21.6747 -0.785297 15.3
      vertex -15.4712 -2.7 15.3
      vertex -21.575 -0.736121 15.3
    endloop
  endfacet
  facet normal -0 0 1
    outer loop
      vertex -21.78 -0.821036 15.3
      vertex -15.4712 -2.7 15.3
      vertex -21.6747 -0.785297 15.3
    endloop
  endfacet
  facet normal 0 0 1
    outer loop
      vertex -25 -2.7 15.3
      vertex -21.78 -0.821036 15.3
      vertex -21.8891 -0.842728 15.3
    endloop
  endfacet
  facet normal 0 0 1
    outer loop
      vertex -25 -2.7 15.3
      vertex -21.8891 -0.842728 15.3
      vertex -22 -0.849999 15.3
    endloop
  endfacet
  facet normal 0 0 1
    outer loop
      vertex -25 -2.7 15.3
      vertex -22 -0.849999 15.3
      vertex -22.1109 -0.842728 15.3
    endloop
  endfacet
  facet normal 0 0 1
    outer loop
      vertex -25 -2.7 15.3
      vertex -22.1109 -0.842728 15.3
      vertex -22.22 -0.821036 15.3
    endloop
  endfacet
  facet normal 0 0 1
    outer loop
      vertex -25 -2.7 15.3
      vertex -22.85 0 15.3
      vertex -25 2.7 15.3
    endloop
  endfacet
  facet normal 0 0 1
    outer loop
      vertex -22.85 0 15.3
      vertex -25 -2.7 15.3
      vertex -22.8427 -0.110947 15.3
    endloop
  endfacet
  facet normal 0 0 1
    outer loop
      vertex -22.8427 -0.110947 15.3
      vertex -25 -2.7 15.3
      vertex -22.821 -0.219995 15.3
    endloop
  endfacet
  facet normal 0 0 1
    outer loop
      vertex -22.821 -0.219995 15.3
      vertex -25 -2.7 15.3
      vertex -22.7853 -0.32528 15.3
    endloop
  endfacet
  facet normal 0 0 1
    outer loop
      vertex -22.7853 -0.32528 15.3
      vertex -25 -2.7 15.3
      vertex -22.7361 -0.424999 15.3
    endloop
  endfacet
  facet normal 0 0 1
    outer loop
      vertex -21.78 -0.821036 15.3
      vertex -25 -2.7 15.3
      vertex -15.4712 -2.7 15.3
    endloop
  endfacet
  facet normal 0 0 1
    outer loop
      vertex -22.3253 -0.785297 15.3
      vertex -25 -2.7 15.3
      vertex -22.22 -0.821036 15.3
    endloop
  endfacet
  facet normal 0 0 1
    outer loop
      vertex -22.425 -0.736121 15.3
      vertex -25 -2.7 15.3
      vertex -22.3253 -0.785297 15.3
    endloop
  endfacet
  facet normal 0 0 1
    outer loop
      vertex -22.5174 -0.67435 15.3
      vertex -25 -2.7 15.3
      vertex -22.425 -0.736121 15.3
    endloop
  endfacet
  facet normal 0 0 1
    outer loop
      vertex -22.601 -0.60104 15.3
      vertex -25 -2.7 15.3
      vertex -22.5174 -0.67435 15.3
    endloop
  endfacet
  facet normal 0 0 1
    outer loop
      vertex -22.6744 -0.517447 15.3
      vertex -25 -2.7 15.3
      vertex -22.601 -0.60104 15.3
    endloop
  endfacet
  facet normal 0 0 1
    outer loop
      vertex -22.7361 -0.424999 15.3
      vertex -25 -2.7 15.3
      vertex -22.6744 -0.517447 15.3
    endloop
  endfacet
  facet normal 1 -0 0
    outer loop
      vertex -25 -2.7 18.75
      vertex -25 2.7 15.3
      vertex -25 2.7 18.75
    endloop
  endfacet
  facet normal 1 0 0
    outer loop
      vertex -25 2.7 15.3
      vertex -25 -2.7 18.75
      vertex -25 -2.7 15.3
    endloop
  endfacet
  facet normal 0 -1 0
    outer loop
      vertex -15.4712 2.7 15.3
      vertex -25 2.7 18.75
      vertex -25 2.7 15.3
    endloop
  endfacet
  facet normal 0 -1 0
    outer loop
      vertex -25 2.7 18.75
      vertex -15.4712 2.7 15.3
      vertex -14.45 2.7 18.75
    endloop
  endfacet
  facet normal 0 1 -0
    outer loop
      vertex -15.4712 -2.7 15.3
      vertex -25 -2.7 18.75
      vertex -14.45 -2.7 18.75
    endloop
  endfacet
  facet normal 0 1 0
    outer loop
      vertex -25 -2.7 18.75
      vertex -15.4712 -2.7 15.3
      vertex -25 -2.7 15.3
    endloop
  endfacet
  facet normal -1 0 0
    outer loop
      vertex 25 -2.7 15.3
      vertex 25 2.7 18.75
      vertex 25 2.7 15.3
    endloop
  endfacet
  facet normal -1 -0 0
    outer loop
      vertex 25 2.7 18.75
      vertex 25 -2.7 15.3
      vertex 25 -2.7 18.75
    endloop
  endfacet
  facet normal 0 0 1
    outer loop
      vertex 25 2.7 15.3
      vertex 22.85 0 15.3
      vertex 25 -2.7 15.3
    endloop
  endfacet
  facet normal 0 0 1
    outer loop
      vertex 25 2.7 15.3
      vertex 22.8427 0.110947 15.3
      vertex 22.85 0 15.3
    endloop
  endfacet
  facet normal 0 0 1
    outer loop
      vertex 25 2.7 15.3
      vertex 22.821 0.219995 15.3
      vertex 22.8427 0.110947 15.3
    endloop
  endfacet
  facet normal 0 0 1
    outer loop
      vertex 25 2.7 15.3
      vertex 22.7853 0.32528 15.3
      vertex 22.821 0.219995 15.3
    endloop
  endfacet
  facet normal 0 0 1
    outer loop
      vertex 25 2.7 15.3
      vertex 22.7361 0.424999 15.3
      vertex 22.7853 0.32528 15.3
    endloop
  endfacet
  facet normal 0 0 1
    outer loop
      vertex 25 2.7 15.3
      vertex 22.6744 0.517447 15.3
      vertex 22.7361 0.424999 15.3
    endloop
  endfacet
  facet normal 0 0 1
    outer loop
      vertex 25 2.7 15.3
      vertex 22.601 0.60104 15.3
      vertex 22.6744 0.517447 15.3
    endloop
  endfacet
  facet normal 0 0 1
    outer loop
      vertex 25 2.7 15.3
      vertex 22.5174 0.67435 15.3
      vertex 22.601 0.60104 15.3
    endloop
  endfacet
  facet normal 0 0 1
    outer loop
      vertex 25 2.7 15.3
      vertex 22.425 0.736121 15.3
      vertex 22.5174 0.67435 15.3
    endloop
  endfacet
  facet normal 0 0 1
    outer loop
      vertex 25 2.7 15.3
      vertex 22.3253 0.785297 15.3
      vertex 22.425 0.736121 15.3
    endloop
  endfacet
  facet normal 0 0 1
    outer loop
      vertex 25 2.7 15.3
      vertex 22.22 0.821036 15.3
      vertex 22.3253 0.785297 15.3
    endloop
  endfacet
  facet normal 0 0 1
    outer loop
      vertex 25 2.7 15.3
      vertex 22.1109 0.842728 15.3
      vertex 22.22 0.821036 15.3
    endloop
  endfacet
  facet normal 0 0 1
    outer loop
      vertex 25 2.7 15.3
      vertex 22 0.849999 15.3
      vertex 22.1109 0.842728 15.3
    endloop
  endfacet
  facet normal 0 0 1
    outer loop
      vertex 25 2.7 15.3
      vertex 21.8891 0.842728 15.3
      vertex 22 0.849999 15.3
    endloop
  endfacet
  facet normal 0 0 1
    outer loop
      vertex 25 2.7 15.3
      vertex 21.78 0.821036 15.3
      vertex 21.8891 0.842728 15.3
    endloop
  endfacet
  facet normal -0 0 1
    outer loop
      vertex 15.4712 2.7 15.3
      vertex 21.78 0.821036 15.3
      vertex 25 2.7 15.3
    endloop
  endfacet
  facet normal 0 0 1
    outer loop
      vertex 21.78 0.821036 15.3
      vertex 15.4712 2.7 15.3
      vertex 21.6747 0.785297 15.3
    endloop
  endfacet
  facet normal 0 0 1
    outer loop
      vertex 21.1573 0.110947 15.3
      vertex 15.4712 2.7 15.3
      vertex 21.15 0 15.3
    endloop
  endfacet
  facet normal 0 0 1
    outer loop
      vertex 21.179 0.219995 15.3
      vertex 15.4712 2.7 15.3
      vertex 21.1573 0.110947 15.3
    endloop
  endfacet
  facet normal 0 0 1
    outer loop
      vertex 21.2147 0.32528 15.3
      vertex 15.4712 2.7 15.3
      vertex 21.179 0.219995 15.3
    endloop
  endfacet
  facet normal 0 0 1
    outer loop
      vertex 21.2639 0.424999 15.3
      vertex 15.4712 2.7 15.3
      vertex 21.2147 0.32528 15.3
    endloop
  endfacet
  facet normal 0 0 1
    outer loop
      vertex 21.3256 0.517447 15.3
      vertex 15.4712 2.7 15.3
      vertex 21.2639 0.424999 15.3
    endloop
  endfacet
  facet normal 0 0 1
    outer loop
      vertex 21.399 0.60104 15.3
      vertex 15.4712 2.7 15.3
      vertex 21.3256 0.517447 15.3
    endloop
  endfacet
  facet normal 0 0 1
    outer loop
      vertex 21.4826 0.67435 15.3
      vertex 15.4712 2.7 15.3
      vertex 21.399 0.60104 15.3
    endloop
  endfacet
  facet normal 0 0 1
    outer loop
      vertex 21.575 0.736121 15.3
      vertex 15.4712 2.7 15.3
      vertex 21.4826 0.67435 15.3
    endloop
  endfacet
  facet normal 0 0 1
    outer loop
      vertex 21.6747 0.785297 15.3
      vertex 15.4712 2.7 15.3
      vertex 21.575 0.736121 15.3
    endloop
  endfacet
  facet normal -0 0 1
    outer loop
      vertex 22.8427 -0.110947 15.3
      vertex 25 -2.7 15.3
      vertex 22.85 0 15.3
    endloop
  endfacet
  facet normal -0 0 1
    outer loop
      vertex 22.821 -0.219995 15.3
      vertex 25 -2.7 15.3
      vertex 22.8427 -0.110947 15.3
    endloop
  endfacet
  facet normal -0 0 1
    outer loop
      vertex 22.7853 -0.32528 15.3
      vertex 25 -2.7 15.3
      vertex 22.821 -0.219995 15.3
    endloop
  endfacet
  facet normal -0 0 1
    outer loop
      vertex 22.7361 -0.424999 15.3
      vertex 25 -2.7 15.3
      vertex 22.7853 -0.32528 15.3
    endloop
  endfacet
  facet normal -0 0 1
    outer loop
      vertex 22.6744 -0.517447 15.3
      vertex 25 -2.7 15.3
      vertex 22.7361 -0.424999 15.3
    endloop
  endfacet
  facet normal -0 0 1
    outer loop
      vertex 22.601 -0.60104 15.3
      vertex 25 -2.7 15.3
      vertex 22.6744 -0.517447 15.3
    endloop
  endfacet
  facet normal -0 0 1
    outer loop
      vertex 22.5174 -0.67435 15.3
      vertex 25 -2.7 15.3
      vertex 22.601 -0.60104 15.3
    endloop
  endfacet
  facet normal -0 0 1
    outer loop
      vertex 22.425 -0.736121 15.3
      vertex 25 -2.7 15.3
      vertex 22.5174 -0.67435 15.3
    endloop
  endfacet
  facet normal -0 0 1
    outer loop
      vertex 22.3253 -0.785297 15.3
      vertex 25 -2.7 15.3
      vertex 22.425 -0.736121 15.3
    endloop
  endfacet
  facet normal -0 0 1
    outer loop
      vertex 22.22 -0.821036 15.3
      vertex 25 -2.7 15.3
      vertex 22.3253 -0.785297 15.3
    endloop
  endfacet
  facet normal -0 0 1
    outer loop
      vertex 22.1109 -0.842728 15.3
      vertex 25 -2.7 15.3
      vertex 22.22 -0.821036 15.3
    endloop
  endfacet
  facet normal -0 0 1
    outer loop
      vertex 22 -0.849999 15.3
      vertex 25 -2.7 15.3
      vertex 22.1109 -0.842728 15.3
    endloop
  endfacet
  facet normal 0 0 1
    outer loop
      vertex 21.8891 -0.842728 15.3
      vertex 25 -2.7 15.3
      vertex 22 -0.849999 15.3
    endloop
  endfacet
  facet normal 0 0 1
    outer loop
      vertex 21.78 -0.821036 15.3
      vertex 25 -2.7 15.3
      vertex 21.8891 -0.842728 15.3
    endloop
  endfacet
  facet normal 0 0 1
    outer loop
      vertex 15.4712 -2.7 15.3
      vertex 21.78 -0.821036 15.3
      vertex 21.6747 -0.785297 15.3
    endloop
  endfacet
  facet normal 0 0 1
    outer loop
      vertex 15.4712 -2.7 15.3
      vertex 21.6747 -0.785297 15.3
      vertex 21.575 -0.736121 15.3
    endloop
  endfacet
  facet normal 0 0 1
    outer loop
      vertex 15.4712 -2.7 15.3
      vertex 21.15 0 15.3
      vertex 15.4712 2.7 15.3
    endloop
  endfacet
  facet normal 0 0 1
    outer loop
      vertex 21.15 0 15.3
      vertex 15.4712 -2.7 15.3
      vertex 21.1573 -0.110947 15.3
    endloop
  endfacet
  facet normal 0 0 1
    outer loop
      vertex 21.1573 -0.110947 15.3
      vertex 15.4712 -2.7 15.3
      vertex 21.179 -0.219995 15.3
    endloop
  endfacet
  facet normal 0 0 1
    outer loop
      vertex 21.179 -0.219995 15.3
      vertex 15.4712 -2.7 15.3
      vertex 21.2147 -0.32528 15.3
    endloop
  endfacet
  facet normal 0 0 1
    outer loop
      vertex 21.2147 -0.32528 15.3
      vertex 15.4712 -2.7 15.3
      vertex 21.2639 -0.424999 15.3
    endloop
  endfacet
  facet normal 0 0 1
    outer loop
      vertex 21.2639 -0.424999 15.3
      vertex 15.4712 -2.7 15.3
      vertex 21.3256 -0.517447 15.3
    endloop
  endfacet
  facet normal 0 0 1
    outer loop
      vertex 21.3256 -0.517447 15.3
      vertex 15.4712 -2.7 15.3
      vertex 21.399 -0.60104 15.3
    endloop
  endfacet
  facet normal 0 0 1
    outer loop
      vertex 21.399 -0.60104 15.3
      vertex 15.4712 -2.7 15.3
      vertex 21.4826 -0.67435 15.3
    endloop
  endfacet
  facet normal 0 0 1
    outer loop
      vertex 21.4826 -0.67435 15.3
      vertex 15.4712 -2.7 15.3
      vertex 21.575 -0.736121 15.3
    endloop
  endfacet
  facet normal 0 0 1
    outer loop
      vertex 21.78 -0.821036 15.3
      vertex 15.4712 -2.7 15.3
      vertex 25 -2.7 15.3
    endloop
  endfacet
  facet normal 0 -1 0
    outer loop
      vertex 15.4712 2.7 15.3
      vertex 25 2.7 18.75
      vertex 14.45 2.7 18.75
    endloop
  endfacet
  facet normal 0 -1 -0
    outer loop
      vertex 25 2.7 18.75
      vertex 15.4712 2.7 15.3
      vertex 25 2.7 15.3
    endloop
  endfacet
  facet normal 0 1 0
    outer loop
      vertex 15.4712 -2.7 15.3
      vertex 25 -2.7 18.75
      vertex 25 -2.7 15.3
    endloop
  endfacet
  facet normal 0 1 0
    outer loop
      vertex 25 -2.7 18.75
      vertex 15.4712 -2.7 15.3
      vertex 14.45 -2.7 18.75
    endloop
  endfacet
  facet normal -0.19501 -0.980801 0
    outer loop
      vertex -21.8891 0.842728 10.3
      vertex -21.78 0.821036 15.3
      vertex -21.8891 0.842728 15.3
    endloop
  endfacet
  facet normal -0.19501 -0.980801 -0
    outer loop
      vertex -21.78 0.821036 15.3
      vertex -21.8891 0.842728 10.3
      vertex -21.78 0.821036 10.3
    endloop
  endfacet
  facet normal -0.98077 -0.195168 0
    outer loop
      vertex -21.1573 0.110947 10.3
      vertex -21.179 0.219995 15.3
      vertex -21.179 0.219995 10.3
    endloop
  endfacet
  facet normal -0.98077 -0.195168 0
    outer loop
      vertex -21.179 0.219995 15.3
      vertex -21.1573 0.110947 10.3
      vertex -21.1573 0.110947 15.3
    endloop
  endfacet
  facet normal -0.997842 -0.0656552 0
    outer loop
      vertex -21.15 0 10.3
      vertex -21.1573 0.110947 15.3
      vertex -21.1573 0.110947 10.3
    endloop
  endfacet
  facet normal -0.997842 -0.0656552 0
    outer loop
      vertex -21.1573 0.110947 15.3
      vertex -21.15 0 10.3
      vertex -21.15 0 15.3
    endloop
  endfacet
  facet normal -0.947038 -0.321121 0
    outer loop
      vertex -21.179 0.219995 10.3
      vertex -21.2147 0.32528 15.3
      vertex -21.2147 0.32528 10.3
    endloop
  endfacet
  facet normal -0.947038 -0.321121 0
    outer loop
      vertex -21.2147 0.32528 15.3
      vertex -21.179 0.219995 10.3
      vertex -21.179 0.219995 15.3
    endloop
  endfacet
  facet normal -0.831768 -0.555124 0
    outer loop
      vertex -21.2639 0.424999 10.3
      vertex -21.3256 0.517447 15.3
      vertex -21.3256 0.517447 10.3
    endloop
  endfacet
  facet normal -0.831768 -0.555124 0
    outer loop
      vertex -21.3256 0.517447 15.3
      vertex -21.2639 0.424999 10.3
      vertex -21.2639 0.424999 15.3
    endloop
  endfacet
  facet normal -0.321395 -0.946945 0
    outer loop
      vertex -21.78 0.821036 10.3
      vertex -21.6747 0.785297 15.3
      vertex -21.78 0.821036 15.3
    endloop
  endfacet
  facet normal -0.321395 -0.946945 -0
    outer loop
      vertex -21.6747 0.785297 15.3
      vertex -21.78 0.821036 10.3
      vertex -21.6747 0.785297 10.3
    endloop
  endfacet
  facet normal 0.98077 0.195168 0
    outer loop
      vertex -22.821 -0.219995 15.3
      vertex -22.8427 -0.110947 10.3
      vertex -22.8427 -0.110947 15.3
    endloop
  endfacet
  facet normal 0.98077 0.195168 0
    outer loop
      vertex -22.8427 -0.110947 10.3
      vertex -22.821 -0.219995 15.3
      vertex -22.821 -0.219995 10.3
    endloop
  endfacet
  facet normal -0.997842 0.0656552 0
    outer loop
      vertex -21.1573 -0.110947 10.3
      vertex -21.15 0 15.3
      vertex -21.15 0 10.3
    endloop
  endfacet
  facet normal -0.997842 0.0656552 0
    outer loop
      vertex -21.15 0 15.3
      vertex -21.1573 -0.110947 10.3
      vertex -21.1573 -0.110947 15.3
    endloop
  endfacet
  facet normal 0.997842 0.0656552 0
    outer loop
      vertex -22.8427 -0.110947 15.3
      vertex -22.85 0 10.3
      vertex -22.85 0 15.3
    endloop
  endfacet
  facet normal 0.997842 0.0656552 0
    outer loop
      vertex -22.85 0 10.3
      vertex -22.8427 -0.110947 15.3
      vertex -22.8427 -0.110947 10.3
    endloop
  endfacet
  facet normal 0.321395 0.946945 -0
    outer loop
      vertex -22.22 -0.821036 10.3
      vertex -22.3253 -0.785297 15.3
      vertex -22.22 -0.821036 15.3
    endloop
  endfacet
  facet normal 0.321395 0.946945 0
    outer loop
      vertex -22.3253 -0.785297 15.3
      vertex -22.22 -0.821036 10.3
      vertex -22.3253 -0.785297 10.3
    endloop
  endfacet
  facet normal -0.896787 -0.442463 0
    outer loop
      vertex -21.2147 0.32528 10.3
      vertex -21.2639 0.424999 15.3
      vertex -21.2639 0.424999 10.3
    endloop
  endfacet
  facet normal -0.896787 -0.442463 0
    outer loop
      vertex -21.2639 0.424999 15.3
      vertex -21.2147 0.32528 10.3
      vertex -21.2147 0.32528 15.3
    endloop
  endfacet
  facet normal -0.751435 -0.659808 0
    outer loop
      vertex -21.3256 0.517447 10.3
      vertex -21.399 0.60104 15.3
      vertex -21.399 0.60104 10.3
    endloop
  endfacet
  facet normal -0.751435 -0.659808 0
    outer loop
      vertex -21.399 0.60104 15.3
      vertex -21.3256 0.517447 10.3
      vertex -21.3256 0.517447 15.3
    endloop
  endfacet
  facet normal -0.947038 0.321121 0
    outer loop
      vertex -21.2147 -0.32528 10.3
      vertex -21.179 -0.219995 15.3
      vertex -21.179 -0.219995 10.3
    endloop
  endfacet
  facet normal -0.947038 0.321121 0
    outer loop
      vertex -21.179 -0.219995 15.3
      vertex -21.2147 -0.32528 10.3
      vertex -21.2147 -0.32528 15.3
    endloop
  endfacet
  facet normal 0.751435 0.659808 0
    outer loop
      vertex -22.601 -0.60104 15.3
      vertex -22.6744 -0.517447 10.3
      vertex -22.6744 -0.517447 15.3
    endloop
  endfacet
  facet normal 0.751435 0.659808 0
    outer loop
      vertex -22.6744 -0.517447 10.3
      vertex -22.601 -0.60104 15.3
      vertex -22.601 -0.60104 10.3
    endloop
  endfacet
  facet normal -0.98077 0.195168 0
    outer loop
      vertex -21.179 -0.219995 10.3
      vertex -21.1573 -0.110947 15.3
      vertex -21.1573 -0.110947 10.3
    endloop
  endfacet
  facet normal -0.98077 0.195168 0
    outer loop
      vertex -21.1573 -0.110947 15.3
      vertex -21.179 -0.219995 10.3
      vertex -21.179 -0.219995 15.3
    endloop
  endfacet
  facet normal -0.0654231 0.997858 0
    outer loop
      vertex -21.8891 -0.842728 10.3
      vertex -22 -0.849999 15.3
      vertex -21.8891 -0.842728 15.3
    endloop
  endfacet
  facet normal -0.0654231 0.997858 0
    outer loop
      vertex -22 -0.849999 15.3
      vertex -21.8891 -0.842728 10.3
      vertex -22 -0.849999 10.3
    endloop
  endfacet
  facet normal 0.947038 0.321121 0
    outer loop
      vertex -22.7853 -0.32528 15.3
      vertex -22.821 -0.219995 10.3
      vertex -22.821 -0.219995 15.3
    endloop
  endfacet
  facet normal 0.947038 0.321121 0
    outer loop
      vertex -22.821 -0.219995 10.3
      vertex -22.7853 -0.32528 15.3
      vertex -22.7853 -0.32528 10.3
    endloop
  endfacet
  facet normal -0.831768 0.555124 0
    outer loop
      vertex -21.3256 -0.517447 10.3
      vertex -21.2639 -0.424999 15.3
      vertex -21.2639 -0.424999 10.3
    endloop
  endfacet
  facet normal -0.831768 0.555124 0
    outer loop
      vertex -21.2639 -0.424999 15.3
      vertex -21.3256 -0.517447 10.3
      vertex -21.3256 -0.517447 15.3
    endloop
  endfacet
  facet normal -0.442357 -0.896839 0
    outer loop
      vertex -21.6747 0.785297 10.3
      vertex -21.575 0.736121 15.3
      vertex -21.6747 0.785297 15.3
    endloop
  endfacet
  facet normal -0.442357 -0.896839 -0
    outer loop
      vertex -21.575 0.736121 15.3
      vertex -21.6747 0.785297 10.3
      vertex -21.575 0.736121 10.3
    endloop
  endfacet
  facet normal 0.442357 -0.896839 0
    outer loop
      vertex -22.425 0.736121 10.3
      vertex -22.3253 0.785297 15.3
      vertex -22.425 0.736121 15.3
    endloop
  endfacet
  facet normal 0.442357 -0.896839 0
    outer loop
      vertex -22.3253 0.785297 15.3
      vertex -22.425 0.736121 10.3
      vertex -22.3253 0.785297 10.3
    endloop
  endfacet
  facet normal -0.442357 0.896839 0
    outer loop
      vertex -21.575 -0.736121 10.3
      vertex -21.6747 -0.785297 15.3
      vertex -21.575 -0.736121 15.3
    endloop
  endfacet
  facet normal -0.442357 0.896839 0
    outer loop
      vertex -21.6747 -0.785297 15.3
      vertex -21.575 -0.736121 10.3
      vertex -21.6747 -0.785297 10.3
    endloop
  endfacet
  facet normal -0.321395 0.946945 0
    outer loop
      vertex -21.6747 -0.785297 10.3
      vertex -21.78 -0.821036 15.3
      vertex -21.6747 -0.785297 15.3
    endloop
  endfacet
  facet normal -0.321395 0.946945 0
    outer loop
      vertex -21.78 -0.821036 15.3
      vertex -21.6747 -0.785297 10.3
      vertex -21.78 -0.821036 10.3
    endloop
  endfacet
  facet normal 0.19501 0.980801 -0
    outer loop
      vertex -22.1109 -0.842728 10.3
      vertex -22.22 -0.821036 15.3
      vertex -22.1109 -0.842728 15.3
    endloop
  endfacet
  facet normal 0.19501 0.980801 0
    outer loop
      vertex -22.22 -0.821036 15.3
      vertex -22.1109 -0.842728 10.3
      vertex -22.22 -0.821036 10.3
    endloop
  endfacet
  facet normal 0.947038 -0.321121 0
    outer loop
      vertex -22.821 0.219995 15.3
      vertex -22.7853 0.32528 10.3
      vertex -22.7853 0.32528 15.3
    endloop
  endfacet
  facet normal 0.947038 -0.321121 0
    outer loop
      vertex -22.7853 0.32528 10.3
      vertex -22.821 0.219995 15.3
      vertex -22.821 0.219995 10.3
    endloop
  endfacet
  facet normal 0.19501 -0.980801 0
    outer loop
      vertex -22.22 0.821036 10.3
      vertex -22.1109 0.842728 15.3
      vertex -22.22 0.821036 15.3
    endloop
  endfacet
  facet normal 0.19501 -0.980801 0
    outer loop
      vertex -22.1109 0.842728 15.3
      vertex -22.22 0.821036 10.3
      vertex -22.1109 0.842728 10.3
    endloop
  endfacet
  facet normal 0.555765 -0.83134 0
    outer loop
      vertex -22.5174 0.67435 10.3
      vertex -22.425 0.736121 15.3
      vertex -22.5174 0.67435 15.3
    endloop
  endfacet
  facet normal 0.555765 -0.83134 0
    outer loop
      vertex -22.425 0.736121 15.3
      vertex -22.5174 0.67435 10.3
      vertex -22.425 0.736121 10.3
    endloop
  endfacet
  facet normal -0.555765 0.83134 0
    outer loop
      vertex -21.4826 -0.67435 10.3
      vertex -21.575 -0.736121 15.3
      vertex -21.4826 -0.67435 15.3
    endloop
  endfacet
  facet normal -0.555765 0.83134 0
    outer loop
      vertex -21.575 -0.736121 15.3
      vertex -21.4826 -0.67435 10.3
      vertex -21.575 -0.736121 10.3
    endloop
  endfacet
  facet normal -0.19501 0.980801 0
    outer loop
      vertex -21.78 -0.821036 10.3
      vertex -21.8891 -0.842728 15.3
      vertex -21.78 -0.821036 15.3
    endloop
  endfacet
  facet normal -0.19501 0.980801 0
    outer loop
      vertex -21.8891 -0.842728 15.3
      vertex -21.78 -0.821036 10.3
      vertex -21.8891 -0.842728 10.3
    endloop
  endfacet
  facet normal 0.896787 -0.442463 0
    outer loop
      vertex -22.7853 0.32528 15.3
      vertex -22.7361 0.424999 10.3
      vertex -22.7361 0.424999 15.3
    endloop
  endfacet
  facet normal 0.896787 -0.442463 0
    outer loop
      vertex -22.7361 0.424999 10.3
      vertex -22.7853 0.32528 15.3
      vertex -22.7853 0.32528 10.3
    endloop
  endfacet
  facet normal 0.831768 -0.555124 0
    outer loop
      vertex -22.7361 0.424999 15.3
      vertex -22.6744 0.517447 10.3
      vertex -22.6744 0.517447 15.3
    endloop
  endfacet
  facet normal 0.831768 -0.555124 0
    outer loop
      vertex -22.6744 0.517447 10.3
      vertex -22.7361 0.424999 15.3
      vertex -22.7361 0.424999 10.3
    endloop
  endfacet
  facet normal 0.0654231 0.997858 -0
    outer loop
      vertex -22 -0.849999 10.3
      vertex -22.1109 -0.842728 15.3
      vertex -22 -0.849999 15.3
    endloop
  endfacet
  facet normal 0.0654231 0.997858 0
    outer loop
      vertex -22.1109 -0.842728 15.3
      vertex -22 -0.849999 10.3
      vertex -22.1109 -0.842728 10.3
    endloop
  endfacet
  facet normal 0.659319 -0.751863 0
    outer loop
      vertex -22.601 0.60104 10.3
      vertex -22.5174 0.67435 15.3
      vertex -22.601 0.60104 15.3
    endloop
  endfacet
  facet normal 0.659319 -0.751863 0
    outer loop
      vertex -22.5174 0.67435 15.3
      vertex -22.601 0.60104 10.3
      vertex -22.5174 0.67435 10.3
    endloop
  endfacet
  facet normal 0.659319 0.751863 -0
    outer loop
      vertex -22.5174 -0.67435 10.3
      vertex -22.601 -0.60104 15.3
      vertex -22.5174 -0.67435 15.3
    endloop
  endfacet
  facet normal 0.659319 0.751863 0
    outer loop
      vertex -22.601 -0.60104 15.3
      vertex -22.5174 -0.67435 10.3
      vertex -22.601 -0.60104 10.3
    endloop
  endfacet
  facet normal 0 0 1
    outer loop
      vertex -21.1573 0.110947 10.3
      vertex -21.1573 -0.110947 10.3
      vertex -21.15 0 10.3
    endloop
  endfacet
  facet normal 0 0 1
    outer loop
      vertex -21.179 0.219995 10.3
      vertex -21.1573 -0.110947 10.3
      vertex -21.1573 0.110947 10.3
    endloop
  endfacet
  facet normal 0 0 1
    outer loop
      vertex -21.179 0.219995 10.3
      vertex -21.179 -0.219995 10.3
      vertex -21.1573 -0.110947 10.3
    endloop
  endfacet
  facet normal 0 0 1
    outer loop
      vertex -21.2147 0.32528 10.3
      vertex -21.179 -0.219995 10.3
      vertex -21.179 0.219995 10.3
    endloop
  endfacet
  facet normal 0 0 1
    outer loop
      vertex -21.2147 0.32528 10.3
      vertex -21.2147 -0.32528 10.3
      vertex -21.179 -0.219995 10.3
    endloop
  endfacet
  facet normal 0 0 1
    outer loop
      vertex -21.2639 0.424999 10.3
      vertex -21.2147 -0.32528 10.3
      vertex -21.2147 0.32528 10.3
    endloop
  endfacet
  facet normal 0 0 1
    outer loop
      vertex -21.2639 0.424999 10.3
      vertex -21.2639 -0.424999 10.3
      vertex -21.2147 -0.32528 10.3
    endloop
  endfacet
  facet normal 0 0 1
    outer loop
      vertex -21.3256 0.517447 10.3
      vertex -21.2639 -0.424999 10.3
      vertex -21.2639 0.424999 10.3
    endloop
  endfacet
  facet normal 0 0 1
    outer loop
      vertex -21.3256 0.517447 10.3
      vertex -21.3256 -0.517447 10.3
      vertex -21.2639 -0.424999 10.3
    endloop
  endfacet
  facet normal 0 0 1
    outer loop
      vertex -21.399 0.60104 10.3
      vertex -21.3256 -0.517447 10.3
      vertex -21.3256 0.517447 10.3
    endloop
  endfacet
  facet normal 0 0 1
    outer loop
      vertex -21.399 0.60104 10.3
      vertex -21.399 -0.60104 10.3
      vertex -21.3256 -0.517447 10.3
    endloop
  endfacet
  facet normal 0 0 1
    outer loop
      vertex -21.4826 0.67435 10.3
      vertex -21.399 -0.60104 10.3
      vertex -21.399 0.60104 10.3
    endloop
  endfacet
  facet normal 0 0 1
    outer loop
      vertex -21.4826 0.67435 10.3
      vertex -21.4826 -0.67435 10.3
      vertex -21.399 -0.60104 10.3
    endloop
  endfacet
  facet normal 0 0 1
    outer loop
      vertex -21.575 0.736121 10.3
      vertex -21.4826 -0.67435 10.3
      vertex -21.4826 0.67435 10.3
    endloop
  endfacet
  facet normal 0 0 1
    outer loop
      vertex -21.575 0.736121 10.3
      vertex -21.575 -0.736121 10.3
      vertex -21.4826 -0.67435 10.3
    endloop
  endfacet
  facet normal 0 0 1
    outer loop
      vertex -21.6747 0.785297 10.3
      vertex -21.575 -0.736121 10.3
      vertex -21.575 0.736121 10.3
    endloop
  endfacet
  facet normal 0 0 1
    outer loop
      vertex -21.6747 0.785297 10.3
      vertex -21.6747 -0.785297 10.3
      vertex -21.575 -0.736121 10.3
    endloop
  endfacet
  facet normal 0 0 1
    outer loop
      vertex -21.78 0.821036 10.3
      vertex -21.6747 -0.785297 10.3
      vertex -21.6747 0.785297 10.3
    endloop
  endfacet
  facet normal 0 0 1
    outer loop
      vertex -21.78 0.821036 10.3
      vertex -21.78 -0.821036 10.3
      vertex -21.6747 -0.785297 10.3
    endloop
  endfacet
  facet normal 0 0 1
    outer loop
      vertex -21.8891 0.842728 10.3
      vertex -21.78 -0.821036 10.3
      vertex -21.78 0.821036 10.3
    endloop
  endfacet
  facet normal 0 0 1
    outer loop
      vertex -21.8891 0.842728 10.3
      vertex -21.8891 -0.842728 10.3
      vertex -21.78 -0.821036 10.3
    endloop
  endfacet
  facet normal 0 0 1
    outer loop
      vertex -22 0.849999 10.3
      vertex -21.8891 -0.842728 10.3
      vertex -21.8891 0.842728 10.3
    endloop
  endfacet
  facet normal 0 0 1
    outer loop
      vertex -22 0.849999 10.3
      vertex -22 -0.849999 10.3
      vertex -21.8891 -0.842728 10.3
    endloop
  endfacet
  facet normal -0 0 1
    outer loop
      vertex -22.1109 0.842728 10.3
      vertex -22 -0.849999 10.3
      vertex -22 0.849999 10.3
    endloop
  endfacet
  facet normal 0 0 1
    outer loop
      vertex -22.1109 0.842728 10.3
      vertex -22.1109 -0.842728 10.3
      vertex -22 -0.849999 10.3
    endloop
  endfacet
  facet normal -0 0 1
    outer loop
      vertex -22.22 0.821036 10.3
      vertex -22.1109 -0.842728 10.3
      vertex -22.1109 0.842728 10.3
    endloop
  endfacet
  facet normal 0 0 1
    outer loop
      vertex -22.22 0.821036 10.3
      vertex -22.22 -0.821036 10.3
      vertex -22.1109 -0.842728 10.3
    endloop
  endfacet
  facet normal -0 0 1
    outer loop
      vertex -22.3253 0.785297 10.3
      vertex -22.22 -0.821036 10.3
      vertex -22.22 0.821036 10.3
    endloop
  endfacet
  facet normal 0 0 1
    outer loop
      vertex -22.3253 0.785297 10.3
      vertex -22.3253 -0.785297 10.3
      vertex -22.22 -0.821036 10.3
    endloop
  endfacet
  facet normal -0 0 1
    outer loop
      vertex -22.425 0.736121 10.3
      vertex -22.3253 -0.785297 10.3
      vertex -22.3253 0.785297 10.3
    endloop
  endfacet
  facet normal 0 0 1
    outer loop
      vertex -22.425 0.736121 10.3
      vertex -22.425 -0.736121 10.3
      vertex -22.3253 -0.785297 10.3
    endloop
  endfacet
  facet normal -0 0 1
    outer loop
      vertex -22.5174 0.67435 10.3
      vertex -22.425 -0.736121 10.3
      vertex -22.425 0.736121 10.3
    endloop
  endfacet
  facet normal 0 0 1
    outer loop
      vertex -22.5174 0.67435 10.3
      vertex -22.5174 -0.67435 10.3
      vertex -22.425 -0.736121 10.3
    endloop
  endfacet
  facet normal -0 0 1
    outer loop
      vertex -22.601 0.60104 10.3
      vertex -22.5174 -0.67435 10.3
      vertex -22.5174 0.67435 10.3
    endloop
  endfacet
  facet normal 0 0 1
    outer loop
      vertex -22.601 0.60104 10.3
      vertex -22.601 -0.60104 10.3
      vertex -22.5174 -0.67435 10.3
    endloop
  endfacet
  facet normal -0 0 1
    outer loop
      vertex -22.6744 0.517447 10.3
      vertex -22.601 -0.60104 10.3
      vertex -22.601 0.60104 10.3
    endloop
  endfacet
  facet normal 0 0 1
    outer loop
      vertex -22.6744 0.517447 10.3
      vertex -22.6744 -0.517447 10.3
      vertex -22.601 -0.60104 10.3
    endloop
  endfacet
  facet normal -0 0 1
    outer loop
      vertex -22.7361 0.424999 10.3
      vertex -22.6744 -0.517447 10.3
      vertex -22.6744 0.517447 10.3
    endloop
  endfacet
  facet normal 0 0 1
    outer loop
      vertex -22.7361 0.424999 10.3
      vertex -22.7361 -0.424999 10.3
      vertex -22.6744 -0.517447 10.3
    endloop
  endfacet
  facet normal -0 0 1
    outer loop
      vertex -22.7853 0.32528 10.3
      vertex -22.7361 -0.424999 10.3
      vertex -22.7361 0.424999 10.3
    endloop
  endfacet
  facet normal 0 0 1
    outer loop
      vertex -22.7853 0.32528 10.3
      vertex -22.7853 -0.32528 10.3
      vertex -22.7361 -0.424999 10.3
    endloop
  endfacet
  facet normal -0 0 1
    outer loop
      vertex -22.821 0.219995 10.3
      vertex -22.7853 -0.32528 10.3
      vertex -22.7853 0.32528 10.3
    endloop
  endfacet
  facet normal 0 0 1
    outer loop
      vertex -22.821 0.219995 10.3
      vertex -22.821 -0.219995 10.3
      vertex -22.7853 -0.32528 10.3
    endloop
  endfacet
  facet normal -0 0 1
    outer loop
      vertex -22.8427 0.110947 10.3
      vertex -22.821 -0.219995 10.3
      vertex -22.821 0.219995 10.3
    endloop
  endfacet
  facet normal 0 0 1
    outer loop
      vertex -22.8427 0.110947 10.3
      vertex -22.8427 -0.110947 10.3
      vertex -22.821 -0.219995 10.3
    endloop
  endfacet
  facet normal 0 -0 1
    outer loop
      vertex -22.8427 -0.110947 10.3
      vertex -22.8427 0.110947 10.3
      vertex -22.85 0 10.3
    endloop
  endfacet
  facet normal 0.751435 -0.659808 0
    outer loop
      vertex -22.6744 0.517447 15.3
      vertex -22.601 0.60104 10.3
      vertex -22.601 0.60104 15.3
    endloop
  endfacet
  facet normal 0.751435 -0.659808 0
    outer loop
      vertex -22.601 0.60104 10.3
      vertex -22.6744 0.517447 15.3
      vertex -22.6744 0.517447 10.3
    endloop
  endfacet
  facet normal -0.751435 0.659808 0
    outer loop
      vertex -21.399 -0.60104 10.3
      vertex -21.3256 -0.517447 15.3
      vertex -21.3256 -0.517447 10.3
    endloop
  endfacet
  facet normal -0.751435 0.659808 0
    outer loop
      vertex -21.3256 -0.517447 15.3
      vertex -21.399 -0.60104 10.3
      vertex -21.399 -0.60104 15.3
    endloop
  endfacet
  facet normal -0.896787 0.442463 0
    outer loop
      vertex -21.2639 -0.424999 10.3
      vertex -21.2147 -0.32528 15.3
      vertex -21.2147 -0.32528 10.3
    endloop
  endfacet
  facet normal -0.896787 0.442463 0
    outer loop
      vertex -21.2147 -0.32528 15.3
      vertex -21.2639 -0.424999 10.3
      vertex -21.2639 -0.424999 15.3
    endloop
  endfacet
  facet normal 0.555765 0.83134 -0
    outer loop
      vertex -22.425 -0.736121 10.3
      vertex -22.5174 -0.67435 15.3
      vertex -22.425 -0.736121 15.3
    endloop
  endfacet
  facet normal 0.555765 0.83134 0
    outer loop
      vertex -22.5174 -0.67435 15.3
      vertex -22.425 -0.736121 10.3
      vertex -22.5174 -0.67435 10.3
    endloop
  endfacet
  facet normal 0.98077 -0.195168 0
    outer loop
      vertex -22.8427 0.110947 15.3
      vertex -22.821 0.219995 10.3
      vertex -22.821 0.219995 15.3
    endloop
  endfacet
  facet normal 0.98077 -0.195168 0
    outer loop
      vertex -22.821 0.219995 10.3
      vertex -22.8427 0.110947 15.3
      vertex -22.8427 0.110947 10.3
    endloop
  endfacet
  facet normal -0.0654231 -0.997858 0
    outer loop
      vertex -22 0.849999 10.3
      vertex -21.8891 0.842728 15.3
      vertex -22 0.849999 15.3
    endloop
  endfacet
  facet normal -0.0654231 -0.997858 -0
    outer loop
      vertex -21.8891 0.842728 15.3
      vertex -22 0.849999 10.3
      vertex -21.8891 0.842728 10.3
    endloop
  endfacet
  facet normal -0.555765 -0.83134 0
    outer loop
      vertex -21.575 0.736121 10.3
      vertex -21.4826 0.67435 15.3
      vertex -21.575 0.736121 15.3
    endloop
  endfacet
  facet normal -0.555765 -0.83134 -0
    outer loop
      vertex -21.4826 0.67435 15.3
      vertex -21.575 0.736121 10.3
      vertex -21.4826 0.67435 10.3
    endloop
  endfacet
  facet normal 0.321395 -0.946945 0
    outer loop
      vertex -22.3253 0.785297 10.3
      vertex -22.22 0.821036 15.3
      vertex -22.3253 0.785297 15.3
    endloop
  endfacet
  facet normal 0.321395 -0.946945 0
    outer loop
      vertex -22.22 0.821036 15.3
      vertex -22.3253 0.785297 10.3
      vertex -22.22 0.821036 10.3
    endloop
  endfacet
  facet normal 0.0654231 -0.997858 0
    outer loop
      vertex -22.1109 0.842728 10.3
      vertex -22 0.849999 15.3
      vertex -22.1109 0.842728 15.3
    endloop
  endfacet
  facet normal 0.0654231 -0.997858 0
    outer loop
      vertex -22 0.849999 15.3
      vertex -22.1109 0.842728 10.3
      vertex -22 0.849999 10.3
    endloop
  endfacet
  facet normal 0.997842 -0.0656552 0
    outer loop
      vertex -22.85 0 15.3
      vertex -22.8427 0.110947 10.3
      vertex -22.8427 0.110947 15.3
    endloop
  endfacet
  facet normal 0.997842 -0.0656552 0
    outer loop
      vertex -22.8427 0.110947 10.3
      vertex -22.85 0 15.3
      vertex -22.85 0 10.3
    endloop
  endfacet
  facet normal -0.659319 -0.751863 0
    outer loop
      vertex -21.4826 0.67435 10.3
      vertex -21.399 0.60104 15.3
      vertex -21.4826 0.67435 15.3
    endloop
  endfacet
  facet normal -0.659319 -0.751863 -0
    outer loop
      vertex -21.399 0.60104 15.3
      vertex -21.4826 0.67435 10.3
      vertex -21.399 0.60104 10.3
    endloop
  endfacet
  facet normal 0.896787 0.442463 0
    outer loop
      vertex -22.7361 -0.424999 15.3
      vertex -22.7853 -0.32528 10.3
      vertex -22.7853 -0.32528 15.3
    endloop
  endfacet
  facet normal 0.896787 0.442463 0
    outer loop
      vertex -22.7853 -0.32528 10.3
      vertex -22.7361 -0.424999 15.3
      vertex -22.7361 -0.424999 10.3
    endloop
  endfacet
  facet normal 0.442357 0.896839 -0
    outer loop
      vertex -22.3253 -0.785297 10.3
      vertex -22.425 -0.736121 15.3
      vertex -22.3253 -0.785297 15.3
    endloop
  endfacet
  facet normal 0.442357 0.896839 0
    outer loop
      vertex -22.425 -0.736121 15.3
      vertex -22.3253 -0.785297 10.3
      vertex -22.425 -0.736121 10.3
    endloop
  endfacet
  facet normal -0.659319 0.751863 0
    outer loop
      vertex -21.399 -0.60104 10.3
      vertex -21.4826 -0.67435 15.3
      vertex -21.399 -0.60104 15.3
    endloop
  endfacet
  facet normal -0.659319 0.751863 0
    outer loop
      vertex -21.4826 -0.67435 15.3
      vertex -21.399 -0.60104 10.3
      vertex -21.4826 -0.67435 10.3
    endloop
  endfacet
  facet normal 0.831768 0.555124 0
    outer loop
      vertex -22.6744 -0.517447 15.3
      vertex -22.7361 -0.424999 10.3
      vertex -22.7361 -0.424999 15.3
    endloop
  endfacet
  facet normal 0.831768 0.555124 0
    outer loop
      vertex -22.7361 -0.424999 10.3
      vertex -22.6744 -0.517447 15.3
      vertex -22.6744 -0.517447 10.3
    endloop
  endfacet
  facet normal -0.19501 -0.980801 0
    outer loop
      vertex 22.1109 0.842728 10.3
      vertex 22.22 0.821036 15.3
      vertex 22.1109 0.842728 15.3
    endloop
  endfacet
  facet normal -0.19501 -0.980801 -0
    outer loop
      vertex 22.22 0.821036 15.3
      vertex 22.1109 0.842728 10.3
      vertex 22.22 0.821036 10.3
    endloop
  endfacet
  facet normal -0.98077 -0.195168 0
    outer loop
      vertex 22.8427 0.110947 10.3
      vertex 22.821 0.219995 15.3
      vertex 22.821 0.219995 10.3
    endloop
  endfacet
  facet normal -0.98077 -0.195168 0
    outer loop
      vertex 22.821 0.219995 15.3
      vertex 22.8427 0.110947 10.3
      vertex 22.8427 0.110947 15.3
    endloop
  endfacet
  facet normal -0.997842 -0.0656552 0
    outer loop
      vertex 22.85 0 10.3
      vertex 22.8427 0.110947 15.3
      vertex 22.8427 0.110947 10.3
    endloop
  endfacet
  facet normal -0.997842 -0.0656552 0
    outer loop
      vertex 22.8427 0.110947 15.3
      vertex 22.85 0 10.3
      vertex 22.85 0 15.3
    endloop
  endfacet
  facet normal -0.947038 -0.321121 0
    outer loop
      vertex 22.821 0.219995 10.3
      vertex 22.7853 0.32528 15.3
      vertex 22.7853 0.32528 10.3
    endloop
  endfacet
  facet normal -0.947038 -0.321121 0
    outer loop
      vertex 22.7853 0.32528 15.3
      vertex 22.821 0.219995 10.3
      vertex 22.821 0.219995 15.3
    endloop
  endfacet
  facet normal -0.831768 -0.555124 0
    outer loop
      vertex 22.7361 0.424999 10.3
      vertex 22.6744 0.517447 15.3
      vertex 22.6744 0.517447 10.3
    endloop
  endfacet
  facet normal -0.831768 -0.555124 0
    outer loop
      vertex 22.6744 0.517447 15.3
      vertex 22.7361 0.424999 10.3
      vertex 22.7361 0.424999 15.3
    endloop
  endfacet
  facet normal -0.321395 -0.946945 0
    outer loop
      vertex 22.22 0.821036 10.3
      vertex 22.3253 0.785297 15.3
      vertex 22.22 0.821036 15.3
    endloop
  endfacet
  facet normal -0.321395 -0.946945 -0
    outer loop
      vertex 22.3253 0.785297 15.3
      vertex 22.22 0.821036 10.3
      vertex 22.3253 0.785297 10.3
    endloop
  endfacet
  facet normal 0.98077 0.195168 0
    outer loop
      vertex 21.179 -0.219995 15.3
      vertex 21.1573 -0.110947 10.3
      vertex 21.1573 -0.110947 15.3
    endloop
  endfacet
  facet normal 0.98077 0.195168 0
    outer loop
      vertex 21.1573 -0.110947 10.3
      vertex 21.179 -0.219995 15.3
      vertex 21.179 -0.219995 10.3
    endloop
  endfacet
  facet normal -0.997842 0.0656552 0
    outer loop
      vertex 22.8427 -0.110947 10.3
      vertex 22.85 0 15.3
      vertex 22.85 0 10.3
    endloop
  endfacet
  facet normal -0.997842 0.0656552 0
    outer loop
      vertex 22.85 0 15.3
      vertex 22.8427 -0.110947 10.3
      vertex 22.8427 -0.110947 15.3
    endloop
  endfacet
  facet normal 0.997842 0.0656552 0
    outer loop
      vertex 21.1573 -0.110947 15.3
      vertex 21.15 0 10.3
      vertex 21.15 0 15.3
    endloop
  endfacet
  facet normal 0.997842 0.0656552 0
    outer loop
      vertex 21.15 0 10.3
      vertex 21.1573 -0.110947 15.3
      vertex 21.1573 -0.110947 10.3
    endloop
  endfacet
  facet normal 0.321395 0.946945 -0
    outer loop
      vertex 21.78 -0.821036 10.3
      vertex 21.6747 -0.785297 15.3
      vertex 21.78 -0.821036 15.3
    endloop
  endfacet
  facet normal 0.321395 0.946945 0
    outer loop
      vertex 21.6747 -0.785297 15.3
      vertex 21.78 -0.821036 10.3
      vertex 21.6747 -0.785297 10.3
    endloop
  endfacet
  facet normal -0.896787 -0.442463 0
    outer loop
      vertex 22.7853 0.32528 10.3
      vertex 22.7361 0.424999 15.3
      vertex 22.7361 0.424999 10.3
    endloop
  endfacet
  facet normal -0.896787 -0.442463 0
    outer loop
      vertex 22.7361 0.424999 15.3
      vertex 22.7853 0.32528 10.3
      vertex 22.7853 0.32528 15.3
    endloop
  endfacet
  facet normal -0.751435 -0.659808 0
    outer loop
      vertex 22.6744 0.517447 10.3
      vertex 22.601 0.60104 15.3
      vertex 22.601 0.60104 10.3
    endloop
  endfacet
  facet normal -0.751435 -0.659808 0
    outer loop
      vertex 22.601 0.60104 15.3
      vertex 22.6744 0.517447 10.3
      vertex 22.6744 0.517447 15.3
    endloop
  endfacet
  facet normal -0.947038 0.321121 0
    outer loop
      vertex 22.7853 -0.32528 10.3
      vertex 22.821 -0.219995 15.3
      vertex 22.821 -0.219995 10.3
    endloop
  endfacet
  facet normal -0.947038 0.321121 0
    outer loop
      vertex 22.821 -0.219995 15.3
      vertex 22.7853 -0.32528 10.3
      vertex 22.7853 -0.32528 15.3
    endloop
  endfacet
  facet normal 0.751435 0.659808 0
    outer loop
      vertex 21.399 -0.60104 15.3
      vertex 21.3256 -0.517447 10.3
      vertex 21.3256 -0.517447 15.3
    endloop
  endfacet
  facet normal 0.751435 0.659808 0
    outer loop
      vertex 21.3256 -0.517447 10.3
      vertex 21.399 -0.60104 15.3
      vertex 21.399 -0.60104 10.3
    endloop
  endfacet
  facet normal -0.98077 0.195168 0
    outer loop
      vertex 22.821 -0.219995 10.3
      vertex 22.8427 -0.110947 15.3
      vertex 22.8427 -0.110947 10.3
    endloop
  endfacet
  facet normal -0.98077 0.195168 0
    outer loop
      vertex 22.8427 -0.110947 15.3
      vertex 22.821 -0.219995 10.3
      vertex 22.821 -0.219995 15.3
    endloop
  endfacet
  facet normal -0.0654231 0.997858 0
    outer loop
      vertex 22.1109 -0.842728 10.3
      vertex 22 -0.849999 15.3
      vertex 22.1109 -0.842728 15.3
    endloop
  endfacet
  facet normal -0.0654231 0.997858 0
    outer loop
      vertex 22 -0.849999 15.3
      vertex 22.1109 -0.842728 10.3
      vertex 22 -0.849999 10.3
    endloop
  endfacet
  facet normal 0.947038 0.321121 0
    outer loop
      vertex 21.2147 -0.32528 15.3
      vertex 21.179 -0.219995 10.3
      vertex 21.179 -0.219995 15.3
    endloop
  endfacet
  facet normal 0.947038 0.321121 0
    outer loop
      vertex 21.179 -0.219995 10.3
      vertex 21.2147 -0.32528 15.3
      vertex 21.2147 -0.32528 10.3
    endloop
  endfacet
  facet normal -0.831768 0.555124 0
    outer loop
      vertex 22.6744 -0.517447 10.3
      vertex 22.7361 -0.424999 15.3
      vertex 22.7361 -0.424999 10.3
    endloop
  endfacet
  facet normal -0.831768 0.555124 0
    outer loop
      vertex 22.7361 -0.424999 15.3
      vertex 22.6744 -0.517447 10.3
      vertex 22.6744 -0.517447 15.3
    endloop
  endfacet
  facet normal -0.442357 -0.896839 0
    outer loop
      vertex 22.3253 0.785297 10.3
      vertex 22.425 0.736121 15.3
      vertex 22.3253 0.785297 15.3
    endloop
  endfacet
  facet normal -0.442357 -0.896839 -0
    outer loop
      vertex 22.425 0.736121 15.3
      vertex 22.3253 0.785297 10.3
      vertex 22.425 0.736121 10.3
    endloop
  endfacet
  facet normal 0.442357 -0.896839 0
    outer loop
      vertex 21.575 0.736121 10.3
      vertex 21.6747 0.785297 15.3
      vertex 21.575 0.736121 15.3
    endloop
  endfacet
  facet normal 0.442357 -0.896839 0
    outer loop
      vertex 21.6747 0.785297 15.3
      vertex 21.575 0.736121 10.3
      vertex 21.6747 0.785297 10.3
    endloop
  endfacet
  facet normal -0.442357 0.896839 0
    outer loop
      vertex 22.425 -0.736121 10.3
      vertex 22.3253 -0.785297 15.3
      vertex 22.425 -0.736121 15.3
    endloop
  endfacet
  facet normal -0.442357 0.896839 0
    outer loop
      vertex 22.3253 -0.785297 15.3
      vertex 22.425 -0.736121 10.3
      vertex 22.3253 -0.785297 10.3
    endloop
  endfacet
  facet normal -0.321395 0.946945 0
    outer loop
      vertex 22.3253 -0.785297 10.3
      vertex 22.22 -0.821036 15.3
      vertex 22.3253 -0.785297 15.3
    endloop
  endfacet
  facet normal -0.321395 0.946945 0
    outer loop
      vertex 22.22 -0.821036 15.3
      vertex 22.3253 -0.785297 10.3
      vertex 22.22 -0.821036 10.3
    endloop
  endfacet
  facet normal 0.19501 0.980801 -0
    outer loop
      vertex 21.8891 -0.842728 10.3
      vertex 21.78 -0.821036 15.3
      vertex 21.8891 -0.842728 15.3
    endloop
  endfacet
  facet normal 0.19501 0.980801 0
    outer loop
      vertex 21.78 -0.821036 15.3
      vertex 21.8891 -0.842728 10.3
      vertex 21.78 -0.821036 10.3
    endloop
  endfacet
  facet normal 0.947038 -0.321121 0
    outer loop
      vertex 21.179 0.219995 15.3
      vertex 21.2147 0.32528 10.3
      vertex 21.2147 0.32528 15.3
    endloop
  endfacet
  facet normal 0.947038 -0.321121 0
    outer loop
      vertex 21.2147 0.32528 10.3
      vertex 21.179 0.219995 15.3
      vertex 21.179 0.219995 10.3
    endloop
  endfacet
  facet normal 0.19501 -0.980801 0
    outer loop
      vertex 21.78 0.821036 10.3
      vertex 21.8891 0.842728 15.3
      vertex 21.78 0.821036 15.3
    endloop
  endfacet
  facet normal 0.19501 -0.980801 0
    outer loop
      vertex 21.8891 0.842728 15.3
      vertex 21.78 0.821036 10.3
      vertex 21.8891 0.842728 10.3
    endloop
  endfacet
  facet normal 0.555765 -0.83134 0
    outer loop
      vertex 21.4826 0.67435 10.3
      vertex 21.575 0.736121 15.3
      vertex 21.4826 0.67435 15.3
    endloop
  endfacet
  facet normal 0.555765 -0.83134 0
    outer loop
      vertex 21.575 0.736121 15.3
      vertex 21.4826 0.67435 10.3
      vertex 21.575 0.736121 10.3
    endloop
  endfacet
  facet normal -0.555765 0.83134 0
    outer loop
      vertex 22.5174 -0.67435 10.3
      vertex 22.425 -0.736121 15.3
      vertex 22.5174 -0.67435 15.3
    endloop
  endfacet
  facet normal -0.555765 0.83134 0
    outer loop
      vertex 22.425 -0.736121 15.3
      vertex 22.5174 -0.67435 10.3
      vertex 22.425 -0.736121 10.3
    endloop
  endfacet
  facet normal -0.19501 0.980801 0
    outer loop
      vertex 22.22 -0.821036 10.3
      vertex 22.1109 -0.842728 15.3
      vertex 22.22 -0.821036 15.3
    endloop
  endfacet
  facet normal -0.19501 0.980801 0
    outer loop
      vertex 22.1109 -0.842728 15.3
      vertex 22.22 -0.821036 10.3
      vertex 22.1109 -0.842728 10.3
    endloop
  endfacet
  facet normal 0.896787 -0.442463 0
    outer loop
      vertex 21.2147 0.32528 15.3
      vertex 21.2639 0.424999 10.3
      vertex 21.2639 0.424999 15.3
    endloop
  endfacet
  facet normal 0.896787 -0.442463 0
    outer loop
      vertex 21.2639 0.424999 10.3
      vertex 21.2147 0.32528 15.3
      vertex 21.2147 0.32528 10.3
    endloop
  endfacet
  facet normal 0.831768 -0.555124 0
    outer loop
      vertex 21.2639 0.424999 15.3
      vertex 21.3256 0.517447 10.3
      vertex 21.3256 0.517447 15.3
    endloop
  endfacet
  facet normal 0.831768 -0.555124 0
    outer loop
      vertex 21.3256 0.517447 10.3
      vertex 21.2639 0.424999 15.3
      vertex 21.2639 0.424999 10.3
    endloop
  endfacet
  facet normal 0.0654231 0.997858 -0
    outer loop
      vertex 22 -0.849999 10.3
      vertex 21.8891 -0.842728 15.3
      vertex 22 -0.849999 15.3
    endloop
  endfacet
  facet normal 0.0654231 0.997858 0
    outer loop
      vertex 21.8891 -0.842728 15.3
      vertex 22 -0.849999 10.3
      vertex 21.8891 -0.842728 10.3
    endloop
  endfacet
  facet normal 0.0654231 -0.997858 0
    outer loop
      vertex 21.8891 0.842728 10.3
      vertex 22 0.849999 15.3
      vertex 21.8891 0.842728 15.3
    endloop
  endfacet
  facet normal 0.0654231 -0.997858 0
    outer loop
      vertex 22 0.849999 15.3
      vertex 21.8891 0.842728 10.3
      vertex 22 0.849999 10.3
    endloop
  endfacet
  facet normal 0.659319 -0.751863 0
    outer loop
      vertex 21.399 0.60104 10.3
      vertex 21.4826 0.67435 15.3
      vertex 21.399 0.60104 15.3
    endloop
  endfacet
  facet normal 0.659319 -0.751863 0
    outer loop
      vertex 21.4826 0.67435 15.3
      vertex 21.399 0.60104 10.3
      vertex 21.4826 0.67435 10.3
    endloop
  endfacet
  facet normal 0.659319 0.751863 -0
    outer loop
      vertex 21.4826 -0.67435 10.3
      vertex 21.399 -0.60104 15.3
      vertex 21.4826 -0.67435 15.3
    endloop
  endfacet
  facet normal 0.659319 0.751863 0
    outer loop
      vertex 21.399 -0.60104 15.3
      vertex 21.4826 -0.67435 10.3
      vertex 21.399 -0.60104 10.3
    endloop
  endfacet
  facet normal 0 0 1
    outer loop
      vertex 22.8427 0.110947 10.3
      vertex 22.8427 -0.110947 10.3
      vertex 22.85 0 10.3
    endloop
  endfacet
  facet normal 0 0 1
    outer loop
      vertex 22.821 0.219995 10.3
      vertex 22.8427 -0.110947 10.3
      vertex 22.8427 0.110947 10.3
    endloop
  endfacet
  facet normal 0 0 1
    outer loop
      vertex 22.821 0.219995 10.3
      vertex 22.821 -0.219995 10.3
      vertex 22.8427 -0.110947 10.3
    endloop
  endfacet
  facet normal 0 0 1
    outer loop
      vertex 22.7853 0.32528 10.3
      vertex 22.821 -0.219995 10.3
      vertex 22.821 0.219995 10.3
    endloop
  endfacet
  facet normal 0 0 1
    outer loop
      vertex 22.7853 0.32528 10.3
      vertex 22.7853 -0.32528 10.3
      vertex 22.821 -0.219995 10.3
    endloop
  endfacet
  facet normal 0 0 1
    outer loop
      vertex 22.7361 0.424999 10.3
      vertex 22.7853 -0.32528 10.3
      vertex 22.7853 0.32528 10.3
    endloop
  endfacet
  facet normal 0 0 1
    outer loop
      vertex 22.7361 0.424999 10.3
      vertex 22.7361 -0.424999 10.3
      vertex 22.7853 -0.32528 10.3
    endloop
  endfacet
  facet normal 0 0 1
    outer loop
      vertex 22.6744 0.517447 10.3
      vertex 22.7361 -0.424999 10.3
      vertex 22.7361 0.424999 10.3
    endloop
  endfacet
  facet normal 0 0 1
    outer loop
      vertex 22.6744 0.517447 10.3
      vertex 22.6744 -0.517447 10.3
      vertex 22.7361 -0.424999 10.3
    endloop
  endfacet
  facet normal 0 0 1
    outer loop
      vertex 22.601 0.60104 10.3
      vertex 22.6744 -0.517447 10.3
      vertex 22.6744 0.517447 10.3
    endloop
  endfacet
  facet normal 0 0 1
    outer loop
      vertex 22.601 0.60104 10.3
      vertex 22.601 -0.60104 10.3
      vertex 22.6744 -0.517447 10.3
    endloop
  endfacet
  facet normal 0 0 1
    outer loop
      vertex 22.5174 0.67435 10.3
      vertex 22.601 -0.60104 10.3
      vertex 22.601 0.60104 10.3
    endloop
  endfacet
  facet normal 0 0 1
    outer loop
      vertex 22.5174 0.67435 10.3
      vertex 22.5174 -0.67435 10.3
      vertex 22.601 -0.60104 10.3
    endloop
  endfacet
  facet normal 0 0 1
    outer loop
      vertex 22.425 0.736121 10.3
      vertex 22.5174 -0.67435 10.3
      vertex 22.5174 0.67435 10.3
    endloop
  endfacet
  facet normal 0 0 1
    outer loop
      vertex 22.425 0.736121 10.3
      vertex 22.425 -0.736121 10.3
      vertex 22.5174 -0.67435 10.3
    endloop
  endfacet
  facet normal 0 0 1
    outer loop
      vertex 22.3253 0.785297 10.3
      vertex 22.425 -0.736121 10.3
      vertex 22.425 0.736121 10.3
    endloop
  endfacet
  facet normal 0 0 1
    outer loop
      vertex 22.3253 0.785297 10.3
      vertex 22.3253 -0.785297 10.3
      vertex 22.425 -0.736121 10.3
    endloop
  endfacet
  facet normal 0 0 1
    outer loop
      vertex 22.22 0.821036 10.3
      vertex 22.3253 -0.785297 10.3
      vertex 22.3253 0.785297 10.3
    endloop
  endfacet
  facet normal 0 0 1
    outer loop
      vertex 22.22 0.821036 10.3
      vertex 22.22 -0.821036 10.3
      vertex 22.3253 -0.785297 10.3
    endloop
  endfacet
  facet normal 0 0 1
    outer loop
      vertex 22.1109 0.842728 10.3
      vertex 22.22 -0.821036 10.3
      vertex 22.22 0.821036 10.3
    endloop
  endfacet
  facet normal 0 0 1
    outer loop
      vertex 22.1109 0.842728 10.3
      vertex 22.1109 -0.842728 10.3
      vertex 22.22 -0.821036 10.3
    endloop
  endfacet
  facet normal 0 0 1
    outer loop
      vertex 22 0.849999 10.3
      vertex 22.1109 -0.842728 10.3
      vertex 22.1109 0.842728 10.3
    endloop
  endfacet
  facet normal 0 0 1
    outer loop
      vertex 22 0.849999 10.3
      vertex 22 -0.849999 10.3
      vertex 22.1109 -0.842728 10.3
    endloop
  endfacet
  facet normal -0 0 1
    outer loop
      vertex 21.8891 0.842728 10.3
      vertex 22 -0.849999 10.3
      vertex 22 0.849999 10.3
    endloop
  endfacet
  facet normal 0 0 1
    outer loop
      vertex 21.8891 0.842728 10.3
      vertex 21.8891 -0.842728 10.3
      vertex 22 -0.849999 10.3
    endloop
  endfacet
  facet normal -0 0 1
    outer loop
      vertex 21.78 0.821036 10.3
      vertex 21.8891 -0.842728 10.3
      vertex 21.8891 0.842728 10.3
    endloop
  endfacet
  facet normal 0 0 1
    outer loop
      vertex 21.78 0.821036 10.3
      vertex 21.78 -0.821036 10.3
      vertex 21.8891 -0.842728 10.3
    endloop
  endfacet
  facet normal -0 0 1
    outer loop
      vertex 21.6747 0.785297 10.3
      vertex 21.78 -0.821036 10.3
      vertex 21.78 0.821036 10.3
    endloop
  endfacet
  facet normal 0 0 1
    outer loop
      vertex 21.6747 0.785297 10.3
      vertex 21.6747 -0.785297 10.3
      vertex 21.78 -0.821036 10.3
    endloop
  endfacet
  facet normal -0 0 1
    outer loop
      vertex 21.575 0.736121 10.3
      vertex 21.6747 -0.785297 10.3
      vertex 21.6747 0.785297 10.3
    endloop
  endfacet
  facet normal 0 0 1
    outer loop
      vertex 21.575 0.736121 10.3
      vertex 21.575 -0.736121 10.3
      vertex 21.6747 -0.785297 10.3
    endloop
  endfacet
  facet normal -0 0 1
    outer loop
      vertex 21.4826 0.67435 10.3
      vertex 21.575 -0.736121 10.3
      vertex 21.575 0.736121 10.3
    endloop
  endfacet
  facet normal 0 0 1
    outer loop
      vertex 21.4826 0.67435 10.3
      vertex 21.4826 -0.67435 10.3
      vertex 21.575 -0.736121 10.3
    endloop
  endfacet
  facet normal -0 0 1
    outer loop
      vertex 21.399 0.60104 10.3
      vertex 21.4826 -0.67435 10.3
      vertex 21.4826 0.67435 10.3
    endloop
  endfacet
  facet normal 0 0 1
    outer loop
      vertex 21.399 0.60104 10.3
      vertex 21.399 -0.60104 10.3
      vertex 21.4826 -0.67435 10.3
    endloop
  endfacet
  facet normal -0 0 1
    outer loop
      vertex 21.3256 0.517447 10.3
      vertex 21.399 -0.60104 10.3
      vertex 21.399 0.60104 10.3
    endloop
  endfacet
  facet normal 0 0 1
    outer loop
      vertex 21.3256 0.517447 10.3
      vertex 21.3256 -0.517447 10.3
      vertex 21.399 -0.60104 10.3
    endloop
  endfacet
  facet normal -0 0 1
    outer loop
      vertex 21.2639 0.424999 10.3
      vertex 21.3256 -0.517447 10.3
      vertex 21.3256 0.517447 10.3
    endloop
  endfacet
  facet normal 0 0 1
    outer loop
      vertex 21.2639 0.424999 10.3
      vertex 21.2639 -0.424999 10.3
      vertex 21.3256 -0.517447 10.3
    endloop
  endfacet
  facet normal -0 0 1
    outer loop
      vertex 21.2147 0.32528 10.3
      vertex 21.2639 -0.424999 10.3
      vertex 21.2639 0.424999 10.3
    endloop
  endfacet
  facet normal 0 0 1
    outer loop
      vertex 21.2147 0.32528 10.3
      vertex 21.2147 -0.32528 10.3
      vertex 21.2639 -0.424999 10.3
    endloop
  endfacet
  facet normal -0 0 1
    outer loop
      vertex 21.179 0.219995 10.3
      vertex 21.2147 -0.32528 10.3
      vertex 21.2147 0.32528 10.3
    endloop
  endfacet
  facet normal 0 0 1
    outer loop
      vertex 21.179 0.219995 10.3
      vertex 21.179 -0.219995 10.3
      vertex 21.2147 -0.32528 10.3
    endloop
  endfacet
  facet normal -0 0 1
    outer loop
      vertex 21.1573 0.110947 10.3
      vertex 21.179 -0.219995 10.3
      vertex 21.179 0.219995 10.3
    endloop
  endfacet
  facet normal 0 0 1
    outer loop
      vertex 21.1573 0.110947 10.3
      vertex 21.1573 -0.110947 10.3
      vertex 21.179 -0.219995 10.3
    endloop
  endfacet
  facet normal 0 -0 1
    outer loop
      vertex 21.1573 -0.110947 10.3
      vertex 21.1573 0.110947 10.3
      vertex 21.15 0 10.3
    endloop
  endfacet
  facet normal 0.751435 -0.659808 0
    outer loop
      vertex 21.3256 0.517447 15.3
      vertex 21.399 0.60104 10.3
      vertex 21.399 0.60104 15.3
    endloop
  endfacet
  facet normal 0.751435 -0.659808 0
    outer loop
      vertex 21.399 0.60104 10.3
      vertex 21.3256 0.517447 15.3
      vertex 21.3256 0.517447 10.3
    endloop
  endfacet
  facet normal -0.751435 0.659808 0
    outer loop
      vertex 22.601 -0.60104 10.3
      vertex 22.6744 -0.517447 15.3
      vertex 22.6744 -0.517447 10.3
    endloop
  endfacet
  facet normal -0.751435 0.659808 0
    outer loop
      vertex 22.6744 -0.517447 15.3
      vertex 22.601 -0.60104 10.3
      vertex 22.601 -0.60104 15.3
    endloop
  endfacet
  facet normal -0.896787 0.442463 0
    outer loop
      vertex 22.7361 -0.424999 10.3
      vertex 22.7853 -0.32528 15.3
      vertex 22.7853 -0.32528 10.3
    endloop
  endfacet
  facet normal -0.896787 0.442463 0
    outer loop
      vertex 22.7853 -0.32528 15.3
      vertex 22.7361 -0.424999 10.3
      vertex 22.7361 -0.424999 15.3
    endloop
  endfacet
  facet normal 0.555765 0.83134 -0
    outer loop
      vertex 21.575 -0.736121 10.3
      vertex 21.4826 -0.67435 15.3
      vertex 21.575 -0.736121 15.3
    endloop
  endfacet
  facet normal 0.555765 0.83134 0
    outer loop
      vertex 21.4826 -0.67435 15.3
      vertex 21.575 -0.736121 10.3
      vertex 21.4826 -0.67435 10.3
    endloop
  endfacet
  facet normal 0.98077 -0.195168 0
    outer loop
      vertex 21.1573 0.110947 15.3
      vertex 21.179 0.219995 10.3
      vertex 21.179 0.219995 15.3
    endloop
  endfacet
  facet normal 0.98077 -0.195168 0
    outer loop
      vertex 21.179 0.219995 10.3
      vertex 21.1573 0.110947 15.3
      vertex 21.1573 0.110947 10.3
    endloop
  endfacet
  facet normal -0.0654231 -0.997858 0
    outer loop
      vertex 22 0.849999 10.3
      vertex 22.1109 0.842728 15.3
      vertex 22 0.849999 15.3
    endloop
  endfacet
  facet normal -0.0654231 -0.997858 -0
    outer loop
      vertex 22.1109 0.842728 15.3
      vertex 22 0.849999 10.3
      vertex 22.1109 0.842728 10.3
    endloop
  endfacet
  facet normal -0.555765 -0.83134 0
    outer loop
      vertex 22.425 0.736121 10.3
      vertex 22.5174 0.67435 15.3
      vertex 22.425 0.736121 15.3
    endloop
  endfacet
  facet normal -0.555765 -0.83134 -0
    outer loop
      vertex 22.5174 0.67435 15.3
      vertex 22.425 0.736121 10.3
      vertex 22.5174 0.67435 10.3
    endloop
  endfacet
  facet normal 0.321395 -0.946945 0
    outer loop
      vertex 21.6747 0.785297 10.3
      vertex 21.78 0.821036 15.3
      vertex 21.6747 0.785297 15.3
    endloop
  endfacet
  facet normal 0.321395 -0.946945 0
    outer loop
      vertex 21.78 0.821036 15.3
      vertex 21.6747 0.785297 10.3
      vertex 21.78 0.821036 10.3
    endloop
  endfacet
  facet normal 0.997842 -0.0656552 0
    outer loop
      vertex 21.15 0 15.3
      vertex 21.1573 0.110947 10.3
      vertex 21.1573 0.110947 15.3
    endloop
  endfacet
  facet normal 0.997842 -0.0656552 0
    outer loop
      vertex 21.1573 0.110947 10.3
      vertex 21.15 0 15.3
      vertex 21.15 0 10.3
    endloop
  endfacet
  facet normal -0.659319 -0.751863 0
    outer loop
      vertex 22.5174 0.67435 10.3
      vertex 22.601 0.60104 15.3
      vertex 22.5174 0.67435 15.3
    endloop
  endfacet
  facet normal -0.659319 -0.751863 -0
    outer loop
      vertex 22.601 0.60104 15.3
      vertex 22.5174 0.67435 10.3
      vertex 22.601 0.60104 10.3
    endloop
  endfacet
  facet normal 0.442357 0.896839 -0
    outer loop
      vertex 21.6747 -0.785297 10.3
      vertex 21.575 -0.736121 15.3
      vertex 21.6747 -0.785297 15.3
    endloop
  endfacet
  facet normal 0.442357 0.896839 0
    outer loop
      vertex 21.575 -0.736121 15.3
      vertex 21.6747 -0.785297 10.3
      vertex 21.575 -0.736121 10.3
    endloop
  endfacet
  facet normal -0.659319 0.751863 0
    outer loop
      vertex 22.601 -0.60104 10.3
      vertex 22.5174 -0.67435 15.3
      vertex 22.601 -0.60104 15.3
    endloop
  endfacet
  facet normal -0.659319 0.751863 0
    outer loop
      vertex 22.5174 -0.67435 15.3
      vertex 22.601 -0.60104 10.3
      vertex 22.5174 -0.67435 10.3
    endloop
  endfacet
  facet normal 0.831768 0.555124 0
    outer loop
      vertex 21.3256 -0.517447 15.3
      vertex 21.2639 -0.424999 10.3
      vertex 21.2639 -0.424999 15.3
    endloop
  endfacet
  facet normal 0.831768 0.555124 0
    outer loop
      vertex 21.2639 -0.424999 10.3
      vertex 21.3256 -0.517447 15.3
      vertex 21.3256 -0.517447 10.3
    endloop
  endfacet
  facet normal 0.896787 0.442463 0
    outer loop
      vertex 21.2639 -0.424999 15.3
      vertex 21.2147 -0.32528 10.3
      vertex 21.2147 -0.32528 15.3
    endloop
  endfacet
  facet normal 0.896787 0.442463 0
    outer loop
      vertex 21.2147 -0.32528 10.3
      vertex 21.2639 -0.424999 15.3
      vertex 21.2639 -0.424999 10.3
    endloop
  endfacet
  facet normal -0.98077 -0.195165 0
    outer loop
      vertex -21.3145 -15.7781 0
      vertex -21.3579 -15.56 22
      vertex -21.3579 -15.56 0
    endloop
  endfacet
  facet normal -0.98077 -0.195165 0
    outer loop
      vertex -21.3579 -15.56 22
      vertex -21.3145 -15.7781 0
      vertex -21.3145 -15.7781 22
    endloop
  endfacet
  facet normal -0.997872 -0.0652057 0
    outer loop
      vertex -21.3 -16 0
      vertex -21.3145 -15.7781 22
      vertex -21.3145 -15.7781 0
    endloop
  endfacet
  facet normal -0.997872 -0.0652057 0
    outer loop
      vertex -21.3145 -15.7781 22
      vertex -21.3 -16 0
      vertex -21.3 -16 22
    endloop
  endfacet
  facet normal -0.0652057 0.997872 0
    outer loop
      vertex -22.7781 -17.6855 0
      vertex -23 -17.7 22
      vertex -22.7781 -17.6855 22
    endloop
  endfacet
  facet normal -0.0652057 0.997872 0
    outer loop
      vertex -23 -17.7 22
      vertex -22.7781 -17.6855 0
      vertex -23 -17.7 0
    endloop
  endfacet
  facet normal 0.659268 -0.751908 0
    outer loop
      vertex -24.2021 -14.7979 0
      vertex -24.0349 -14.6513 22
      vertex -24.2021 -14.7979 22
    endloop
  endfacet
  facet normal 0.659268 -0.751908 0
    outer loop
      vertex -24.0349 -14.6513 22
      vertex -24.2021 -14.7979 0
      vertex -24.0349 -14.6513 0
    endloop
  endfacet
  facet normal 0.831566 0.555426 0
    outer loop
      vertex -24.3487 -17.0349 22
      vertex -24.4722 -16.85 0
      vertex -24.4722 -16.85 22
    endloop
  endfacet
  facet normal 0.831566 0.555426 0
    outer loop
      vertex -24.4722 -16.85 0
      vertex -24.3487 -17.0349 22
      vertex -24.3487 -17.0349 0
    endloop
  endfacet
  facet normal 0.195165 0.98077 -0
    outer loop
      vertex -23.2219 -17.6855 0
      vertex -23.44 -17.6421 22
      vertex -23.2219 -17.6855 22
    endloop
  endfacet
  facet normal 0.195165 0.98077 0
    outer loop
      vertex -23.44 -17.6421 22
      vertex -23.2219 -17.6855 0
      vertex -23.44 -17.6421 0
    endloop
  endfacet
  facet normal -0.659268 -0.751908 0
    outer loop
      vertex -21.9651 -14.6513 0
      vertex -21.7979 -14.7979 22
      vertex -21.9651 -14.6513 22
    endloop
  endfacet
  facet normal -0.659268 -0.751908 -0
    outer loop
      vertex -21.7979 -14.7979 22
      vertex -21.9651 -14.6513 0
      vertex -21.7979 -14.7979 0
    endloop
  endfacet
  facet normal -0.946915 0.321484 0
    outer loop
      vertex -21.4294 -16.6506 0
      vertex -21.3579 -16.44 22
      vertex -21.3579 -16.44 0
    endloop
  endfacet
  facet normal -0.946915 0.321484 0
    outer loop
      vertex -21.3579 -16.44 22
      vertex -21.4294 -16.6506 0
      vertex -21.4294 -16.6506 22
    endloop
  endfacet
  facet normal -0.751908 0.659268 0
    outer loop
      vertex -21.7979 -17.2021 0
      vertex -21.6513 -17.0349 22
      vertex -21.6513 -17.0349 0
    endloop
  endfacet
  facet normal -0.751908 0.659268 0
    outer loop
      vertex -21.6513 -17.0349 22
      vertex -21.7979 -17.2021 0
      vertex -21.7979 -17.2021 22
    endloop
  endfacet
  facet normal -0.751908 -0.659268 0
    outer loop
      vertex -21.6513 -14.9651 0
      vertex -21.7979 -14.7979 22
      vertex -21.7979 -14.7979 0
    endloop
  endfacet
  facet normal -0.751908 -0.659268 0
    outer loop
      vertex -21.7979 -14.7979 22
      vertex -21.6513 -14.9651 0
      vertex -21.6513 -14.9651 22
    endloop
  endfacet
  facet normal 0.946915 0.321484 0
    outer loop
      vertex -24.5706 -16.6506 22
      vertex -24.6421 -16.44 0
      vertex -24.6421 -16.44 22
    endloop
  endfacet
  facet normal 0.946915 0.321484 0
    outer loop
      vertex -24.6421 -16.44 0
      vertex -24.5706 -16.6506 22
      vertex -24.5706 -16.6506 0
    endloop
  endfacet
  facet normal -0.321484 0.946915 0
    outer loop
      vertex -22.3494 -17.5706 0
      vertex -22.56 -17.6421 22
      vertex -22.3494 -17.5706 22
    endloop
  endfacet
  facet normal -0.321484 0.946915 0
    outer loop
      vertex -22.56 -17.6421 22
      vertex -22.3494 -17.5706 0
      vertex -22.56 -17.6421 0
    endloop
  endfacet
  facet normal 0.0652057 0.997872 -0
    outer loop
      vertex -23 -17.7 0
      vertex -23.2219 -17.6855 22
      vertex -23 -17.7 22
    endloop
  endfacet
  facet normal 0.0652057 0.997872 0
    outer loop
      vertex -23.2219 -17.6855 22
      vertex -23 -17.7 0
      vertex -23.2219 -17.6855 0
    endloop
  endfacet
  facet normal 0.321484 -0.946915 0
    outer loop
      vertex -23.6506 -14.4294 0
      vertex -23.44 -14.3579 22
      vertex -23.6506 -14.4294 22
    endloop
  endfacet
  facet normal 0.321484 -0.946915 0
    outer loop
      vertex -23.44 -14.3579 22
      vertex -23.6506 -14.4294 0
      vertex -23.44 -14.3579 0
    endloop
  endfacet
  facet normal -0.946915 -0.321484 0
    outer loop
      vertex -21.3579 -15.56 0
      vertex -21.4294 -15.3494 22
      vertex -21.4294 -15.3494 0
    endloop
  endfacet
  facet normal -0.946915 -0.321484 0
    outer loop
      vertex -21.4294 -15.3494 22
      vertex -21.3579 -15.56 0
      vertex -21.3579 -15.56 22
    endloop
  endfacet
  facet normal 0.751908 -0.659268 0
    outer loop
      vertex -24.3487 -14.9651 22
      vertex -24.2021 -14.7979 0
      vertex -24.2021 -14.7979 22
    endloop
  endfacet
  facet normal 0.751908 -0.659268 0
    outer loop
      vertex -24.2021 -14.7979 0
      vertex -24.3487 -14.9651 22
      vertex -24.3487 -14.9651 0
    endloop
  endfacet
  facet normal 0.44253 0.896754 -0
    outer loop
      vertex -23.6506 -17.5706 0
      vertex -23.85 -17.4722 22
      vertex -23.6506 -17.5706 22
    endloop
  endfacet
  facet normal 0.44253 0.896754 0
    outer loop
      vertex -23.85 -17.4722 22
      vertex -23.6506 -17.5706 0
      vertex -23.85 -17.4722 0
    endloop
  endfacet
  facet normal 0.0652057 -0.997872 0
    outer loop
      vertex -23.2219 -14.3145 0
      vertex -23 -14.3 22
      vertex -23.2219 -14.3145 22
    endloop
  endfacet
  facet normal 0.0652057 -0.997872 0
    outer loop
      vertex -23 -14.3 22
      vertex -23.2219 -14.3145 0
      vertex -23 -14.3 0
    endloop
  endfacet
  facet normal -0.896754 0.44253 0
    outer loop
      vertex -21.5278 -16.85 0
      vertex -21.4294 -16.6506 22
      vertex -21.4294 -16.6506 0
    endloop
  endfacet
  facet normal -0.896754 0.44253 0
    outer loop
      vertex -21.4294 -16.6506 22
      vertex -21.5278 -16.85 0
      vertex -21.5278 -16.85 22
    endloop
  endfacet
  facet normal -0.555426 0.831566 0
    outer loop
      vertex -21.9651 -17.3487 0
      vertex -22.15 -17.4722 22
      vertex -21.9651 -17.3487 22
    endloop
  endfacet
  facet normal -0.555426 0.831566 0
    outer loop
      vertex -22.15 -17.4722 22
      vertex -21.9651 -17.3487 0
      vertex -22.15 -17.4722 0
    endloop
  endfacet
  facet normal 0.98077 0.195165 0
    outer loop
      vertex -24.6421 -16.44 22
      vertex -24.6855 -16.2219 0
      vertex -24.6855 -16.2219 22
    endloop
  endfacet
  facet normal 0.98077 0.195165 0
    outer loop
      vertex -24.6855 -16.2219 0
      vertex -24.6421 -16.44 22
      vertex -24.6421 -16.44 0
    endloop
  endfacet
  facet normal -0.195165 -0.98077 0
    outer loop
      vertex -22.7781 -14.3145 0
      vertex -22.56 -14.3579 22
      vertex -22.7781 -14.3145 22
    endloop
  endfacet
  facet normal -0.195165 -0.98077 -0
    outer loop
      vertex -22.56 -14.3579 22
      vertex -22.7781 -14.3145 0
      vertex -22.56 -14.3579 0
    endloop
  endfacet
  facet normal -0.831566 -0.555426 0
    outer loop
      vertex -21.5278 -15.15 0
      vertex -21.6513 -14.9651 22
      vertex -21.6513 -14.9651 0
    endloop
  endfacet
  facet normal -0.831566 -0.555426 0
    outer loop
      vertex -21.6513 -14.9651 22
      vertex -21.5278 -15.15 0
      vertex -21.5278 -15.15 22
    endloop
  endfacet
  facet normal -0.997872 0.0652057 0
    outer loop
      vertex -21.3145 -16.2219 0
      vertex -21.3 -16 22
      vertex -21.3 -16 0
    endloop
  endfacet
  facet normal -0.997872 0.0652057 0
    outer loop
      vertex -21.3 -16 22
      vertex -21.3145 -16.2219 0
      vertex -21.3145 -16.2219 22
    endloop
  endfacet
  facet normal -0.321484 -0.946915 0
    outer loop
      vertex -22.56 -14.3579 0
      vertex -22.3494 -14.4294 22
      vertex -22.56 -14.3579 22
    endloop
  endfacet
  facet normal -0.321484 -0.946915 -0
    outer loop
      vertex -22.3494 -14.4294 22
      vertex -22.56 -14.3579 0
      vertex -22.3494 -14.4294 0
    endloop
  endfacet
  facet normal -0.555426 -0.831566 0
    outer loop
      vertex -22.15 -14.5278 0
      vertex -21.9651 -14.6513 22
      vertex -22.15 -14.5278 22
    endloop
  endfacet
  facet normal -0.555426 -0.831566 -0
    outer loop
      vertex -21.9651 -14.6513 22
      vertex -22.15 -14.5278 0
      vertex -21.9651 -14.6513 0
    endloop
  endfacet
  facet normal 0.195165 -0.98077 0
    outer loop
      vertex -23.44 -14.3579 0
      vertex -23.2219 -14.3145 22
      vertex -23.44 -14.3579 22
    endloop
  endfacet
  facet normal 0.195165 -0.98077 0
    outer loop
      vertex -23.2219 -14.3145 22
      vertex -23.44 -14.3579 0
      vertex -23.2219 -14.3145 0
    endloop
  endfacet
  facet normal -0.659268 0.751908 0
    outer loop
      vertex -21.7979 -17.2021 0
      vertex -21.9651 -17.3487 22
      vertex -21.7979 -17.2021 22
    endloop
  endfacet
  facet normal -0.659268 0.751908 0
    outer loop
      vertex -21.9651 -17.3487 22
      vertex -21.7979 -17.2021 0
      vertex -21.9651 -17.3487 0
    endloop
  endfacet
  facet normal 0.896754 -0.44253 0
    outer loop
      vertex -24.5706 -15.3494 22
      vertex -24.4722 -15.15 0
      vertex -24.4722 -15.15 22
    endloop
  endfacet
  facet normal 0.896754 -0.44253 0
    outer loop
      vertex -24.4722 -15.15 0
      vertex -24.5706 -15.3494 22
      vertex -24.5706 -15.3494 0
    endloop
  endfacet
  facet normal -0.98077 0.195165 0
    outer loop
      vertex -21.3579 -16.44 0
      vertex -21.3145 -16.2219 22
      vertex -21.3145 -16.2219 0
    endloop
  endfacet
  facet normal -0.98077 0.195165 0
    outer loop
      vertex -21.3145 -16.2219 22
      vertex -21.3579 -16.44 0
      vertex -21.3579 -16.44 22
    endloop
  endfacet
  facet normal -0.195165 0.98077 0
    outer loop
      vertex -22.56 -17.6421 0
      vertex -22.7781 -17.6855 22
      vertex -22.56 -17.6421 22
    endloop
  endfacet
  facet normal -0.195165 0.98077 0
    outer loop
      vertex -22.7781 -17.6855 22
      vertex -22.56 -17.6421 0
      vertex -22.7781 -17.6855 0
    endloop
  endfacet
  facet normal 0.659268 0.751908 -0
    outer loop
      vertex -24.0349 -17.3487 0
      vertex -24.2021 -17.2021 22
      vertex -24.0349 -17.3487 22
    endloop
  endfacet
  facet normal 0.659268 0.751908 0
    outer loop
      vertex -24.2021 -17.2021 22
      vertex -24.0349 -17.3487 0
      vertex -24.2021 -17.2021 0
    endloop
  endfacet
  facet normal 0.751908 0.659268 0
    outer loop
      vertex -24.2021 -17.2021 22
      vertex -24.3487 -17.0349 0
      vertex -24.3487 -17.0349 22
    endloop
  endfacet
  facet normal 0.751908 0.659268 0
    outer loop
      vertex -24.3487 -17.0349 0
      vertex -24.2021 -17.2021 22
      vertex -24.2021 -17.2021 0
    endloop
  endfacet
  facet normal -0.0652057 -0.997872 0
    outer loop
      vertex -23 -14.3 0
      vertex -22.7781 -14.3145 22
      vertex -23 -14.3 22
    endloop
  endfacet
  facet normal -0.0652057 -0.997872 -0
    outer loop
      vertex -22.7781 -14.3145 22
      vertex -23 -14.3 0
      vertex -22.7781 -14.3145 0
    endloop
  endfacet
  facet normal -0.44253 -0.896754 0
    outer loop
      vertex -22.3494 -14.4294 0
      vertex -22.15 -14.5278 22
      vertex -22.3494 -14.4294 22
    endloop
  endfacet
  facet normal -0.44253 -0.896754 -0
    outer loop
      vertex -22.15 -14.5278 22
      vertex -22.3494 -14.4294 0
      vertex -22.15 -14.5278 0
    endloop
  endfacet
  facet normal -0.831566 0.555426 0
    outer loop
      vertex -21.6513 -17.0349 0
      vertex -21.5278 -16.85 22
      vertex -21.5278 -16.85 0
    endloop
  endfacet
  facet normal -0.831566 0.555426 0
    outer loop
      vertex -21.5278 -16.85 22
      vertex -21.6513 -17.0349 0
      vertex -21.6513 -17.0349 22
    endloop
  endfacet
  facet normal 0.997872 0.0652057 0
    outer loop
      vertex -24.6855 -16.2219 22
      vertex -24.7 -16 0
      vertex -24.7 -16 22
    endloop
  endfacet
  facet normal 0.997872 0.0652057 0
    outer loop
      vertex -24.7 -16 0
      vertex -24.6855 -16.2219 22
      vertex -24.6855 -16.2219 0
    endloop
  endfacet
  facet normal -0.44253 0.896754 0
    outer loop
      vertex -22.15 -17.4722 0
      vertex -22.3494 -17.5706 22
      vertex -22.15 -17.4722 22
    endloop
  endfacet
  facet normal -0.44253 0.896754 0
    outer loop
      vertex -22.3494 -17.5706 22
      vertex -22.15 -17.4722 0
      vertex -22.3494 -17.5706 0
    endloop
  endfacet
  facet normal 0.98077 -0.195165 0
    outer loop
      vertex -24.6855 -15.7781 22
      vertex -24.6421 -15.56 0
      vertex -24.6421 -15.56 22
    endloop
  endfacet
  facet normal 0.98077 -0.195165 0
    outer loop
      vertex -24.6421 -15.56 0
      vertex -24.6855 -15.7781 22
      vertex -24.6855 -15.7781 0
    endloop
  endfacet
  facet normal 0.896754 0.44253 0
    outer loop
      vertex -24.4722 -16.85 22
      vertex -24.5706 -16.6506 0
      vertex -24.5706 -16.6506 22
    endloop
  endfacet
  facet normal 0.896754 0.44253 0
    outer loop
      vertex -24.5706 -16.6506 0
      vertex -24.4722 -16.85 22
      vertex -24.4722 -16.85 0
    endloop
  endfacet
  facet normal 0.946915 -0.321484 0
    outer loop
      vertex -24.6421 -15.56 22
      vertex -24.5706 -15.3494 0
      vertex -24.5706 -15.3494 22
    endloop
  endfacet
  facet normal 0.946915 -0.321484 0
    outer loop
      vertex -24.5706 -15.3494 0
      vertex -24.6421 -15.56 22
      vertex -24.6421 -15.56 0
    endloop
  endfacet
  facet normal 0.555426 -0.831566 0
    outer loop
      vertex -24.0349 -14.6513 0
      vertex -23.85 -14.5278 22
      vertex -24.0349 -14.6513 22
    endloop
  endfacet
  facet normal 0.555426 -0.831566 0
    outer loop
      vertex -23.85 -14.5278 22
      vertex -24.0349 -14.6513 0
      vertex -23.85 -14.5278 0
    endloop
  endfacet
  facet normal -0.896754 -0.44253 0
    outer loop
      vertex -21.4294 -15.3494 0
      vertex -21.5278 -15.15 22
      vertex -21.5278 -15.15 0
    endloop
  endfacet
  facet normal -0.896754 -0.44253 0
    outer loop
      vertex -21.5278 -15.15 22
      vertex -21.4294 -15.3494 0
      vertex -21.4294 -15.3494 22
    endloop
  endfacet
  facet normal 0.997872 -0.0652057 0
    outer loop
      vertex -24.7 -16 22
      vertex -24.6855 -15.7781 0
      vertex -24.6855 -15.7781 22
    endloop
  endfacet
  facet normal 0.997872 -0.0652057 0
    outer loop
      vertex -24.6855 -15.7781 0
      vertex -24.7 -16 22
      vertex -24.7 -16 0
    endloop
  endfacet
  facet normal 0.321484 0.946915 -0
    outer loop
      vertex -23.44 -17.6421 0
      vertex -23.6506 -17.5706 22
      vertex -23.44 -17.6421 22
    endloop
  endfacet
  facet normal 0.321484 0.946915 0
    outer loop
      vertex -23.6506 -17.5706 22
      vertex -23.44 -17.6421 0
      vertex -23.6506 -17.5706 0
    endloop
  endfacet
  facet normal 0.44253 -0.896754 0
    outer loop
      vertex -23.85 -14.5278 0
      vertex -23.6506 -14.4294 22
      vertex -23.85 -14.5278 22
    endloop
  endfacet
  facet normal 0.44253 -0.896754 0
    outer loop
      vertex -23.6506 -14.4294 22
      vertex -23.85 -14.5278 0
      vertex -23.6506 -14.4294 0
    endloop
  endfacet
  facet normal 0.831566 -0.555426 0
    outer loop
      vertex -24.4722 -15.15 22
      vertex -24.3487 -14.9651 0
      vertex -24.3487 -14.9651 22
    endloop
  endfacet
  facet normal 0.831566 -0.555426 0
    outer loop
      vertex -24.3487 -14.9651 0
      vertex -24.4722 -15.15 22
      vertex -24.4722 -15.15 0
    endloop
  endfacet
  facet normal 0.555426 0.831566 -0
    outer loop
      vertex -23.85 -17.4722 0
      vertex -24.0349 -17.3487 22
      vertex -23.85 -17.4722 22
    endloop
  endfacet
  facet normal 0.555426 0.831566 0
    outer loop
      vertex -24.0349 -17.3487 22
      vertex -23.85 -17.4722 0
      vertex -24.0349 -17.3487 0
    endloop
  endfacet
  facet normal -0.98077 -0.195165 0
    outer loop
      vertex -21.3145 16.2219 0
      vertex -21.3579 16.44 22
      vertex -21.3579 16.44 0
    endloop
  endfacet
  facet normal -0.98077 -0.195165 0
    outer loop
      vertex -21.3579 16.44 22
      vertex -21.3145 16.2219 0
      vertex -21.3145 16.2219 22
    endloop
  endfacet
  facet normal -0.997872 -0.0652057 0
    outer loop
      vertex -21.3 16 0
      vertex -21.3145 16.2219 22
      vertex -21.3145 16.2219 0
    endloop
  endfacet
  facet normal -0.997872 -0.0652057 0
    outer loop
      vertex -21.3145 16.2219 22
      vertex -21.3 16 0
      vertex -21.3 16 22
    endloop
  endfacet
  facet normal 0.44253 -0.896754 0
    outer loop
      vertex -23.85 17.4722 0
      vertex -23.6506 17.5706 22
      vertex -23.85 17.4722 22
    endloop
  endfacet
  facet normal 0.44253 -0.896754 0
    outer loop
      vertex -23.6506 17.5706 22
      vertex -23.85 17.4722 0
      vertex -23.6506 17.5706 0
    endloop
  endfacet
  facet normal -0.555426 -0.831566 0
    outer loop
      vertex -22.15 17.4722 0
      vertex -21.9651 17.3487 22
      vertex -22.15 17.4722 22
    endloop
  endfacet
  facet normal -0.555426 -0.831566 -0
    outer loop
      vertex -21.9651 17.3487 22
      vertex -22.15 17.4722 0
      vertex -21.9651 17.3487 0
    endloop
  endfacet
  facet normal 0.659268 -0.751908 0
    outer loop
      vertex -24.2021 17.2021 0
      vertex -24.0349 17.3487 22
      vertex -24.2021 17.2021 22
    endloop
  endfacet
  facet normal 0.659268 -0.751908 0
    outer loop
      vertex -24.0349 17.3487 22
      vertex -24.2021 17.2021 0
      vertex -24.0349 17.3487 0
    endloop
  endfacet
  facet normal -0.321484 0.946915 0
    outer loop
      vertex -22.3494 14.4294 0
      vertex -22.56 14.3579 22
      vertex -22.3494 14.4294 22
    endloop
  endfacet
  facet normal -0.321484 0.946915 0
    outer loop
      vertex -22.56 14.3579 22
      vertex -22.3494 14.4294 0
      vertex -22.56 14.3579 0
    endloop
  endfacet
  facet normal -0.831566 0.555426 0
    outer loop
      vertex -21.6513 14.9651 0
      vertex -21.5278 15.15 22
      vertex -21.5278 15.15 0
    endloop
  endfacet
  facet normal -0.831566 0.555426 0
    outer loop
      vertex -21.5278 15.15 22
      vertex -21.6513 14.9651 0
      vertex -21.6513 14.9651 22
    endloop
  endfacet
  facet normal -0.946915 0.321484 0
    outer loop
      vertex -21.4294 15.3494 0
      vertex -21.3579 15.56 22
      vertex -21.3579 15.56 0
    endloop
  endfacet
  facet normal -0.946915 0.321484 0
    outer loop
      vertex -21.3579 15.56 22
      vertex -21.4294 15.3494 0
      vertex -21.4294 15.3494 22
    endloop
  endfacet
  facet normal -0.321484 -0.946915 0
    outer loop
      vertex -22.56 17.6421 0
      vertex -22.3494 17.5706 22
      vertex -22.56 17.6421 22
    endloop
  endfacet
  facet normal -0.321484 -0.946915 -0
    outer loop
      vertex -22.3494 17.5706 22
      vertex -22.56 17.6421 0
      vertex -22.3494 17.5706 0
    endloop
  endfacet
  facet normal -0.195165 -0.98077 0
    outer loop
      vertex -22.7781 17.6855 0
      vertex -22.56 17.6421 22
      vertex -22.7781 17.6855 22
    endloop
  endfacet
  facet normal -0.195165 -0.98077 -0
    outer loop
      vertex -22.56 17.6421 22
      vertex -22.7781 17.6855 0
      vertex -22.56 17.6421 0
    endloop
  endfacet
  facet normal 0.555426 -0.831566 0
    outer loop
      vertex -24.0349 17.3487 0
      vertex -23.85 17.4722 22
      vertex -24.0349 17.3487 22
    endloop
  endfacet
  facet normal 0.555426 -0.831566 0
    outer loop
      vertex -23.85 17.4722 22
      vertex -24.0349 17.3487 0
      vertex -23.85 17.4722 0
    endloop
  endfacet
  facet normal -0.896754 0.44253 0
    outer loop
      vertex -21.5278 15.15 0
      vertex -21.4294 15.3494 22
      vertex -21.4294 15.3494 0
    endloop
  endfacet
  facet normal -0.896754 0.44253 0
    outer loop
      vertex -21.4294 15.3494 22
      vertex -21.5278 15.15 0
      vertex -21.5278 15.15 22
    endloop
  endfacet
  facet normal -0.659268 -0.751908 0
    outer loop
      vertex -21.9651 17.3487 0
      vertex -21.7979 17.2021 22
      vertex -21.9651 17.3487 22
    endloop
  endfacet
  facet normal -0.659268 -0.751908 -0
    outer loop
      vertex -21.7979 17.2021 22
      vertex -21.9651 17.3487 0
      vertex -21.7979 17.2021 0
    endloop
  endfacet
  facet normal -0.555426 0.831566 0
    outer loop
      vertex -21.9651 14.6513 0
      vertex -22.15 14.5278 22
      vertex -21.9651 14.6513 22
    endloop
  endfacet
  facet normal -0.555426 0.831566 0
    outer loop
      vertex -22.15 14.5278 22
      vertex -21.9651 14.6513 0
      vertex -22.15 14.5278 0
    endloop
  endfacet
  facet normal -0.44253 -0.896754 0
    outer loop
      vertex -22.3494 17.5706 0
      vertex -22.15 17.4722 22
      vertex -22.3494 17.5706 22
    endloop
  endfacet
  facet normal -0.44253 -0.896754 -0
    outer loop
      vertex -22.15 17.4722 22
      vertex -22.3494 17.5706 0
      vertex -22.15 17.4722 0
    endloop
  endfacet
  facet normal 0.659268 0.751908 -0
    outer loop
      vertex -24.0349 14.6513 0
      vertex -24.2021 14.7979 22
      vertex -24.0349 14.6513 22
    endloop
  endfacet
  facet normal 0.659268 0.751908 0
    outer loop
      vertex -24.2021 14.7979 22
      vertex -24.0349 14.6513 0
      vertex -24.2021 14.7979 0
    endloop
  endfacet
  facet normal 0.751908 0.659268 0
    outer loop
      vertex -24.2021 14.7979 22
      vertex -24.3487 14.9651 0
      vertex -24.3487 14.9651 22
    endloop
  endfacet
  facet normal 0.751908 0.659268 0
    outer loop
      vertex -24.3487 14.9651 0
      vertex -24.2021 14.7979 22
      vertex -24.2021 14.7979 0
    endloop
  endfacet
  facet normal 0.831566 0.555426 0
    outer loop
      vertex -24.3487 14.9651 22
      vertex -24.4722 15.15 0
      vertex -24.4722 15.15 22
    endloop
  endfacet
  facet normal 0.831566 0.555426 0
    outer loop
      vertex -24.4722 15.15 0
      vertex -24.3487 14.9651 22
      vertex -24.3487 14.9651 0
    endloop
  endfacet
  facet normal -0.831566 -0.555426 0
    outer loop
      vertex -21.5278 16.85 0
      vertex -21.6513 17.0349 22
      vertex -21.6513 17.0349 0
    endloop
  endfacet
  facet normal -0.831566 -0.555426 0
    outer loop
      vertex -21.6513 17.0349 22
      vertex -21.5278 16.85 0
      vertex -21.5278 16.85 22
    endloop
  endfacet
  facet normal -0.195165 0.98077 0
    outer loop
      vertex -22.56 14.3579 0
      vertex -22.7781 14.3145 22
      vertex -22.56 14.3579 22
    endloop
  endfacet
  facet normal -0.195165 0.98077 0
    outer loop
      vertex -22.7781 14.3145 22
      vertex -22.56 14.3579 0
      vertex -22.7781 14.3145 0
    endloop
  endfacet
  facet normal -0.98077 0.195165 0
    outer loop
      vertex -21.3579 15.56 0
      vertex -21.3145 15.7781 22
      vertex -21.3145 15.7781 0
    endloop
  endfacet
  facet normal -0.98077 0.195165 0
    outer loop
      vertex -21.3145 15.7781 22
      vertex -21.3579 15.56 0
      vertex -21.3579 15.56 22
    endloop
  endfacet
  facet normal 0.946915 0.321484 0
    outer loop
      vertex -24.5706 15.3494 22
      vertex -24.6421 15.56 0
      vertex -24.6421 15.56 22
    endloop
  endfacet
  facet normal 0.946915 0.321484 0
    outer loop
      vertex -24.6421 15.56 0
      vertex -24.5706 15.3494 22
      vertex -24.5706 15.3494 0
    endloop
  endfacet
  facet normal -0.44253 0.896754 0
    outer loop
      vertex -22.15 14.5278 0
      vertex -22.3494 14.4294 22
      vertex -22.15 14.5278 22
    endloop
  endfacet
  facet normal -0.44253 0.896754 0
    outer loop
      vertex -22.3494 14.4294 22
      vertex -22.15 14.5278 0
      vertex -22.3494 14.4294 0
    endloop
  endfacet
  facet normal -0.0652057 -0.997872 0
    outer loop
      vertex -23 17.7 0
      vertex -22.7781 17.6855 22
      vertex -23 17.7 22
    endloop
  endfacet
  facet normal -0.0652057 -0.997872 -0
    outer loop
      vertex -22.7781 17.6855 22
      vertex -23 17.7 0
      vertex -22.7781 17.6855 0
    endloop
  endfacet
  facet normal 0.321484 -0.946915 0
    outer loop
      vertex -23.6506 17.5706 0
      vertex -23.44 17.6421 22
      vertex -23.6506 17.5706 22
    endloop
  endfacet
  facet normal 0.321484 -0.946915 0
    outer loop
      vertex -23.44 17.6421 22
      vertex -23.6506 17.5706 0
      vertex -23.44 17.6421 0
    endloop
  endfacet
  facet normal 0.195165 -0.98077 0
    outer loop
      vertex -23.44 17.6421 0
      vertex -23.2219 17.6855 22
      vertex -23.44 17.6421 22
    endloop
  endfacet
  facet normal 0.195165 -0.98077 0
    outer loop
      vertex -23.2219 17.6855 22
      vertex -23.44 17.6421 0
      vertex -23.2219 17.6855 0
    endloop
  endfacet
  facet normal -0.896754 -0.44253 0
    outer loop
      vertex -21.4294 16.6506 0
      vertex -21.5278 16.85 22
      vertex -21.5278 16.85 0
    endloop
  endfacet
  facet normal -0.896754 -0.44253 0
    outer loop
      vertex -21.5278 16.85 22
      vertex -21.4294 16.6506 0
      vertex -21.4294 16.6506 22
    endloop
  endfacet
  facet normal -0.997872 0.0652057 0
    outer loop
      vertex -21.3145 15.7781 0
      vertex -21.3 16 22
      vertex -21.3 16 0
    endloop
  endfacet
  facet normal -0.997872 0.0652057 0
    outer loop
      vertex -21.3 16 22
      vertex -21.3145 15.7781 0
      vertex -21.3145 15.7781 22
    endloop
  endfacet
  facet normal -0.0652057 0.997872 0
    outer loop
      vertex -22.7781 14.3145 0
      vertex -23 14.3 22
      vertex -22.7781 14.3145 22
    endloop
  endfacet
  facet normal -0.0652057 0.997872 0
    outer loop
      vertex -23 14.3 22
      vertex -22.7781 14.3145 0
      vertex -23 14.3 0
    endloop
  endfacet
  facet normal -0.751908 -0.659268 0
    outer loop
      vertex -21.6513 17.0349 0
      vertex -21.7979 17.2021 22
      vertex -21.7979 17.2021 0
    endloop
  endfacet
  facet normal -0.751908 -0.659268 0
    outer loop
      vertex -21.7979 17.2021 22
      vertex -21.6513 17.0349 0
      vertex -21.6513 17.0349 22
    endloop
  endfacet
  facet normal 0.997872 0.0652057 0
    outer loop
      vertex -24.6855 15.7781 22
      vertex -24.7 16 0
      vertex -24.7 16 22
    endloop
  endfacet
  facet normal 0.997872 0.0652057 0
    outer loop
      vertex -24.7 16 0
      vertex -24.6855 15.7781 22
      vertex -24.6855 15.7781 0
    endloop
  endfacet
  facet normal -0.751908 0.659268 0
    outer loop
      vertex -21.7979 14.7979 0
      vertex -21.6513 14.9651 22
      vertex -21.6513 14.9651 0
    endloop
  endfacet
  facet normal -0.751908 0.659268 0
    outer loop
      vertex -21.6513 14.9651 22
      vertex -21.7979 14.7979 0
      vertex -21.7979 14.7979 22
    endloop
  endfacet
  facet normal 0.751908 -0.659268 0
    outer loop
      vertex -24.3487 17.0349 22
      vertex -24.2021 17.2021 0
      vertex -24.2021 17.2021 22
    endloop
  endfacet
  facet normal 0.751908 -0.659268 0
    outer loop
      vertex -24.2021 17.2021 0
      vertex -24.3487 17.0349 22
      vertex -24.3487 17.0349 0
    endloop
  endfacet
  facet normal 0.831566 -0.555426 0
    outer loop
      vertex -24.4722 16.85 22
      vertex -24.3487 17.0349 0
      vertex -24.3487 17.0349 22
    endloop
  endfacet
  facet normal 0.831566 -0.555426 0
    outer loop
      vertex -24.3487 17.0349 0
      vertex -24.4722 16.85 22
      vertex -24.4722 16.85 0
    endloop
  endfacet
  facet normal 0.0652057 -0.997872 0
    outer loop
      vertex -23.2219 17.6855 0
      vertex -23 17.7 22
      vertex -23.2219 17.6855 22
    endloop
  endfacet
  facet normal 0.0652057 -0.997872 0
    outer loop
      vertex -23 17.7 22
      vertex -23.2219 17.6855 0
      vertex -23 17.7 0
    endloop
  endfacet
  facet normal 0.98077 0.195165 0
    outer loop
      vertex -24.6421 15.56 22
      vertex -24.6855 15.7781 0
      vertex -24.6855 15.7781 22
    endloop
  endfacet
  facet normal 0.98077 0.195165 0
    outer loop
      vertex -24.6855 15.7781 0
      vertex -24.6421 15.56 22
      vertex -24.6421 15.56 0
    endloop
  endfacet
  facet normal 0.321484 0.946915 -0
    outer loop
      vertex -23.44 14.3579 0
      vertex -23.6506 14.4294 22
      vertex -23.44 14.3579 22
    endloop
  endfacet
  facet normal 0.321484 0.946915 0
    outer loop
      vertex -23.6506 14.4294 22
      vertex -23.44 14.3579 0
      vertex -23.6506 14.4294 0
    endloop
  endfacet
  facet normal -0.946915 -0.321484 0
    outer loop
      vertex -21.3579 16.44 0
      vertex -21.4294 16.6506 22
      vertex -21.4294 16.6506 0
    endloop
  endfacet
  facet normal -0.946915 -0.321484 0
    outer loop
      vertex -21.4294 16.6506 22
      vertex -21.3579 16.44 0
      vertex -21.3579 16.44 22
    endloop
  endfacet
  facet normal 0.44253 0.896754 -0
    outer loop
      vertex -23.6506 14.4294 0
      vertex -23.85 14.5278 22
      vertex -23.6506 14.4294 22
    endloop
  endfacet
  facet normal 0.44253 0.896754 0
    outer loop
      vertex -23.85 14.5278 22
      vertex -23.6506 14.4294 0
      vertex -23.85 14.5278 0
    endloop
  endfacet
  facet normal 0.555426 0.831566 -0
    outer loop
      vertex -23.85 14.5278 0
      vertex -24.0349 14.6513 22
      vertex -23.85 14.5278 22
    endloop
  endfacet
  facet normal 0.555426 0.831566 0
    outer loop
      vertex -24.0349 14.6513 22
      vertex -23.85 14.5278 0
      vertex -24.0349 14.6513 0
    endloop
  endfacet
  facet normal 0.0652057 0.997872 -0
    outer loop
      vertex -23 14.3 0
      vertex -23.2219 14.3145 22
      vertex -23 14.3 22
    endloop
  endfacet
  facet normal 0.0652057 0.997872 0
    outer loop
      vertex -23.2219 14.3145 22
      vertex -23 14.3 0
      vertex -23.2219 14.3145 0
    endloop
  endfacet
  facet normal 0.195165 0.98077 -0
    outer loop
      vertex -23.2219 14.3145 0
      vertex -23.44 14.3579 22
      vertex -23.2219 14.3145 22
    endloop
  endfacet
  facet normal 0.195165 0.98077 0
    outer loop
      vertex -23.44 14.3579 22
      vertex -23.2219 14.3145 0
      vertex -23.44 14.3579 0
    endloop
  endfacet
  facet normal 0.896754 -0.44253 0
    outer loop
      vertex -24.5706 16.6506 22
      vertex -24.4722 16.85 0
      vertex -24.4722 16.85 22
    endloop
  endfacet
  facet normal 0.896754 -0.44253 0
    outer loop
      vertex -24.4722 16.85 0
      vertex -24.5706 16.6506 22
      vertex -24.5706 16.6506 0
    endloop
  endfacet
  facet normal 0.896754 0.44253 0
    outer loop
      vertex -24.4722 15.15 22
      vertex -24.5706 15.3494 0
      vertex -24.5706 15.3494 22
    endloop
  endfacet
  facet normal 0.896754 0.44253 0
    outer loop
      vertex -24.5706 15.3494 0
      vertex -24.4722 15.15 22
      vertex -24.4722 15.15 0
    endloop
  endfacet
  facet normal 0.997872 -0.0652057 0
    outer loop
      vertex -24.7 16 22
      vertex -24.6855 16.2219 0
      vertex -24.6855 16.2219 22
    endloop
  endfacet
  facet normal 0.997872 -0.0652057 0
    outer loop
      vertex -24.6855 16.2219 0
      vertex -24.7 16 22
      vertex -24.7 16 0
    endloop
  endfacet
  facet normal 0.98077 -0.195165 0
    outer loop
      vertex -24.6855 16.2219 22
      vertex -24.6421 16.44 0
      vertex -24.6421 16.44 22
    endloop
  endfacet
  facet normal 0.98077 -0.195165 0
    outer loop
      vertex -24.6421 16.44 0
      vertex -24.6855 16.2219 22
      vertex -24.6855 16.2219 0
    endloop
  endfacet
  facet normal 0.946915 -0.321484 0
    outer loop
      vertex -24.6421 16.44 22
      vertex -24.5706 16.6506 0
      vertex -24.5706 16.6506 22
    endloop
  endfacet
  facet normal 0.946915 -0.321484 0
    outer loop
      vertex -24.5706 16.6506 0
      vertex -24.6421 16.44 22
      vertex -24.6421 16.44 0
    endloop
  endfacet
  facet normal -0.659268 0.751908 0
    outer loop
      vertex -21.7979 14.7979 0
      vertex -21.9651 14.6513 22
      vertex -21.7979 14.7979 22
    endloop
  endfacet
  facet normal -0.659268 0.751908 0
    outer loop
      vertex -21.9651 14.6513 22
      vertex -21.7979 14.7979 0
      vertex -21.9651 14.6513 0
    endloop
  endfacet
  facet normal -0.98077 -0.195165 0
    outer loop
      vertex 24.6855 -15.7781 0
      vertex 24.6421 -15.56 22
      vertex 24.6421 -15.56 0
    endloop
  endfacet
  facet normal -0.98077 -0.195165 0
    outer loop
      vertex 24.6421 -15.56 22
      vertex 24.6855 -15.7781 0
      vertex 24.6855 -15.7781 22
    endloop
  endfacet
  facet normal -0.997872 -0.0652057 0
    outer loop
      vertex 24.7 -16 0
      vertex 24.6855 -15.7781 22
      vertex 24.6855 -15.7781 0
    endloop
  endfacet
  facet normal -0.997872 -0.0652057 0
    outer loop
      vertex 24.6855 -15.7781 22
      vertex 24.7 -16 0
      vertex 24.7 -16 22
    endloop
  endfacet
  facet normal -0.0652057 0.997872 0
    outer loop
      vertex 23.2219 -17.6855 0
      vertex 23 -17.7 22
      vertex 23.2219 -17.6855 22
    endloop
  endfacet
  facet normal -0.0652057 0.997872 0
    outer loop
      vertex 23 -17.7 22
      vertex 23.2219 -17.6855 0
      vertex 23 -17.7 0
    endloop
  endfacet
  facet normal 0.659268 -0.751908 0
    outer loop
      vertex 21.7979 -14.7979 0
      vertex 21.9651 -14.6513 22
      vertex 21.7979 -14.7979 22
    endloop
  endfacet
  facet normal 0.659268 -0.751908 0
    outer loop
      vertex 21.9651 -14.6513 22
      vertex 21.7979 -14.7979 0
      vertex 21.9651 -14.6513 0
    endloop
  endfacet
  facet normal 0.831566 0.555426 0
    outer loop
      vertex 21.6513 -17.0349 22
      vertex 21.5278 -16.85 0
      vertex 21.5278 -16.85 22
    endloop
  endfacet
  facet normal 0.831566 0.555426 0
    outer loop
      vertex 21.5278 -16.85 0
      vertex 21.6513 -17.0349 22
      vertex 21.6513 -17.0349 0
    endloop
  endfacet
  facet normal 0.195165 0.98077 -0
    outer loop
      vertex 22.7781 -17.6855 0
      vertex 22.56 -17.6421 22
      vertex 22.7781 -17.6855 22
    endloop
  endfacet
  facet normal 0.195165 0.98077 0
    outer loop
      vertex 22.56 -17.6421 22
      vertex 22.7781 -17.6855 0
      vertex 22.56 -17.6421 0
    endloop
  endfacet
  facet normal -0.659268 -0.751908 0
    outer loop
      vertex 24.0349 -14.6513 0
      vertex 24.2021 -14.7979 22
      vertex 24.0349 -14.6513 22
    endloop
  endfacet
  facet normal -0.659268 -0.751908 -0
    outer loop
      vertex 24.2021 -14.7979 22
      vertex 24.0349 -14.6513 0
      vertex 24.2021 -14.7979 0
    endloop
  endfacet
  facet normal -0.946915 0.321484 0
    outer loop
      vertex 24.5706 -16.6506 0
      vertex 24.6421 -16.44 22
      vertex 24.6421 -16.44 0
    endloop
  endfacet
  facet normal -0.946915 0.321484 0
    outer loop
      vertex 24.6421 -16.44 22
      vertex 24.5706 -16.6506 0
      vertex 24.5706 -16.6506 22
    endloop
  endfacet
  facet normal -0.751908 0.659268 0
    outer loop
      vertex 24.2021 -17.2021 0
      vertex 24.3487 -17.0349 22
      vertex 24.3487 -17.0349 0
    endloop
  endfacet
  facet normal -0.751908 0.659268 0
    outer loop
      vertex 24.3487 -17.0349 22
      vertex 24.2021 -17.2021 0
      vertex 24.2021 -17.2021 22
    endloop
  endfacet
  facet normal -0.751908 -0.659268 0
    outer loop
      vertex 24.3487 -14.9651 0
      vertex 24.2021 -14.7979 22
      vertex 24.2021 -14.7979 0
    endloop
  endfacet
  facet normal -0.751908 -0.659268 0
    outer loop
      vertex 24.2021 -14.7979 22
      vertex 24.3487 -14.9651 0
      vertex 24.3487 -14.9651 22
    endloop
  endfacet
  facet normal 0.946915 0.321484 0
    outer loop
      vertex 21.4294 -16.6506 22
      vertex 21.3579 -16.44 0
      vertex 21.3579 -16.44 22
    endloop
  endfacet
  facet normal 0.946915 0.321484 0
    outer loop
      vertex 21.3579 -16.44 0
      vertex 21.4294 -16.6506 22
      vertex 21.4294 -16.6506 0
    endloop
  endfacet
  facet normal -0.321484 0.946915 0
    outer loop
      vertex 23.6506 -17.5706 0
      vertex 23.44 -17.6421 22
      vertex 23.6506 -17.5706 22
    endloop
  endfacet
  facet normal -0.321484 0.946915 0
    outer loop
      vertex 23.44 -17.6421 22
      vertex 23.6506 -17.5706 0
      vertex 23.44 -17.6421 0
    endloop
  endfacet
  facet normal 0.0652057 0.997872 -0
    outer loop
      vertex 23 -17.7 0
      vertex 22.7781 -17.6855 22
      vertex 23 -17.7 22
    endloop
  endfacet
  facet normal 0.0652057 0.997872 0
    outer loop
      vertex 22.7781 -17.6855 22
      vertex 23 -17.7 0
      vertex 22.7781 -17.6855 0
    endloop
  endfacet
  facet normal 0.321484 -0.946915 0
    outer loop
      vertex 22.3494 -14.4294 0
      vertex 22.56 -14.3579 22
      vertex 22.3494 -14.4294 22
    endloop
  endfacet
  facet normal 0.321484 -0.946915 0
    outer loop
      vertex 22.56 -14.3579 22
      vertex 22.3494 -14.4294 0
      vertex 22.56 -14.3579 0
    endloop
  endfacet
  facet normal -0.946915 -0.321484 0
    outer loop
      vertex 24.6421 -15.56 0
      vertex 24.5706 -15.3494 22
      vertex 24.5706 -15.3494 0
    endloop
  endfacet
  facet normal -0.946915 -0.321484 0
    outer loop
      vertex 24.5706 -15.3494 22
      vertex 24.6421 -15.56 0
      vertex 24.6421 -15.56 22
    endloop
  endfacet
  facet normal 0.751908 -0.659268 0
    outer loop
      vertex 21.6513 -14.9651 22
      vertex 21.7979 -14.7979 0
      vertex 21.7979 -14.7979 22
    endloop
  endfacet
  facet normal 0.751908 -0.659268 0
    outer loop
      vertex 21.7979 -14.7979 0
      vertex 21.6513 -14.9651 22
      vertex 21.6513 -14.9651 0
    endloop
  endfacet
  facet normal 0.44253 0.896754 -0
    outer loop
      vertex 22.3494 -17.5706 0
      vertex 22.15 -17.4722 22
      vertex 22.3494 -17.5706 22
    endloop
  endfacet
  facet normal 0.44253 0.896754 0
    outer loop
      vertex 22.15 -17.4722 22
      vertex 22.3494 -17.5706 0
      vertex 22.15 -17.4722 0
    endloop
  endfacet
  facet normal 0.0652057 -0.997872 0
    outer loop
      vertex 22.7781 -14.3145 0
      vertex 23 -14.3 22
      vertex 22.7781 -14.3145 22
    endloop
  endfacet
  facet normal 0.0652057 -0.997872 0
    outer loop
      vertex 23 -14.3 22
      vertex 22.7781 -14.3145 0
      vertex 23 -14.3 0
    endloop
  endfacet
  facet normal -0.896754 0.44253 0
    outer loop
      vertex 24.4722 -16.85 0
      vertex 24.5706 -16.6506 22
      vertex 24.5706 -16.6506 0
    endloop
  endfacet
  facet normal -0.896754 0.44253 0
    outer loop
      vertex 24.5706 -16.6506 22
      vertex 24.4722 -16.85 0
      vertex 24.4722 -16.85 22
    endloop
  endfacet
  facet normal -0.555426 0.831566 0
    outer loop
      vertex 24.0349 -17.3487 0
      vertex 23.85 -17.4722 22
      vertex 24.0349 -17.3487 22
    endloop
  endfacet
  facet normal -0.555426 0.831566 0
    outer loop
      vertex 23.85 -17.4722 22
      vertex 24.0349 -17.3487 0
      vertex 23.85 -17.4722 0
    endloop
  endfacet
  facet normal 0.98077 0.195165 0
    outer loop
      vertex 21.3579 -16.44 22
      vertex 21.3145 -16.2219 0
      vertex 21.3145 -16.2219 22
    endloop
  endfacet
  facet normal 0.98077 0.195165 0
    outer loop
      vertex 21.3145 -16.2219 0
      vertex 21.3579 -16.44 22
      vertex 21.3579 -16.44 0
    endloop
  endfacet
  facet normal -0.195165 -0.98077 0
    outer loop
      vertex 23.2219 -14.3145 0
      vertex 23.44 -14.3579 22
      vertex 23.2219 -14.3145 22
    endloop
  endfacet
  facet normal -0.195165 -0.98077 -0
    outer loop
      vertex 23.44 -14.3579 22
      vertex 23.2219 -14.3145 0
      vertex 23.44 -14.3579 0
    endloop
  endfacet
  facet normal -0.831566 -0.555426 0
    outer loop
      vertex 24.4722 -15.15 0
      vertex 24.3487 -14.9651 22
      vertex 24.3487 -14.9651 0
    endloop
  endfacet
  facet normal -0.831566 -0.555426 0
    outer loop
      vertex 24.3487 -14.9651 22
      vertex 24.4722 -15.15 0
      vertex 24.4722 -15.15 22
    endloop
  endfacet
  facet normal -0.997872 0.0652057 0
    outer loop
      vertex 24.6855 -16.2219 0
      vertex 24.7 -16 22
      vertex 24.7 -16 0
    endloop
  endfacet
  facet normal -0.997872 0.0652057 0
    outer loop
      vertex 24.7 -16 22
      vertex 24.6855 -16.2219 0
      vertex 24.6855 -16.2219 22
    endloop
  endfacet
  facet normal -0.321484 -0.946915 0
    outer loop
      vertex 23.44 -14.3579 0
      vertex 23.6506 -14.4294 22
      vertex 23.44 -14.3579 22
    endloop
  endfacet
  facet normal -0.321484 -0.946915 -0
    outer loop
      vertex 23.6506 -14.4294 22
      vertex 23.44 -14.3579 0
      vertex 23.6506 -14.4294 0
    endloop
  endfacet
  facet normal -0.555426 -0.831566 0
    outer loop
      vertex 23.85 -14.5278 0
      vertex 24.0349 -14.6513 22
      vertex 23.85 -14.5278 22
    endloop
  endfacet
  facet normal -0.555426 -0.831566 -0
    outer loop
      vertex 24.0349 -14.6513 22
      vertex 23.85 -14.5278 0
      vertex 24.0349 -14.6513 0
    endloop
  endfacet
  facet normal 0.195165 -0.98077 0
    outer loop
      vertex 22.56 -14.3579 0
      vertex 22.7781 -14.3145 22
      vertex 22.56 -14.3579 22
    endloop
  endfacet
  facet normal 0.195165 -0.98077 0
    outer loop
      vertex 22.7781 -14.3145 22
      vertex 22.56 -14.3579 0
      vertex 22.7781 -14.3145 0
    endloop
  endfacet
  facet normal -0.659268 0.751908 0
    outer loop
      vertex 24.2021 -17.2021 0
      vertex 24.0349 -17.3487 22
      vertex 24.2021 -17.2021 22
    endloop
  endfacet
  facet normal -0.659268 0.751908 0
    outer loop
      vertex 24.0349 -17.3487 22
      vertex 24.2021 -17.2021 0
      vertex 24.0349 -17.3487 0
    endloop
  endfacet
  facet normal 0.896754 -0.44253 0
    outer loop
      vertex 21.4294 -15.3494 22
      vertex 21.5278 -15.15 0
      vertex 21.5278 -15.15 22
    endloop
  endfacet
  facet normal 0.896754 -0.44253 0
    outer loop
      vertex 21.5278 -15.15 0
      vertex 21.4294 -15.3494 22
      vertex 21.4294 -15.3494 0
    endloop
  endfacet
  facet normal -0.98077 0.195165 0
    outer loop
      vertex 24.6421 -16.44 0
      vertex 24.6855 -16.2219 22
      vertex 24.6855 -16.2219 0
    endloop
  endfacet
  facet normal -0.98077 0.195165 0
    outer loop
      vertex 24.6855 -16.2219 22
      vertex 24.6421 -16.44 0
      vertex 24.6421 -16.44 22
    endloop
  endfacet
  facet normal -0.195165 0.98077 0
    outer loop
      vertex 23.44 -17.6421 0
      vertex 23.2219 -17.6855 22
      vertex 23.44 -17.6421 22
    endloop
  endfacet
  facet normal -0.195165 0.98077 0
    outer loop
      vertex 23.2219 -17.6855 22
      vertex 23.44 -17.6421 0
      vertex 23.2219 -17.6855 0
    endloop
  endfacet
  facet normal 0.659268 0.751908 -0
    outer loop
      vertex 21.9651 -17.3487 0
      vertex 21.7979 -17.2021 22
      vertex 21.9651 -17.3487 22
    endloop
  endfacet
  facet normal 0.659268 0.751908 0
    outer loop
      vertex 21.7979 -17.2021 22
      vertex 21.9651 -17.3487 0
      vertex 21.7979 -17.2021 0
    endloop
  endfacet
  facet normal 0.751908 0.659268 0
    outer loop
      vertex 21.7979 -17.2021 22
      vertex 21.6513 -17.0349 0
      vertex 21.6513 -17.0349 22
    endloop
  endfacet
  facet normal 0.751908 0.659268 0
    outer loop
      vertex 21.6513 -17.0349 0
      vertex 21.7979 -17.2021 22
      vertex 21.7979 -17.2021 0
    endloop
  endfacet
  facet normal -0.0652057 -0.997872 0
    outer loop
      vertex 23 -14.3 0
      vertex 23.2219 -14.3145 22
      vertex 23 -14.3 22
    endloop
  endfacet
  facet normal -0.0652057 -0.997872 -0
    outer loop
      vertex 23.2219 -14.3145 22
      vertex 23 -14.3 0
      vertex 23.2219 -14.3145 0
    endloop
  endfacet
  facet normal -0.44253 -0.896754 0
    outer loop
      vertex 23.6506 -14.4294 0
      vertex 23.85 -14.5278 22
      vertex 23.6506 -14.4294 22
    endloop
  endfacet
  facet normal -0.44253 -0.896754 -0
    outer loop
      vertex 23.85 -14.5278 22
      vertex 23.6506 -14.4294 0
      vertex 23.85 -14.5278 0
    endloop
  endfacet
  facet normal -0.831566 0.555426 0
    outer loop
      vertex 24.3487 -17.0349 0
      vertex 24.4722 -16.85 22
      vertex 24.4722 -16.85 0
    endloop
  endfacet
  facet normal -0.831566 0.555426 0
    outer loop
      vertex 24.4722 -16.85 22
      vertex 24.3487 -17.0349 0
      vertex 24.3487 -17.0349 22
    endloop
  endfacet
  facet normal 0.997872 0.0652057 0
    outer loop
      vertex 21.3145 -16.2219 22
      vertex 21.3 -16 0
      vertex 21.3 -16 22
    endloop
  endfacet
  facet normal 0.997872 0.0652057 0
    outer loop
      vertex 21.3 -16 0
      vertex 21.3145 -16.2219 22
      vertex 21.3145 -16.2219 0
    endloop
  endfacet
  facet normal -0.44253 0.896754 0
    outer loop
      vertex 23.85 -17.4722 0
      vertex 23.6506 -17.5706 22
      vertex 23.85 -17.4722 22
    endloop
  endfacet
  facet normal -0.44253 0.896754 0
    outer loop
      vertex 23.6506 -17.5706 22
      vertex 23.85 -17.4722 0
      vertex 23.6506 -17.5706 0
    endloop
  endfacet
  facet normal 0.98077 -0.195165 0
    outer loop
      vertex 21.3145 -15.7781 22
      vertex 21.3579 -15.56 0
      vertex 21.3579 -15.56 22
    endloop
  endfacet
  facet normal 0.98077 -0.195165 0
    outer loop
      vertex 21.3579 -15.56 0
      vertex 21.3145 -15.7781 22
      vertex 21.3145 -15.7781 0
    endloop
  endfacet
  facet normal 0.896754 0.44253 0
    outer loop
      vertex 21.5278 -16.85 22
      vertex 21.4294 -16.6506 0
      vertex 21.4294 -16.6506 22
    endloop
  endfacet
  facet normal 0.896754 0.44253 0
    outer loop
      vertex 21.4294 -16.6506 0
      vertex 21.5278 -16.85 22
      vertex 21.5278 -16.85 0
    endloop
  endfacet
  facet normal 0.946915 -0.321484 0
    outer loop
      vertex 21.3579 -15.56 22
      vertex 21.4294 -15.3494 0
      vertex 21.4294 -15.3494 22
    endloop
  endfacet
  facet normal 0.946915 -0.321484 0
    outer loop
      vertex 21.4294 -15.3494 0
      vertex 21.3579 -15.56 22
      vertex 21.3579 -15.56 0
    endloop
  endfacet
  facet normal 0.555426 -0.831566 0
    outer loop
      vertex 21.9651 -14.6513 0
      vertex 22.15 -14.5278 22
      vertex 21.9651 -14.6513 22
    endloop
  endfacet
  facet normal 0.555426 -0.831566 0
    outer loop
      vertex 22.15 -14.5278 22
      vertex 21.9651 -14.6513 0
      vertex 22.15 -14.5278 0
    endloop
  endfacet
  facet normal -0.896754 -0.44253 0
    outer loop
      vertex 24.5706 -15.3494 0
      vertex 24.4722 -15.15 22
      vertex 24.4722 -15.15 0
    endloop
  endfacet
  facet normal -0.896754 -0.44253 0
    outer loop
      vertex 24.4722 -15.15 22
      vertex 24.5706 -15.3494 0
      vertex 24.5706 -15.3494 22
    endloop
  endfacet
  facet normal 0.997872 -0.0652057 0
    outer loop
      vertex 21.3 -16 22
      vertex 21.3145 -15.7781 0
      vertex 21.3145 -15.7781 22
    endloop
  endfacet
  facet normal 0.997872 -0.0652057 0
    outer loop
      vertex 21.3145 -15.7781 0
      vertex 21.3 -16 22
      vertex 21.3 -16 0
    endloop
  endfacet
  facet normal 0.321484 0.946915 -0
    outer loop
      vertex 22.56 -17.6421 0
      vertex 22.3494 -17.5706 22
      vertex 22.56 -17.6421 22
    endloop
  endfacet
  facet normal 0.321484 0.946915 0
    outer loop
      vertex 22.3494 -17.5706 22
      vertex 22.56 -17.6421 0
      vertex 22.3494 -17.5706 0
    endloop
  endfacet
  facet normal 0.44253 -0.896754 0
    outer loop
      vertex 22.15 -14.5278 0
      vertex 22.3494 -14.4294 22
      vertex 22.15 -14.5278 22
    endloop
  endfacet
  facet normal 0.44253 -0.896754 0
    outer loop
      vertex 22.3494 -14.4294 22
      vertex 22.15 -14.5278 0
      vertex 22.3494 -14.4294 0
    endloop
  endfacet
  facet normal 0.831566 -0.555426 0
    outer loop
      vertex 21.5278 -15.15 22
      vertex 21.6513 -14.9651 0
      vertex 21.6513 -14.9651 22
    endloop
  endfacet
  facet normal 0.831566 -0.555426 0
    outer loop
      vertex 21.6513 -14.9651 0
      vertex 21.5278 -15.15 22
      vertex 21.5278 -15.15 0
    endloop
  endfacet
  facet normal 0.555426 0.831566 -0
    outer loop
      vertex 22.15 -17.4722 0
      vertex 21.9651 -17.3487 22
      vertex 22.15 -17.4722 22
    endloop
  endfacet
  facet normal 0.555426 0.831566 0
    outer loop
      vertex 21.9651 -17.3487 22
      vertex 22.15 -17.4722 0
      vertex 21.9651 -17.3487 0
    endloop
  endfacet
  facet normal -0.98077 -0.195165 0
    outer loop
      vertex 24.6855 16.2219 0
      vertex 24.6421 16.44 22
      vertex 24.6421 16.44 0
    endloop
  endfacet
  facet normal -0.98077 -0.195165 0
    outer loop
      vertex 24.6421 16.44 22
      vertex 24.6855 16.2219 0
      vertex 24.6855 16.2219 22
    endloop
  endfacet
  facet normal -0.997872 -0.0652057 0
    outer loop
      vertex 24.7 16 0
      vertex 24.6855 16.2219 22
      vertex 24.6855 16.2219 0
    endloop
  endfacet
  facet normal -0.997872 -0.0652057 0
    outer loop
      vertex 24.6855 16.2219 22
      vertex 24.7 16 0
      vertex 24.7 16 22
    endloop
  endfacet
  facet normal 0.44253 -0.896754 0
    outer loop
      vertex 22.15 17.4722 0
      vertex 22.3494 17.5706 22
      vertex 22.15 17.4722 22
    endloop
  endfacet
  facet normal 0.44253 -0.896754 0
    outer loop
      vertex 22.3494 17.5706 22
      vertex 22.15 17.4722 0
      vertex 22.3494 17.5706 0
    endloop
  endfacet
  facet normal -0.555426 -0.831566 0
    outer loop
      vertex 23.85 17.4722 0
      vertex 24.0349 17.3487 22
      vertex 23.85 17.4722 22
    endloop
  endfacet
  facet normal -0.555426 -0.831566 -0
    outer loop
      vertex 24.0349 17.3487 22
      vertex 23.85 17.4722 0
      vertex 24.0349 17.3487 0
    endloop
  endfacet
  facet normal 0.659268 -0.751908 0
    outer loop
      vertex 21.7979 17.2021 0
      vertex 21.9651 17.3487 22
      vertex 21.7979 17.2021 22
    endloop
  endfacet
  facet normal 0.659268 -0.751908 0
    outer loop
      vertex 21.9651 17.3487 22
      vertex 21.7979 17.2021 0
      vertex 21.9651 17.3487 0
    endloop
  endfacet
  facet normal -0.321484 0.946915 0
    outer loop
      vertex 23.6506 14.4294 0
      vertex 23.44 14.3579 22
      vertex 23.6506 14.4294 22
    endloop
  endfacet
  facet normal -0.321484 0.946915 0
    outer loop
      vertex 23.44 14.3579 22
      vertex 23.6506 14.4294 0
      vertex 23.44 14.3579 0
    endloop
  endfacet
  facet normal -0.831566 0.555426 0
    outer loop
      vertex 24.3487 14.9651 0
      vertex 24.4722 15.15 22
      vertex 24.4722 15.15 0
    endloop
  endfacet
  facet normal -0.831566 0.555426 0
    outer loop
      vertex 24.4722 15.15 22
      vertex 24.3487 14.9651 0
      vertex 24.3487 14.9651 22
    endloop
  endfacet
  facet normal -0.946915 0.321484 0
    outer loop
      vertex 24.5706 15.3494 0
      vertex 24.6421 15.56 22
      vertex 24.6421 15.56 0
    endloop
  endfacet
  facet normal -0.946915 0.321484 0
    outer loop
      vertex 24.6421 15.56 22
      vertex 24.5706 15.3494 0
      vertex 24.5706 15.3494 22
    endloop
  endfacet
  facet normal -0.321484 -0.946915 0
    outer loop
      vertex 23.44 17.6421 0
      vertex 23.6506 17.5706 22
      vertex 23.44 17.6421 22
    endloop
  endfacet
  facet normal -0.321484 -0.946915 -0
    outer loop
      vertex 23.6506 17.5706 22
      vertex 23.44 17.6421 0
      vertex 23.6506 17.5706 0
    endloop
  endfacet
  facet normal -0.195165 -0.98077 0
    outer loop
      vertex 23.2219 17.6855 0
      vertex 23.44 17.6421 22
      vertex 23.2219 17.6855 22
    endloop
  endfacet
  facet normal -0.195165 -0.98077 -0
    outer loop
      vertex 23.44 17.6421 22
      vertex 23.2219 17.6855 0
      vertex 23.44 17.6421 0
    endloop
  endfacet
  facet normal 0.555426 -0.831566 0
    outer loop
      vertex 21.9651 17.3487 0
      vertex 22.15 17.4722 22
      vertex 21.9651 17.3487 22
    endloop
  endfacet
  facet normal 0.555426 -0.831566 0
    outer loop
      vertex 22.15 17.4722 22
      vertex 21.9651 17.3487 0
      vertex 22.15 17.4722 0
    endloop
  endfacet
  facet normal -0.896754 0.44253 0
    outer loop
      vertex 24.4722 15.15 0
      vertex 24.5706 15.3494 22
      vertex 24.5706 15.3494 0
    endloop
  endfacet
  facet normal -0.896754 0.44253 0
    outer loop
      vertex 24.5706 15.3494 22
      vertex 24.4722 15.15 0
      vertex 24.4722 15.15 22
    endloop
  endfacet
  facet normal -0.659268 -0.751908 0
    outer loop
      vertex 24.0349 17.3487 0
      vertex 24.2021 17.2021 22
      vertex 24.0349 17.3487 22
    endloop
  endfacet
  facet normal -0.659268 -0.751908 -0
    outer loop
      vertex 24.2021 17.2021 22
      vertex 24.0349 17.3487 0
      vertex 24.2021 17.2021 0
    endloop
  endfacet
  facet normal -0.555426 0.831566 0
    outer loop
      vertex 24.0349 14.6513 0
      vertex 23.85 14.5278 22
      vertex 24.0349 14.6513 22
    endloop
  endfacet
  facet normal -0.555426 0.831566 0
    outer loop
      vertex 23.85 14.5278 22
      vertex 24.0349 14.6513 0
      vertex 23.85 14.5278 0
    endloop
  endfacet
  facet normal -0.44253 -0.896754 0
    outer loop
      vertex 23.6506 17.5706 0
      vertex 23.85 17.4722 22
      vertex 23.6506 17.5706 22
    endloop
  endfacet
  facet normal -0.44253 -0.896754 -0
    outer loop
      vertex 23.85 17.4722 22
      vertex 23.6506 17.5706 0
      vertex 23.85 17.4722 0
    endloop
  endfacet
  facet normal 0.659268 0.751908 -0
    outer loop
      vertex 21.9651 14.6513 0
      vertex 21.7979 14.7979 22
      vertex 21.9651 14.6513 22
    endloop
  endfacet
  facet normal 0.659268 0.751908 0
    outer loop
      vertex 21.7979 14.7979 22
      vertex 21.9651 14.6513 0
      vertex 21.7979 14.7979 0
    endloop
  endfacet
  facet normal 0.751908 0.659268 0
    outer loop
      vertex 21.7979 14.7979 22
      vertex 21.6513 14.9651 0
      vertex 21.6513 14.9651 22
    endloop
  endfacet
  facet normal 0.751908 0.659268 0
    outer loop
      vertex 21.6513 14.9651 0
      vertex 21.7979 14.7979 22
      vertex 21.7979 14.7979 0
    endloop
  endfacet
  facet normal 0.831566 0.555426 0
    outer loop
      vertex 21.6513 14.9651 22
      vertex 21.5278 15.15 0
      vertex 21.5278 15.15 22
    endloop
  endfacet
  facet normal 0.831566 0.555426 0
    outer loop
      vertex 21.5278 15.15 0
      vertex 21.6513 14.9651 22
      vertex 21.6513 14.9651 0
    endloop
  endfacet
  facet normal -0.831566 -0.555426 0
    outer loop
      vertex 24.4722 16.85 0
      vertex 24.3487 17.0349 22
      vertex 24.3487 17.0349 0
    endloop
  endfacet
  facet normal -0.831566 -0.555426 0
    outer loop
      vertex 24.3487 17.0349 22
      vertex 24.4722 16.85 0
      vertex 24.4722 16.85 22
    endloop
  endfacet
  facet normal -0.195165 0.98077 0
    outer loop
      vertex 23.44 14.3579 0
      vertex 23.2219 14.3145 22
      vertex 23.44 14.3579 22
    endloop
  endfacet
  facet normal -0.195165 0.98077 0
    outer loop
      vertex 23.2219 14.3145 22
      vertex 23.44 14.3579 0
      vertex 23.2219 14.3145 0
    endloop
  endfacet
  facet normal -0.98077 0.195165 0
    outer loop
      vertex 24.6421 15.56 0
      vertex 24.6855 15.7781 22
      vertex 24.6855 15.7781 0
    endloop
  endfacet
  facet normal -0.98077 0.195165 0
    outer loop
      vertex 24.6855 15.7781 22
      vertex 24.6421 15.56 0
      vertex 24.6421 15.56 22
    endloop
  endfacet
  facet normal 0.946915 0.321484 0
    outer loop
      vertex 21.4294 15.3494 22
      vertex 21.3579 15.56 0
      vertex 21.3579 15.56 22
    endloop
  endfacet
  facet normal 0.946915 0.321484 0
    outer loop
      vertex 21.3579 15.56 0
      vertex 21.4294 15.3494 22
      vertex 21.4294 15.3494 0
    endloop
  endfacet
  facet normal -0.44253 0.896754 0
    outer loop
      vertex 23.85 14.5278 0
      vertex 23.6506 14.4294 22
      vertex 23.85 14.5278 22
    endloop
  endfacet
  facet normal -0.44253 0.896754 0
    outer loop
      vertex 23.6506 14.4294 22
      vertex 23.85 14.5278 0
      vertex 23.6506 14.4294 0
    endloop
  endfacet
  facet normal -0.0652057 -0.997872 0
    outer loop
      vertex 23 17.7 0
      vertex 23.2219 17.6855 22
      vertex 23 17.7 22
    endloop
  endfacet
  facet normal -0.0652057 -0.997872 -0
    outer loop
      vertex 23.2219 17.6855 22
      vertex 23 17.7 0
      vertex 23.2219 17.6855 0
    endloop
  endfacet
  facet normal 0.321484 -0.946915 0
    outer loop
      vertex 22.3494 17.5706 0
      vertex 22.56 17.6421 22
      vertex 22.3494 17.5706 22
    endloop
  endfacet
  facet normal 0.321484 -0.946915 0
    outer loop
      vertex 22.56 17.6421 22
      vertex 22.3494 17.5706 0
      vertex 22.56 17.6421 0
    endloop
  endfacet
  facet normal 0.195165 -0.98077 0
    outer loop
      vertex 22.56 17.6421 0
      vertex 22.7781 17.6855 22
      vertex 22.56 17.6421 22
    endloop
  endfacet
  facet normal 0.195165 -0.98077 0
    outer loop
      vertex 22.7781 17.6855 22
      vertex 22.56 17.6421 0
      vertex 22.7781 17.6855 0
    endloop
  endfacet
  facet normal -0.896754 -0.44253 0
    outer loop
      vertex 24.5706 16.6506 0
      vertex 24.4722 16.85 22
      vertex 24.4722 16.85 0
    endloop
  endfacet
  facet normal -0.896754 -0.44253 0
    outer loop
      vertex 24.4722 16.85 22
      vertex 24.5706 16.6506 0
      vertex 24.5706 16.6506 22
    endloop
  endfacet
  facet normal -0.997872 0.0652057 0
    outer loop
      vertex 24.6855 15.7781 0
      vertex 24.7 16 22
      vertex 24.7 16 0
    endloop
  endfacet
  facet normal -0.997872 0.0652057 0
    outer loop
      vertex 24.7 16 22
      vertex 24.6855 15.7781 0
      vertex 24.6855 15.7781 22
    endloop
  endfacet
  facet normal -0.0652057 0.997872 0
    outer loop
      vertex 23.2219 14.3145 0
      vertex 23 14.3 22
      vertex 23.2219 14.3145 22
    endloop
  endfacet
  facet normal -0.0652057 0.997872 0
    outer loop
      vertex 23 14.3 22
      vertex 23.2219 14.3145 0
      vertex 23 14.3 0
    endloop
  endfacet
  facet normal -0.751908 -0.659268 0
    outer loop
      vertex 24.3487 17.0349 0
      vertex 24.2021 17.2021 22
      vertex 24.2021 17.2021 0
    endloop
  endfacet
  facet normal -0.751908 -0.659268 0
    outer loop
      vertex 24.2021 17.2021 22
      vertex 24.3487 17.0349 0
      vertex 24.3487 17.0349 22
    endloop
  endfacet
  facet normal 0.997872 0.0652057 0
    outer loop
      vertex 21.3145 15.7781 22
      vertex 21.3 16 0
      vertex 21.3 16 22
    endloop
  endfacet
  facet normal 0.997872 0.0652057 0
    outer loop
      vertex 21.3 16 0
      vertex 21.3145 15.7781 22
      vertex 21.3145 15.7781 0
    endloop
  endfacet
  facet normal -0.751908 0.659268 0
    outer loop
      vertex 24.2021 14.7979 0
      vertex 24.3487 14.9651 22
      vertex 24.3487 14.9651 0
    endloop
  endfacet
  facet normal -0.751908 0.659268 0
    outer loop
      vertex 24.3487 14.9651 22
      vertex 24.2021 14.7979 0
      vertex 24.2021 14.7979 22
    endloop
  endfacet
  facet normal 0.751908 -0.659268 0
    outer loop
      vertex 21.6513 17.0349 22
      vertex 21.7979 17.2021 0
      vertex 21.7979 17.2021 22
    endloop
  endfacet
  facet normal 0.751908 -0.659268 0
    outer loop
      vertex 21.7979 17.2021 0
      vertex 21.6513 17.0349 22
      vertex 21.6513 17.0349 0
    endloop
  endfacet
  facet normal 0.831566 -0.555426 0
    outer loop
      vertex 21.5278 16.85 22
      vertex 21.6513 17.0349 0
      vertex 21.6513 17.0349 22
    endloop
  endfacet
  facet normal 0.831566 -0.555426 0
    outer loop
      vertex 21.6513 17.0349 0
      vertex 21.5278 16.85 22
      vertex 21.5278 16.85 0
    endloop
  endfacet
  facet normal 0.0652057 -0.997872 0
    outer loop
      vertex 22.7781 17.6855 0
      vertex 23 17.7 22
      vertex 22.7781 17.6855 22
    endloop
  endfacet
  facet normal 0.0652057 -0.997872 0
    outer loop
      vertex 23 17.7 22
      vertex 22.7781 17.6855 0
      vertex 23 17.7 0
    endloop
  endfacet
  facet normal 0.98077 0.195165 0
    outer loop
      vertex 21.3579 15.56 22
      vertex 21.3145 15.7781 0
      vertex 21.3145 15.7781 22
    endloop
  endfacet
  facet normal 0.98077 0.195165 0
    outer loop
      vertex 21.3145 15.7781 0
      vertex 21.3579 15.56 22
      vertex 21.3579 15.56 0
    endloop
  endfacet
  facet normal 0.321484 0.946915 -0
    outer loop
      vertex 22.56 14.3579 0
      vertex 22.3494 14.4294 22
      vertex 22.56 14.3579 22
    endloop
  endfacet
  facet normal 0.321484 0.946915 0
    outer loop
      vertex 22.3494 14.4294 22
      vertex 22.56 14.3579 0
      vertex 22.3494 14.4294 0
    endloop
  endfacet
  facet normal -0.946915 -0.321484 0
    outer loop
      vertex 24.6421 16.44 0
      vertex 24.5706 16.6506 22
      vertex 24.5706 16.6506 0
    endloop
  endfacet
  facet normal -0.946915 -0.321484 0
    outer loop
      vertex 24.5706 16.6506 22
      vertex 24.6421 16.44 0
      vertex 24.6421 16.44 22
    endloop
  endfacet
  facet normal 0.44253 0.896754 -0
    outer loop
      vertex 22.3494 14.4294 0
      vertex 22.15 14.5278 22
      vertex 22.3494 14.4294 22
    endloop
  endfacet
  facet normal 0.44253 0.896754 0
    outer loop
      vertex 22.15 14.5278 22
      vertex 22.3494 14.4294 0
      vertex 22.15 14.5278 0
    endloop
  endfacet
  facet normal 0.555426 0.831566 -0
    outer loop
      vertex 22.15 14.5278 0
      vertex 21.9651 14.6513 22
      vertex 22.15 14.5278 22
    endloop
  endfacet
  facet normal 0.555426 0.831566 0
    outer loop
      vertex 21.9651 14.6513 22
      vertex 22.15 14.5278 0
      vertex 21.9651 14.6513 0
    endloop
  endfacet
  facet normal 0.195165 0.98077 -0
    outer loop
      vertex 22.7781 14.3145 0
      vertex 22.56 14.3579 22
      vertex 22.7781 14.3145 22
    endloop
  endfacet
  facet normal 0.195165 0.98077 0
    outer loop
      vertex 22.56 14.3579 22
      vertex 22.7781 14.3145 0
      vertex 22.56 14.3579 0
    endloop
  endfacet
  facet normal 0.896754 -0.44253 0
    outer loop
      vertex 21.4294 16.6506 22
      vertex 21.5278 16.85 0
      vertex 21.5278 16.85 22
    endloop
  endfacet
  facet normal 0.896754 -0.44253 0
    outer loop
      vertex 21.5278 16.85 0
      vertex 21.4294 16.6506 22
      vertex 21.4294 16.6506 0
    endloop
  endfacet
  facet normal 0.0652057 0.997872 -0
    outer loop
      vertex 23 14.3 0
      vertex 22.7781 14.3145 22
      vertex 23 14.3 22
    endloop
  endfacet
  facet normal 0.0652057 0.997872 0
    outer loop
      vertex 22.7781 14.3145 22
      vertex 23 14.3 0
      vertex 22.7781 14.3145 0
    endloop
  endfacet
  facet normal 0.896754 0.44253 0
    outer loop
      vertex 21.5278 15.15 22
      vertex 21.4294 15.3494 0
      vertex 21.4294 15.3494 22
    endloop
  endfacet
  facet normal 0.896754 0.44253 0
    outer loop
      vertex 21.4294 15.3494 0
      vertex 21.5278 15.15 22
      vertex 21.5278 15.15 0
    endloop
  endfacet
  facet normal 0.997872 -0.0652057 0
    outer loop
      vertex 21.3 16 22
      vertex 21.3145 16.2219 0
      vertex 21.3145 16.2219 22
    endloop
  endfacet
  facet normal 0.997872 -0.0652057 0
    outer loop
      vertex 21.3145 16.2219 0
      vertex 21.3 16 22
      vertex 21.3 16 0
    endloop
  endfacet
  facet normal 0.98077 -0.195165 0
    outer loop
      vertex 21.3145 16.2219 22
      vertex 21.3579 16.44 0
      vertex 21.3579 16.44 22
    endloop
  endfacet
  facet normal 0.98077 -0.195165 0
    outer loop
      vertex 21.3579 16.44 0
      vertex 21.3145 16.2219 22
      vertex 21.3145 16.2219 0
    endloop
  endfacet
  facet normal 0.946915 -0.321484 0
    outer loop
      vertex 21.3579 16.44 22
      vertex 21.4294 16.6506 0
      vertex 21.4294 16.6506 22
    endloop
  endfacet
  facet normal 0.946915 -0.321484 0
    outer loop
      vertex 21.4294 16.6506 0
      vertex 21.3579 16.44 22
      vertex 21.3579 16.44 0
    endloop
  endfacet
  facet normal -0.659268 0.751908 0
    outer loop
      vertex 24.2021 14.7979 0
      vertex 24.0349 14.6513 22
      vertex 24.2021 14.7979 22
    endloop
  endfacet
  facet normal -0.659268 0.751908 0
    outer loop
      vertex 24.0349 14.6513 22
      vertex 24.2021 14.7979 0
      vertex 24.0349 14.6513 0
    endloop
  endfacet
  facet normal 1 0 0
    outer loop
      vertex 29 -9 22
      vertex 29 -21 22
      vertex 29 -9 18.75
    endloop
  endfacet
  facet normal 1 0 0
    outer loop
      vertex 29 9 18.75
      vertex 29 -3.2 5.01
      vertex 29 3.2 5.01
    endloop
  endfacet
  facet normal 1 -0 0
    outer loop
      vertex 29 -9 18.75
      vertex 29 -3.2 5.01
      vertex 29 9 18.75
    endloop
  endfacet
  facet normal 1 0 0
    outer loop
      vertex 29 -21 0
      vertex 29 -3.2 5.01
      vertex 29 -9 18.75
    endloop
  endfacet
  facet normal 1 0 0
    outer loop
      vertex 29 -21 0
      vertex 29 -9 18.75
      vertex 29 -21 22
    endloop
  endfacet
  facet normal 1 0 0
    outer loop
      vertex 29 -3.2 5.01
      vertex 29 -21 0
      vertex 29 -3.2 0
    endloop
  endfacet
  facet normal 1 0 0
    outer loop
      vertex 29 9 18.75
      vertex 29 21 22
      vertex 29 9 22
    endloop
  endfacet
  facet normal 1 0 0
    outer loop
      vertex 29 21 22
      vertex 29 9 18.75
      vertex 29 21 0
    endloop
  endfacet
  facet normal 1 -0 0
    outer loop
      vertex 29 3.2 5.01
      vertex 29 21 0
      vertex 29 9 18.75
    endloop
  endfacet
  facet normal 1 0 0
    outer loop
      vertex 29 21 0
      vertex 29 3.2 5.01
      vertex 29 3.2 0
    endloop
  endfacet
  facet normal 0 0 1
    outer loop
      vertex 24.6855 15.7781 22
      vertex 29 21 22
      vertex 24.7 16 22
    endloop
  endfacet
  facet normal 0 0 1
    outer loop
      vertex 29 21 22
      vertex 24.6855 16.2219 22
      vertex 24.7 16 22
    endloop
  endfacet
  facet normal 0 0 1
    outer loop
      vertex 29 21 22
      vertex 24.6421 16.44 22
      vertex 24.6855 16.2219 22
    endloop
  endfacet
  facet normal 0 0 1
    outer loop
      vertex 29 21 22
      vertex 24.5706 16.6506 22
      vertex 24.6421 16.44 22
    endloop
  endfacet
  facet normal 0 0 1
    outer loop
      vertex 29 21 22
      vertex 24.4722 16.85 22
      vertex 24.5706 16.6506 22
    endloop
  endfacet
  facet normal 0 0 1
    outer loop
      vertex 29 21 22
      vertex 24.3487 17.0349 22
      vertex 24.4722 16.85 22
    endloop
  endfacet
  facet normal 0 0 1
    outer loop
      vertex 29 21 22
      vertex 24.2021 17.2021 22
      vertex 24.3487 17.0349 22
    endloop
  endfacet
  facet normal 0 0 1
    outer loop
      vertex 29 21 22
      vertex 24.0349 17.3487 22
      vertex 24.2021 17.2021 22
    endloop
  endfacet
  facet normal 0 0 1
    outer loop
      vertex 29 21 22
      vertex 23.85 17.4722 22
      vertex 24.0349 17.3487 22
    endloop
  endfacet
  facet normal 0 0 1
    outer loop
      vertex 29 21 22
      vertex 23.6506 17.5706 22
      vertex 23.85 17.4722 22
    endloop
  endfacet
  facet normal 0 0 1
    outer loop
      vertex 29 21 22
      vertex 23.44 17.6421 22
      vertex 23.6506 17.5706 22
    endloop
  endfacet
  facet normal 0 0 1
    outer loop
      vertex 29 21 22
      vertex 23.2219 17.6855 22
      vertex 23.44 17.6421 22
    endloop
  endfacet
  facet normal 0 0 1
    outer loop
      vertex 29 21 22
      vertex 23 17.7 22
      vertex 23.2219 17.6855 22
    endloop
  endfacet
  facet normal 0 0 1
    outer loop
      vertex 29 21 22
      vertex 22.7781 17.6855 22
      vertex 23 17.7 22
    endloop
  endfacet
  facet normal 0 0 1
    outer loop
      vertex 29 21 22
      vertex 22.56 17.6421 22
      vertex 22.7781 17.6855 22
    endloop
  endfacet
  facet normal 0 0 1
    outer loop
      vertex 29 21 22
      vertex 22.3494 17.5706 22
      vertex 22.56 17.6421 22
    endloop
  endfacet
  facet normal 0 0 1
    outer loop
      vertex -22.3494 17.5706 22
      vertex 22.3494 17.5706 22
      vertex 29 21 22
    endloop
  endfacet
  facet normal 0 0 1
    outer loop
      vertex 21.3145 16.2219 22
      vertex 15.75 12.3 22
      vertex 21.3 16 22
    endloop
  endfacet
  facet normal 0 0 1
    outer loop
      vertex 21.3579 16.44 22
      vertex 15.75 12.3 22
      vertex 21.3145 16.2219 22
    endloop
  endfacet
  facet normal 0 0 1
    outer loop
      vertex 21.4294 16.6506 22
      vertex 15.75 12.3 22
      vertex 21.3579 16.44 22
    endloop
  endfacet
  facet normal 0 0 1
    outer loop
      vertex 21.5278 16.85 22
      vertex 15.75 12.3 22
      vertex 21.4294 16.6506 22
    endloop
  endfacet
  facet normal 0 0 1
    outer loop
      vertex 21.6513 17.0349 22
      vertex 15.75 12.3 22
      vertex 21.5278 16.85 22
    endloop
  endfacet
  facet normal 0 0 1
    outer loop
      vertex 21.7979 17.2021 22
      vertex 15.75 12.3 22
      vertex 21.6513 17.0349 22
    endloop
  endfacet
  facet normal 0 0 1
    outer loop
      vertex -21.7979 17.2021 22
      vertex 21.7979 17.2021 22
      vertex 21.9651 17.3487 22
    endloop
  endfacet
  facet normal 0 0 1
    outer loop
      vertex 21.7979 17.2021 22
      vertex -15.75 12.3 22
      vertex 15.75 12.3 22
    endloop
  endfacet
  facet normal 0 0 1
    outer loop
      vertex -21.9651 17.3487 22
      vertex 21.9651 17.3487 22
      vertex 22.15 17.4722 22
    endloop
  endfacet
  facet normal 0 0 1
    outer loop
      vertex 22.3494 17.5706 22
      vertex -22.3494 17.5706 22
      vertex 22.15 17.4722 22
    endloop
  endfacet
  facet normal -0 0 1
    outer loop
      vertex -21.3145 15.7781 22
      vertex -15.75 12.3 22
      vertex -21.3 16 22
    endloop
  endfacet
  facet normal 0 0 1
    outer loop
      vertex 21.7979 17.2021 22
      vertex -21.7979 17.2021 22
      vertex -15.75 12.3 22
    endloop
  endfacet
  facet normal 0 0 1
    outer loop
      vertex -15.75 12.3 22
      vertex -21.3145 16.2219 22
      vertex -21.3 16 22
    endloop
  endfacet
  facet normal 0 0 1
    outer loop
      vertex -15.75 12.3 22
      vertex -21.3579 16.44 22
      vertex -21.3145 16.2219 22
    endloop
  endfacet
  facet normal 0 0 1
    outer loop
      vertex -15.75 12.3 22
      vertex -21.4294 16.6506 22
      vertex -21.3579 16.44 22
    endloop
  endfacet
  facet normal 0 0 1
    outer loop
      vertex -15.75 12.3 22
      vertex -21.5278 16.85 22
      vertex -21.4294 16.6506 22
    endloop
  endfacet
  facet normal 0 0 1
    outer loop
      vertex -15.75 12.3 22
      vertex -21.6513 17.0349 22
      vertex -21.5278 16.85 22
    endloop
  endfacet
  facet normal 0 0 1
    outer loop
      vertex -15.75 12.3 22
      vertex -21.7979 17.2021 22
      vertex -21.6513 17.0349 22
    endloop
  endfacet
  facet normal 0 0 1
    outer loop
      vertex 21.9651 17.3487 22
      vertex -21.9651 17.3487 22
      vertex -21.7979 17.2021 22
    endloop
  endfacet
  facet normal 0 0 1
    outer loop
      vertex 22.15 17.4722 22
      vertex -22.15 17.4722 22
      vertex -21.9651 17.3487 22
    endloop
  endfacet
  facet normal 0 0 1
    outer loop
      vertex 22.15 17.4722 22
      vertex -22.3494 17.5706 22
      vertex -22.15 17.4722 22
    endloop
  endfacet
  facet normal -0 0 1
    outer loop
      vertex -29 21 22
      vertex -22.3494 17.5706 22
      vertex 29 21 22
    endloop
  endfacet
  facet normal 0 0 1
    outer loop
      vertex -22.3494 17.5706 22
      vertex -29 21 22
      vertex -22.56 17.6421 22
    endloop
  endfacet
  facet normal 0 0 1
    outer loop
      vertex -22.56 17.6421 22
      vertex -29 21 22
      vertex -22.7781 17.6855 22
    endloop
  endfacet
  facet normal 0 0 1
    outer loop
      vertex -24.6855 16.2219 22
      vertex -29 21 22
      vertex -24.7 16 22
    endloop
  endfacet
  facet normal 0 0 1
    outer loop
      vertex -24.6421 16.44 22
      vertex -29 21 22
      vertex -24.6855 16.2219 22
    endloop
  endfacet
  facet normal 0 0 1
    outer loop
      vertex -24.5706 16.6506 22
      vertex -29 21 22
      vertex -24.6421 16.44 22
    endloop
  endfacet
  facet normal 0 0 1
    outer loop
      vertex -24.4722 16.85 22
      vertex -29 21 22
      vertex -24.5706 16.6506 22
    endloop
  endfacet
  facet normal 0 0 1
    outer loop
      vertex -24.3487 17.0349 22
      vertex -29 21 22
      vertex -24.4722 16.85 22
    endloop
  endfacet
  facet normal 0 0 1
    outer loop
      vertex -24.2021 17.2021 22
      vertex -29 21 22
      vertex -24.3487 17.0349 22
    endloop
  endfacet
  facet normal 0 0 1
    outer loop
      vertex -24.0349 17.3487 22
      vertex -29 21 22
      vertex -24.2021 17.2021 22
    endloop
  endfacet
  facet normal 0 0 1
    outer loop
      vertex -23.85 17.4722 22
      vertex -29 21 22
      vertex -24.0349 17.3487 22
    endloop
  endfacet
  facet normal 0 0 1
    outer loop
      vertex -23.6506 17.5706 22
      vertex -29 21 22
      vertex -23.85 17.4722 22
    endloop
  endfacet
  facet normal 0 0 1
    outer loop
      vertex -23.44 17.6421 22
      vertex -29 21 22
      vertex -23.6506 17.5706 22
    endloop
  endfacet
  facet normal 0 0 1
    outer loop
      vertex -23.2219 17.6855 22
      vertex -29 21 22
      vertex -23.44 17.6421 22
    endloop
  endfacet
  facet normal 0 0 1
    outer loop
      vertex -23 17.7 22
      vertex -29 21 22
      vertex -23.2219 17.6855 22
    endloop
  endfacet
  facet normal 0 0 1
    outer loop
      vertex -22.7781 17.6855 22
      vertex -29 21 22
      vertex -23 17.7 22
    endloop
  endfacet
  facet normal 0 0 1
    outer loop
      vertex 29 21 22
      vertex 24.6855 15.7781 22
      vertex 29 9 22
    endloop
  endfacet
  facet normal -0 0 1
    outer loop
      vertex 24.6421 15.56 22
      vertex 29 9 22
      vertex 24.6855 15.7781 22
    endloop
  endfacet
  facet normal -0 0 1
    outer loop
      vertex 24.5706 15.3494 22
      vertex 29 9 22
      vertex 24.6421 15.56 22
    endloop
  endfacet
  facet normal -0 0 1
    outer loop
      vertex 24.4722 15.15 22
      vertex 29 9 22
      vertex 24.5706 15.3494 22
    endloop
  endfacet
  facet normal -0 0 1
    outer loop
      vertex 24.3487 14.9651 22
      vertex 29 9 22
      vertex 24.4722 15.15 22
    endloop
  endfacet
  facet normal -0 0 1
    outer loop
      vertex 24.2021 14.7979 22
      vertex 29 9 22
      vertex 24.3487 14.9651 22
    endloop
  endfacet
  facet normal -0 0 1
    outer loop
      vertex 24.0349 14.6513 22
      vertex 29 9 22
      vertex 24.2021 14.7979 22
    endloop
  endfacet
  facet normal -0 0 1
    outer loop
      vertex 23.85 14.5278 22
      vertex 29 9 22
      vertex 24.0349 14.6513 22
    endloop
  endfacet
  facet normal -0 0 1
    outer loop
      vertex 23.6506 14.4294 22
      vertex 29 9 22
      vertex 23.85 14.5278 22
    endloop
  endfacet
  facet normal -0 0 1
    outer loop
      vertex 23.44 14.3579 22
      vertex 29 9 22
      vertex 23.6506 14.4294 22
    endloop
  endfacet
  facet normal -0 0 1
    outer loop
      vertex 23.2219 14.3145 22
      vertex 29 9 22
      vertex 23.44 14.3579 22
    endloop
  endfacet
  facet normal -0 0 1
    outer loop
      vertex 23 14.3 22
      vertex 29 9 22
      vertex 23.2219 14.3145 22
    endloop
  endfacet
  facet normal 0 0 1
    outer loop
      vertex 22.7781 14.3145 22
      vertex 29 9 22
      vertex 23 14.3 22
    endloop
  endfacet
  facet normal 0 0 1
    outer loop
      vertex 15.75 9 22
      vertex 22.7781 14.3145 22
      vertex 22.56 14.3579 22
    endloop
  endfacet
  facet normal 0 0 1
    outer loop
      vertex 15.75 9 22
      vertex 22.56 14.3579 22
      vertex 22.3494 14.4294 22
    endloop
  endfacet
  facet normal 0 0 1
    outer loop
      vertex 15.75 9 22
      vertex 22.3494 14.4294 22
      vertex 22.15 14.5278 22
    endloop
  endfacet
  facet normal 0 0 1
    outer loop
      vertex 15.75 12.3 22
      vertex 22.15 14.5278 22
      vertex 21.9651 14.6513 22
    endloop
  endfacet
  facet normal 0 0 1
    outer loop
      vertex 15.75 12.3 22
      vertex 21.3145 15.7781 22
      vertex 21.3 16 22
    endloop
  endfacet
  facet normal 0 0 1
    outer loop
      vertex 15.75 12.3 22
      vertex 21.3579 15.56 22
      vertex 21.3145 15.7781 22
    endloop
  endfacet
  facet normal 0 0 1
    outer loop
      vertex 15.75 12.3 22
      vertex 21.4294 15.3494 22
      vertex 21.3579 15.56 22
    endloop
  endfacet
  facet normal 0 0 1
    outer loop
      vertex 15.75 12.3 22
      vertex 21.5278 15.15 22
      vertex 21.4294 15.3494 22
    endloop
  endfacet
  facet normal 0 0 1
    outer loop
      vertex 15.75 12.3 22
      vertex 21.6513 14.9651 22
      vertex 21.5278 15.15 22
    endloop
  endfacet
  facet normal 0 0 1
    outer loop
      vertex 15.75 12.3 22
      vertex 21.7979 14.7979 22
      vertex 21.6513 14.9651 22
    endloop
  endfacet
  facet normal 0 0 1
    outer loop
      vertex 15.75 12.3 22
      vertex 21.9651 14.6513 22
      vertex 21.7979 14.7979 22
    endloop
  endfacet
  facet normal 0 0 1
    outer loop
      vertex 22.15 14.5278 22
      vertex 15.75 12.3 22
      vertex 15.75 9 22
    endloop
  endfacet
  facet normal 0 0 1
    outer loop
      vertex 22.7781 14.3145 22
      vertex 15.75 9 22
      vertex 29 9 22
    endloop
  endfacet
  facet normal -0 0 1
    outer loop
      vertex -21.3579 15.56 22
      vertex -15.75 12.3 22
      vertex -21.3145 15.7781 22
    endloop
  endfacet
  facet normal -0 0 1
    outer loop
      vertex -21.4294 15.3494 22
      vertex -15.75 12.3 22
      vertex -21.3579 15.56 22
    endloop
  endfacet
  facet normal -0 0 1
    outer loop
      vertex -21.5278 15.15 22
      vertex -15.75 12.3 22
      vertex -21.4294 15.3494 22
    endloop
  endfacet
  facet normal -0 0 1
    outer loop
      vertex -21.6513 14.9651 22
      vertex -15.75 12.3 22
      vertex -21.5278 15.15 22
    endloop
  endfacet
  facet normal -0 0 1
    outer loop
      vertex -21.7979 14.7979 22
      vertex -15.75 12.3 22
      vertex -21.6513 14.9651 22
    endloop
  endfacet
  facet normal -0 0 1
    outer loop
      vertex -21.9651 14.6513 22
      vertex -15.75 12.3 22
      vertex -21.7979 14.7979 22
    endloop
  endfacet
  facet normal -0 0 1
    outer loop
      vertex -22.15 14.5278 22
      vertex -15.75 12.3 22
      vertex -21.9651 14.6513 22
    endloop
  endfacet
  facet normal 0 0 1
    outer loop
      vertex -15.75 12.3 22
      vertex -22.15 14.5278 22
      vertex -15.75 9 22
    endloop
  endfacet
  facet normal -0 0 1
    outer loop
      vertex -22.3494 14.4294 22
      vertex -15.75 9 22
      vertex -22.15 14.5278 22
    endloop
  endfacet
  facet normal -0 0 1
    outer loop
      vertex -22.56 14.3579 22
      vertex -15.75 9 22
      vertex -22.3494 14.4294 22
    endloop
  endfacet
  facet normal -0 0 1
    outer loop
      vertex -22.7781 14.3145 22
      vertex -15.75 9 22
      vertex -22.56 14.3579 22
    endloop
  endfacet
  facet normal 0 0 1
    outer loop
      vertex -29 9 22
      vertex -22.7781 14.3145 22
      vertex -23 14.3 22
    endloop
  endfacet
  facet normal 0 0 1
    outer loop
      vertex -29 9 22
      vertex -23 14.3 22
      vertex -23.2219 14.3145 22
    endloop
  endfacet
  facet normal 0 0 1
    outer loop
      vertex -29 9 22
      vertex -23.2219 14.3145 22
      vertex -23.44 14.3579 22
    endloop
  endfacet
  facet normal 0 0 1
    outer loop
      vertex -29 9 22
      vertex -23.44 14.3579 22
      vertex -23.6506 14.4294 22
    endloop
  endfacet
  facet normal 0 0 1
    outer loop
      vertex -29 9 22
      vertex -23.6506 14.4294 22
      vertex -23.85 14.5278 22
    endloop
  endfacet
  facet normal 0 0 1
    outer loop
      vertex -29 9 22
      vertex -23.85 14.5278 22
      vertex -24.0349 14.6513 22
    endloop
  endfacet
  facet normal 0 0 1
    outer loop
      vertex -29 21 22
      vertex -24.6855 15.7781 22
      vertex -24.7 16 22
    endloop
  endfacet
  facet normal 0 0 1
    outer loop
      vertex -29 9 22
      vertex -24.6855 15.7781 22
      vertex -29 21 22
    endloop
  endfacet
  facet normal 0 0 1
    outer loop
      vertex -24.6855 15.7781 22
      vertex -29 9 22
      vertex -24.6421 15.56 22
    endloop
  endfacet
  facet normal 0 0 1
    outer loop
      vertex -24.6421 15.56 22
      vertex -29 9 22
      vertex -24.5706 15.3494 22
    endloop
  endfacet
  facet normal 0 0 1
    outer loop
      vertex -24.5706 15.3494 22
      vertex -29 9 22
      vertex -24.4722 15.15 22
    endloop
  endfacet
  facet normal 0 0 1
    outer loop
      vertex -22.7781 14.3145 22
      vertex -29 9 22
      vertex -15.75 9 22
    endloop
  endfacet
  facet normal 0 0 1
    outer loop
      vertex -24.2021 14.7979 22
      vertex -29 9 22
      vertex -24.0349 14.6513 22
    endloop
  endfacet
  facet normal 0 0 1
    outer loop
      vertex -24.3487 14.9651 22
      vertex -29 9 22
      vertex -24.2021 14.7979 22
    endloop
  endfacet
  facet normal 0 0 1
    outer loop
      vertex -24.4722 15.15 22
      vertex -29 9 22
      vertex -24.3487 14.9651 22
    endloop
  endfacet
  facet normal 0 0 1
    outer loop
      vertex -22.15 -14.5278 22
      vertex -15.75 -12.3 22
      vertex -15.75 -9 22
    endloop
  endfacet
  facet normal 0 0 1
    outer loop
      vertex -15.75 -12.3 22
      vertex -21.3145 -15.7781 22
      vertex -21.3 -16 22
    endloop
  endfacet
  facet normal 0 0 1
    outer loop
      vertex -15.75 -12.3 22
      vertex -21.3579 -15.56 22
      vertex -21.3145 -15.7781 22
    endloop
  endfacet
  facet normal 0 0 1
    outer loop
      vertex -15.75 -12.3 22
      vertex -21.4294 -15.3494 22
      vertex -21.3579 -15.56 22
    endloop
  endfacet
  facet normal 0 0 1
    outer loop
      vertex -15.75 -12.3 22
      vertex -21.5278 -15.15 22
      vertex -21.4294 -15.3494 22
    endloop
  endfacet
  facet normal 0 0 1
    outer loop
      vertex -15.75 -12.3 22
      vertex -21.6513 -14.9651 22
      vertex -21.5278 -15.15 22
    endloop
  endfacet
  facet normal 0 0 1
    outer loop
      vertex -15.75 -12.3 22
      vertex -21.7979 -14.7979 22
      vertex -21.6513 -14.9651 22
    endloop
  endfacet
  facet normal 0 0 1
    outer loop
      vertex -15.75 -12.3 22
      vertex -21.9651 -14.6513 22
      vertex -21.7979 -14.7979 22
    endloop
  endfacet
  facet normal 0 0 1
    outer loop
      vertex -15.75 -12.3 22
      vertex -22.15 -14.5278 22
      vertex -21.9651 -14.6513 22
    endloop
  endfacet
  facet normal 0 0 1
    outer loop
      vertex -15.75 -9 22
      vertex -22.3494 -14.4294 22
      vertex -22.15 -14.5278 22
    endloop
  endfacet
  facet normal 0 0 1
    outer loop
      vertex -15.75 -9 22
      vertex -22.56 -14.3579 22
      vertex -22.3494 -14.4294 22
    endloop
  endfacet
  facet normal 0 0 1
    outer loop
      vertex -15.75 -9 22
      vertex -22.7781 -14.3145 22
      vertex -22.56 -14.3579 22
    endloop
  endfacet
  facet normal -0 0 1
    outer loop
      vertex -29 -9 22
      vertex -22.7781 -14.3145 22
      vertex -15.75 -9 22
    endloop
  endfacet
  facet normal 0 0 1
    outer loop
      vertex -22.7781 -14.3145 22
      vertex -29 -9 22
      vertex -23 -14.3 22
    endloop
  endfacet
  facet normal 0 0 1
    outer loop
      vertex -23 -14.3 22
      vertex -29 -9 22
      vertex -23.2219 -14.3145 22
    endloop
  endfacet
  facet normal 0 0 1
    outer loop
      vertex -23.2219 -14.3145 22
      vertex -29 -9 22
      vertex -23.44 -14.3579 22
    endloop
  endfacet
  facet normal 0 0 1
    outer loop
      vertex -23.44 -14.3579 22
      vertex -29 -9 22
      vertex -23.6506 -14.4294 22
    endloop
  endfacet
  facet normal 0 0 1
    outer loop
      vertex -23.6506 -14.4294 22
      vertex -29 -9 22
      vertex -23.85 -14.5278 22
    endloop
  endfacet
  facet normal 0 0 1
    outer loop
      vertex -29 -21 22
      vertex -24.6855 -15.7781 22
      vertex -29 -9 22
    endloop
  endfacet
  facet normal 0 0 1
    outer loop
      vertex -24.6421 -15.56 22
      vertex -29 -9 22
      vertex -24.6855 -15.7781 22
    endloop
  endfacet
  facet normal 0 0 1
    outer loop
      vertex -24.5706 -15.3494 22
      vertex -29 -9 22
      vertex -24.6421 -15.56 22
    endloop
  endfacet
  facet normal 0 0 1
    outer loop
      vertex -24.4722 -15.15 22
      vertex -29 -9 22
      vertex -24.5706 -15.3494 22
    endloop
  endfacet
  facet normal 0 0 1
    outer loop
      vertex -24.3487 -14.9651 22
      vertex -29 -9 22
      vertex -24.4722 -15.15 22
    endloop
  endfacet
  facet normal 0 0 1
    outer loop
      vertex -24.2021 -14.7979 22
      vertex -29 -9 22
      vertex -24.3487 -14.9651 22
    endloop
  endfacet
  facet normal 0 0 1
    outer loop
      vertex -24.0349 -14.6513 22
      vertex -29 -9 22
      vertex -24.2021 -14.7979 22
    endloop
  endfacet
  facet normal 0 0 1
    outer loop
      vertex -23.85 -14.5278 22
      vertex -29 -9 22
      vertex -24.0349 -14.6513 22
    endloop
  endfacet
  facet normal -0 0 1
    outer loop
      vertex 24.6855 -15.7781 22
      vertex 29 -21 22
      vertex 29 -9 22
    endloop
  endfacet
  facet normal 0 0 1
    outer loop
      vertex 29 -21 22
      vertex 24.6855 -15.7781 22
      vertex 24.7 -16 22
    endloop
  endfacet
  facet normal 0 0 1
    outer loop
      vertex 29 -9 22
      vertex 24.6421 -15.56 22
      vertex 24.6855 -15.7781 22
    endloop
  endfacet
  facet normal 0 0 1
    outer loop
      vertex 29 -9 22
      vertex 24.5706 -15.3494 22
      vertex 24.6421 -15.56 22
    endloop
  endfacet
  facet normal 0 0 1
    outer loop
      vertex 29 -9 22
      vertex 24.4722 -15.15 22
      vertex 24.5706 -15.3494 22
    endloop
  endfacet
  facet normal 0 0 1
    outer loop
      vertex 29 -9 22
      vertex 24.3487 -14.9651 22
      vertex 24.4722 -15.15 22
    endloop
  endfacet
  facet normal 0 0 1
    outer loop
      vertex 29 -9 22
      vertex 24.2021 -14.7979 22
      vertex 24.3487 -14.9651 22
    endloop
  endfacet
  facet normal 0 0 1
    outer loop
      vertex 29 -9 22
      vertex 24.0349 -14.6513 22
      vertex 24.2021 -14.7979 22
    endloop
  endfacet
  facet normal 0 0 1
    outer loop
      vertex 29 -9 22
      vertex 23.85 -14.5278 22
      vertex 24.0349 -14.6513 22
    endloop
  endfacet
  facet normal 0 0 1
    outer loop
      vertex 29 -9 22
      vertex 23.6506 -14.4294 22
      vertex 23.85 -14.5278 22
    endloop
  endfacet
  facet normal 0 0 1
    outer loop
      vertex 29 -9 22
      vertex 23.44 -14.3579 22
      vertex 23.6506 -14.4294 22
    endloop
  endfacet
  facet normal 0 0 1
    outer loop
      vertex 29 -9 22
      vertex 23.2219 -14.3145 22
      vertex 23.44 -14.3579 22
    endloop
  endfacet
  facet normal 0 0 1
    outer loop
      vertex 29 -9 22
      vertex 23 -14.3 22
      vertex 23.2219 -14.3145 22
    endloop
  endfacet
  facet normal 0 0 1
    outer loop
      vertex 29 -9 22
      vertex 22.7781 -14.3145 22
      vertex 23 -14.3 22
    endloop
  endfacet
  facet normal -0 0 1
    outer loop
      vertex 15.75 -9 22
      vertex 22.7781 -14.3145 22
      vertex 29 -9 22
    endloop
  endfacet
  facet normal 0 0 1
    outer loop
      vertex 22.7781 -14.3145 22
      vertex 15.75 -9 22
      vertex 22.56 -14.3579 22
    endloop
  endfacet
  facet normal 0 0 1
    outer loop
      vertex 22.56 -14.3579 22
      vertex 15.75 -9 22
      vertex 22.3494 -14.4294 22
    endloop
  endfacet
  facet normal 0 0 1
    outer loop
      vertex 22.3494 -14.4294 22
      vertex 15.75 -9 22
      vertex 22.15 -14.5278 22
    endloop
  endfacet
  facet normal 0 0 1
    outer loop
      vertex 21.3579 -15.56 22
      vertex 15.75 -12.3 22
      vertex 21.3145 -15.7781 22
    endloop
  endfacet
  facet normal 0 0 1
    outer loop
      vertex 21.4294 -15.3494 22
      vertex 15.75 -12.3 22
      vertex 21.3579 -15.56 22
    endloop
  endfacet
  facet normal 0 0 1
    outer loop
      vertex 21.5278 -15.15 22
      vertex 15.75 -12.3 22
      vertex 21.4294 -15.3494 22
    endloop
  endfacet
  facet normal 0 0 1
    outer loop
      vertex 21.6513 -14.9651 22
      vertex 15.75 -12.3 22
      vertex 21.5278 -15.15 22
    endloop
  endfacet
  facet normal 0 0 1
    outer loop
      vertex 21.7979 -14.7979 22
      vertex 15.75 -12.3 22
      vertex 21.6513 -14.9651 22
    endloop
  endfacet
  facet normal 0 0 1
    outer loop
      vertex 21.9651 -14.6513 22
      vertex 15.75 -12.3 22
      vertex 21.7979 -14.7979 22
    endloop
  endfacet
  facet normal 0 0 1
    outer loop
      vertex 22.15 -14.5278 22
      vertex 15.75 -12.3 22
      vertex 21.9651 -14.6513 22
    endloop
  endfacet
  facet normal -0 0 1
    outer loop
      vertex 15.75 -12.3 22
      vertex 22.15 -14.5278 22
      vertex 15.75 -9 22
    endloop
  endfacet
  facet normal -0 0 1
    outer loop
      vertex 24.6855 -16.2219 22
      vertex 29 -21 22
      vertex 24.7 -16 22
    endloop
  endfacet
  facet normal -0 0 1
    outer loop
      vertex 24.6421 -16.44 22
      vertex 29 -21 22
      vertex 24.6855 -16.2219 22
    endloop
  endfacet
  facet normal -0 0 1
    outer loop
      vertex 24.5706 -16.6506 22
      vertex 29 -21 22
      vertex 24.6421 -16.44 22
    endloop
  endfacet
  facet normal -0 0 1
    outer loop
      vertex 24.4722 -16.85 22
      vertex 29 -21 22
      vertex 24.5706 -16.6506 22
    endloop
  endfacet
  facet normal -0 0 1
    outer loop
      vertex 24.3487 -17.0349 22
      vertex 29 -21 22
      vertex 24.4722 -16.85 22
    endloop
  endfacet
  facet normal -0 0 1
    outer loop
      vertex 24.2021 -17.2021 22
      vertex 29 -21 22
      vertex 24.3487 -17.0349 22
    endloop
  endfacet
  facet normal -0 0 1
    outer loop
      vertex 24.0349 -17.3487 22
      vertex 29 -21 22
      vertex 24.2021 -17.2021 22
    endloop
  endfacet
  facet normal -0 0 1
    outer loop
      vertex 23.85 -17.4722 22
      vertex 29 -21 22
      vertex 24.0349 -17.3487 22
    endloop
  endfacet
  facet normal -0 0 1
    outer loop
      vertex 23.6506 -17.5706 22
      vertex 29 -21 22
      vertex 23.85 -17.4722 22
    endloop
  endfacet
  facet normal -0 0 1
    outer loop
      vertex 23.44 -17.6421 22
      vertex 29 -21 22
      vertex 23.6506 -17.5706 22
    endloop
  endfacet
  facet normal -0 0 1
    outer loop
      vertex 23.2219 -17.6855 22
      vertex 29 -21 22
      vertex 23.44 -17.6421 22
    endloop
  endfacet
  facet normal -0 0 1
    outer loop
      vertex 23 -17.7 22
      vertex 29 -21 22
      vertex 23.2219 -17.6855 22
    endloop
  endfacet
  facet normal 0 0 1
    outer loop
      vertex 22.7781 -17.6855 22
      vertex 29 -21 22
      vertex 23 -17.7 22
    endloop
  endfacet
  facet normal 0 0 1
    outer loop
      vertex 22.56 -17.6421 22
      vertex 29 -21 22
      vertex 22.7781 -17.6855 22
    endloop
  endfacet
  facet normal 0 0 1
    outer loop
      vertex 22.3494 -17.5706 22
      vertex 29 -21 22
      vertex 22.56 -17.6421 22
    endloop
  endfacet
  facet normal 0 0 1
    outer loop
      vertex -22.3494 -17.5706 22
      vertex 22.3494 -17.5706 22
      vertex 22.15 -17.4722 22
    endloop
  endfacet
  facet normal 0 0 1
    outer loop
      vertex 21.3145 -15.7781 22
      vertex 15.75 -12.3 22
      vertex 21.3 -16 22
    endloop
  endfacet
  facet normal 0 0 1
    outer loop
      vertex 21.3 -16 22
      vertex 15.75 -12.3 22
      vertex 21.3145 -16.2219 22
    endloop
  endfacet
  facet normal 0 0 1
    outer loop
      vertex 21.3145 -16.2219 22
      vertex 15.75 -12.3 22
      vertex 21.3579 -16.44 22
    endloop
  endfacet
  facet normal 0 0 1
    outer loop
      vertex 21.3579 -16.44 22
      vertex 15.75 -12.3 22
      vertex 21.4294 -16.6506 22
    endloop
  endfacet
  facet normal 0 0 1
    outer loop
      vertex 21.4294 -16.6506 22
      vertex 15.75 -12.3 22
      vertex 21.5278 -16.85 22
    endloop
  endfacet
  facet normal 0 0 1
    outer loop
      vertex 21.5278 -16.85 22
      vertex 15.75 -12.3 22
      vertex 21.6513 -17.0349 22
    endloop
  endfacet
  facet normal 0 0 1
    outer loop
      vertex 15.75 -12.3 22
      vertex 21.7979 -17.2021 22
      vertex 21.6513 -17.0349 22
    endloop
  endfacet
  facet normal -0 0 1
    outer loop
      vertex -15.75 -12.3 22
      vertex 21.7979 -17.2021 22
      vertex 15.75 -12.3 22
    endloop
  endfacet
  facet normal 0 0 1
    outer loop
      vertex -21.7979 -17.2021 22
      vertex 21.7979 -17.2021 22
      vertex -15.75 -12.3 22
    endloop
  endfacet
  facet normal 0 0 1
    outer loop
      vertex 21.7979 -17.2021 22
      vertex -21.7979 -17.2021 22
      vertex 21.9651 -17.3487 22
    endloop
  endfacet
  facet normal 0 0 1
    outer loop
      vertex -21.9651 -17.3487 22
      vertex 21.9651 -17.3487 22
      vertex -21.7979 -17.2021 22
    endloop
  endfacet
  facet normal 0 0 1
    outer loop
      vertex -21.3145 -16.2219 22
      vertex -15.75 -12.3 22
      vertex -21.3 -16 22
    endloop
  endfacet
  facet normal 0 0 1
    outer loop
      vertex -21.3579 -16.44 22
      vertex -15.75 -12.3 22
      vertex -21.3145 -16.2219 22
    endloop
  endfacet
  facet normal 0 0 1
    outer loop
      vertex -21.4294 -16.6506 22
      vertex -15.75 -12.3 22
      vertex -21.3579 -16.44 22
    endloop
  endfacet
  facet normal 0 0 1
    outer loop
      vertex -21.5278 -16.85 22
      vertex -15.75 -12.3 22
      vertex -21.4294 -16.6506 22
    endloop
  endfacet
  facet normal 0 0 1
    outer loop
      vertex -21.6513 -17.0349 22
      vertex -15.75 -12.3 22
      vertex -21.5278 -16.85 22
    endloop
  endfacet
  facet normal 0 0 1
    outer loop
      vertex -21.7979 -17.2021 22
      vertex -15.75 -12.3 22
      vertex -21.6513 -17.0349 22
    endloop
  endfacet
  facet normal 0 0 1
    outer loop
      vertex 21.9651 -17.3487 22
      vertex -21.9651 -17.3487 22
      vertex 22.15 -17.4722 22
    endloop
  endfacet
  facet normal 0 0 1
    outer loop
      vertex -22.15 -17.4722 22
      vertex 22.15 -17.4722 22
      vertex -21.9651 -17.3487 22
    endloop
  endfacet
  facet normal 0 0 1
    outer loop
      vertex -22.3494 -17.5706 22
      vertex 22.15 -17.4722 22
      vertex -22.15 -17.4722 22
    endloop
  endfacet
  facet normal 0 0 1
    outer loop
      vertex 22.3494 -17.5706 22
      vertex -22.3494 -17.5706 22
      vertex 29 -21 22
    endloop
  endfacet
  facet normal 0 0 1
    outer loop
      vertex -29 -21 22
      vertex -22.3494 -17.5706 22
      vertex -22.56 -17.6421 22
    endloop
  endfacet
  facet normal 0 0 1
    outer loop
      vertex -29 -21 22
      vertex -22.56 -17.6421 22
      vertex -22.7781 -17.6855 22
    endloop
  endfacet
  facet normal 0 0 1
    outer loop
      vertex -29 -21 22
      vertex -22.7781 -17.6855 22
      vertex -23 -17.7 22
    endloop
  endfacet
  facet normal 0 0 1
    outer loop
      vertex -24.6855 -15.7781 22
      vertex -29 -21 22
      vertex -24.7 -16 22
    endloop
  endfacet
  facet normal 0 0 1
    outer loop
      vertex -24.7 -16 22
      vertex -29 -21 22
      vertex -24.6855 -16.2219 22
    endloop
  endfacet
  facet normal 0 0 1
    outer loop
      vertex -24.6855 -16.2219 22
      vertex -29 -21 22
      vertex -24.6421 -16.44 22
    endloop
  endfacet
  facet normal 0 0 1
    outer loop
      vertex -24.6421 -16.44 22
      vertex -29 -21 22
      vertex -24.5706 -16.6506 22
    endloop
  endfacet
  facet normal 0 0 1
    outer loop
      vertex -22.3494 -17.5706 22
      vertex -29 -21 22
      vertex 29 -21 22
    endloop
  endfacet
  facet normal 0 0 1
    outer loop
      vertex -23.2219 -17.6855 22
      vertex -29 -21 22
      vertex -23 -17.7 22
    endloop
  endfacet
  facet normal 0 0 1
    outer loop
      vertex -23.44 -17.6421 22
      vertex -29 -21 22
      vertex -23.2219 -17.6855 22
    endloop
  endfacet
  facet normal 0 0 1
    outer loop
      vertex -23.6506 -17.5706 22
      vertex -29 -21 22
      vertex -23.44 -17.6421 22
    endloop
  endfacet
  facet normal 0 0 1
    outer loop
      vertex -23.85 -17.4722 22
      vertex -29 -21 22
      vertex -23.6506 -17.5706 22
    endloop
  endfacet
  facet normal 0 0 1
    outer loop
      vertex -24.0349 -17.3487 22
      vertex -29 -21 22
      vertex -23.85 -17.4722 22
    endloop
  endfacet
  facet normal 0 0 1
    outer loop
      vertex -24.2021 -17.2021 22
      vertex -29 -21 22
      vertex -24.0349 -17.3487 22
    endloop
  endfacet
  facet normal 0 0 1
    outer loop
      vertex -24.3487 -17.0349 22
      vertex -29 -21 22
      vertex -24.2021 -17.2021 22
    endloop
  endfacet
  facet normal 0 0 1
    outer loop
      vertex -24.4722 -16.85 22
      vertex -29 -21 22
      vertex -24.3487 -17.0349 22
    endloop
  endfacet
  facet normal 0 0 1
    outer loop
      vertex -24.5706 -16.6506 22
      vertex -29 -21 22
      vertex -24.4722 -16.85 22
    endloop
  endfacet
  facet normal 0 0 -1
    outer loop
      vertex -22.7781 14.3145 0
      vertex -20 14 0
      vertex -20 3.2 0
    endloop
  endfacet
  facet normal 0 0 -1
    outer loop
      vertex -20 14 0
      vertex -21.3145 15.7781 0
      vertex -21.3 16 0
    endloop
  endfacet
  facet normal 0 0 -1
    outer loop
      vertex -20 14 0
      vertex -21.3579 15.56 0
      vertex -21.3145 15.7781 0
    endloop
  endfacet
  facet normal 0 0 -1
    outer loop
      vertex -20 14 0
      vertex -21.4294 15.3494 0
      vertex -21.3579 15.56 0
    endloop
  endfacet
  facet normal 0 0 -1
    outer loop
      vertex -20 14 0
      vertex -21.5278 15.15 0
      vertex -21.4294 15.3494 0
    endloop
  endfacet
  facet normal 0 0 -1
    outer loop
      vertex -20 14 0
      vertex -21.6513 14.9651 0
      vertex -21.5278 15.15 0
    endloop
  endfacet
  facet normal 0 0 -1
    outer loop
      vertex -20 14 0
      vertex -21.7979 14.7979 0
      vertex -21.6513 14.9651 0
    endloop
  endfacet
  facet normal 0 0 -1
    outer loop
      vertex -20 14 0
      vertex -21.9651 14.6513 0
      vertex -21.7979 14.7979 0
    endloop
  endfacet
  facet normal 0 0 -1
    outer loop
      vertex -20 14 0
      vertex -22.15 14.5278 0
      vertex -21.9651 14.6513 0
    endloop
  endfacet
  facet normal 0 0 -1
    outer loop
      vertex -20 14 0
      vertex -22.3494 14.4294 0
      vertex -22.15 14.5278 0
    endloop
  endfacet
  facet normal 0 0 -1
    outer loop
      vertex -20 14 0
      vertex -22.56 14.3579 0
      vertex -22.3494 14.4294 0
    endloop
  endfacet
  facet normal 0 0 -1
    outer loop
      vertex -20 14 0
      vertex -22.7781 14.3145 0
      vertex -22.56 14.3579 0
    endloop
  endfacet
  facet normal 0 0 -1
    outer loop
      vertex -20 3.2 0
      vertex -23 14.3 0
      vertex -22.7781 14.3145 0
    endloop
  endfacet
  facet normal 0 0 -1
    outer loop
      vertex -20 3.2 0
      vertex -23.2219 14.3145 0
      vertex -23 14.3 0
    endloop
  endfacet
  facet normal 0 0 -1
    outer loop
      vertex -29 3.2 0
      vertex -23.2219 14.3145 0
      vertex -20 3.2 0
    endloop
  endfacet
  facet normal -0 0 -1
    outer loop
      vertex -23.2219 14.3145 0
      vertex -29 3.2 0
      vertex -23.44 14.3579 0
    endloop
  endfacet
  facet normal -0 0 -1
    outer loop
      vertex -23.44 14.3579 0
      vertex -29 3.2 0
      vertex -23.6506 14.4294 0
    endloop
  endfacet
  facet normal -0 0 -1
    outer loop
      vertex -23.6506 14.4294 0
      vertex -29 3.2 0
      vertex -23.85 14.5278 0
    endloop
  endfacet
  facet normal -0 0 -1
    outer loop
      vertex -23.85 14.5278 0
      vertex -29 3.2 0
      vertex -24.0349 14.6513 0
    endloop
  endfacet
  facet normal -0 0 -1
    outer loop
      vertex -24.0349 14.6513 0
      vertex -29 3.2 0
      vertex -24.2021 14.7979 0
    endloop
  endfacet
  facet normal -0 0 -1
    outer loop
      vertex -24.2021 14.7979 0
      vertex -29 3.2 0
      vertex -24.3487 14.9651 0
    endloop
  endfacet
  facet normal -0 0 -1
    outer loop
      vertex -24.3487 14.9651 0
      vertex -29 3.2 0
      vertex -24.4722 15.15 0
    endloop
  endfacet
  facet normal 0 0 -1
    outer loop
      vertex -24.6421 15.56 0
      vertex -29 21 0
      vertex -24.6855 15.7781 0
    endloop
  endfacet
  facet normal 0 0 -1
    outer loop
      vertex -29 21 0
      vertex -24.6421 15.56 0
      vertex -29 3.2 0
    endloop
  endfacet
  facet normal -0 0 -1
    outer loop
      vertex -24.5706 15.3494 0
      vertex -29 3.2 0
      vertex -24.6421 15.56 0
    endloop
  endfacet
  facet normal -0 0 -1
    outer loop
      vertex -24.4722 15.15 0
      vertex -29 3.2 0
      vertex -24.5706 15.3494 0
    endloop
  endfacet
  facet normal 0 0 -1
    outer loop
      vertex 24.6421 15.56 0
      vertex 29 21 0
      vertex 29 3.2 0
    endloop
  endfacet
  facet normal 0 0 -1
    outer loop
      vertex 29 21 0
      vertex 24.6855 15.7781 0
      vertex 24.7 16 0
    endloop
  endfacet
  facet normal 0 0 -1
    outer loop
      vertex 29 21 0
      vertex 24.6421 15.56 0
      vertex 24.6855 15.7781 0
    endloop
  endfacet
  facet normal 0 0 -1
    outer loop
      vertex 29 3.2 0
      vertex 24.5706 15.3494 0
      vertex 24.6421 15.56 0
    endloop
  endfacet
  facet normal 0 0 -1
    outer loop
      vertex 29 3.2 0
      vertex 24.4722 15.15 0
      vertex 24.5706 15.3494 0
    endloop
  endfacet
  facet normal 0 0 -1
    outer loop
      vertex 29 3.2 0
      vertex 24.3487 14.9651 0
      vertex 24.4722 15.15 0
    endloop
  endfacet
  facet normal 0 0 -1
    outer loop
      vertex 29 3.2 0
      vertex 24.2021 14.7979 0
      vertex 24.3487 14.9651 0
    endloop
  endfacet
  facet normal 0 0 -1
    outer loop
      vertex 29 3.2 0
      vertex 24.0349 14.6513 0
      vertex 24.2021 14.7979 0
    endloop
  endfacet
  facet normal 0 0 -1
    outer loop
      vertex 29 3.2 0
      vertex 23.85 14.5278 0
      vertex 24.0349 14.6513 0
    endloop
  endfacet
  facet normal 0 0 -1
    outer loop
      vertex 29 3.2 0
      vertex 23.6506 14.4294 0
      vertex 23.85 14.5278 0
    endloop
  endfacet
  facet normal 0 0 -1
    outer loop
      vertex 29 3.2 0
      vertex 23.44 14.3579 0
      vertex 23.6506 14.4294 0
    endloop
  endfacet
  facet normal 0 0 -1
    outer loop
      vertex 29 3.2 0
      vertex 23.2219 14.3145 0
      vertex 23.44 14.3579 0
    endloop
  endfacet
  facet normal 0 0 -1
    outer loop
      vertex 20 3.2 0
      vertex 23.2219 14.3145 0
      vertex 29 3.2 0
    endloop
  endfacet
  facet normal 0 0 -1
    outer loop
      vertex 23.2219 14.3145 0
      vertex 20 3.2 0
      vertex 23 14.3 0
    endloop
  endfacet
  facet normal -0 0 -1
    outer loop
      vertex 23 14.3 0
      vertex 20 3.2 0
      vertex 22.7781 14.3145 0
    endloop
  endfacet
  facet normal 0 0 -1
    outer loop
      vertex 20 14 0
      vertex 22.7781 14.3145 0
      vertex 20 3.2 0
    endloop
  endfacet
  facet normal -0 0 -1
    outer loop
      vertex 22.7781 14.3145 0
      vertex 20 14 0
      vertex 22.56 14.3579 0
    endloop
  endfacet
  facet normal -0 0 -1
    outer loop
      vertex 22.56 14.3579 0
      vertex 20 14 0
      vertex 22.3494 14.4294 0
    endloop
  endfacet
  facet normal -0 0 -1
    outer loop
      vertex 22.3494 14.4294 0
      vertex 20 14 0
      vertex 22.15 14.5278 0
    endloop
  endfacet
  facet normal -0 0 -1
    outer loop
      vertex 22.15 14.5278 0
      vertex 20 14 0
      vertex 21.9651 14.6513 0
    endloop
  endfacet
  facet normal -0 0 -1
    outer loop
      vertex 21.9651 14.6513 0
      vertex 20 14 0
      vertex 21.7979 14.7979 0
    endloop
  endfacet
  facet normal -0 0 -1
    outer loop
      vertex 21.3579 15.56 0
      vertex 20 14 0
      vertex 21.3145 15.7781 0
    endloop
  endfacet
  facet normal -0 0 -1
    outer loop
      vertex 21.4294 15.3494 0
      vertex 20 14 0
      vertex 21.3579 15.56 0
    endloop
  endfacet
  facet normal -0 0 -1
    outer loop
      vertex 21.5278 15.15 0
      vertex 20 14 0
      vertex 21.4294 15.3494 0
    endloop
  endfacet
  facet normal -0 0 -1
    outer loop
      vertex 21.6513 14.9651 0
      vertex 20 14 0
      vertex 21.5278 15.15 0
    endloop
  endfacet
  facet normal -0 0 -1
    outer loop
      vertex 21.7979 14.7979 0
      vertex 20 14 0
      vertex 21.6513 14.9651 0
    endloop
  endfacet
  facet normal 0 0 -1
    outer loop
      vertex 24.6855 16.2219 0
      vertex 29 21 0
      vertex 24.7 16 0
    endloop
  endfacet
  facet normal 0 0 -1
    outer loop
      vertex 24.6421 16.44 0
      vertex 29 21 0
      vertex 24.6855 16.2219 0
    endloop
  endfacet
  facet normal 0 0 -1
    outer loop
      vertex 24.5706 16.6506 0
      vertex 29 21 0
      vertex 24.6421 16.44 0
    endloop
  endfacet
  facet normal 0 0 -1
    outer loop
      vertex 24.4722 16.85 0
      vertex 29 21 0
      vertex 24.5706 16.6506 0
    endloop
  endfacet
  facet normal 0 0 -1
    outer loop
      vertex 24.3487 17.0349 0
      vertex 29 21 0
      vertex 24.4722 16.85 0
    endloop
  endfacet
  facet normal 0 0 -1
    outer loop
      vertex 24.2021 17.2021 0
      vertex 29 21 0
      vertex 24.3487 17.0349 0
    endloop
  endfacet
  facet normal 0 0 -1
    outer loop
      vertex 24.0349 17.3487 0
      vertex 29 21 0
      vertex 24.2021 17.2021 0
    endloop
  endfacet
  facet normal 0 0 -1
    outer loop
      vertex 23.85 17.4722 0
      vertex 29 21 0
      vertex 24.0349 17.3487 0
    endloop
  endfacet
  facet normal 0 0 -1
    outer loop
      vertex 23.6506 17.5706 0
      vertex 29 21 0
      vertex 23.85 17.4722 0
    endloop
  endfacet
  facet normal 0 0 -1
    outer loop
      vertex 23.44 17.6421 0
      vertex 29 21 0
      vertex 23.6506 17.5706 0
    endloop
  endfacet
  facet normal 0 0 -1
    outer loop
      vertex 23.2219 17.6855 0
      vertex 29 21 0
      vertex 23.44 17.6421 0
    endloop
  endfacet
  facet normal 0 0 -1
    outer loop
      vertex 23 17.7 0
      vertex 29 21 0
      vertex 23.2219 17.6855 0
    endloop
  endfacet
  facet normal 0 0 -1
    outer loop
      vertex 22.7781 17.6855 0
      vertex 29 21 0
      vertex 23 17.7 0
    endloop
  endfacet
  facet normal 0 0 -1
    outer loop
      vertex 22.56 17.6421 0
      vertex 29 21 0
      vertex 22.7781 17.6855 0
    endloop
  endfacet
  facet normal 0 0 -1
    outer loop
      vertex 22.3494 17.5706 0
      vertex 29 21 0
      vertex 22.56 17.6421 0
    endloop
  endfacet
  facet normal 0 0 -1
    outer loop
      vertex -22.3494 17.5706 0
      vertex 22.3494 17.5706 0
      vertex 22.15 17.4722 0
    endloop
  endfacet
  facet normal -0 0 -1
    outer loop
      vertex 21.3145 15.7781 0
      vertex 20 14 0
      vertex 21.3 16 0
    endloop
  endfacet
  facet normal -0 0 -1
    outer loop
      vertex 21.3 16 0
      vertex 20 14 0
      vertex 21.3145 16.2219 0
    endloop
  endfacet
  facet normal 0 0 -1
    outer loop
      vertex 20 14 0
      vertex 21.3579 16.44 0
      vertex 21.3145 16.2219 0
    endloop
  endfacet
  facet normal 0 0 -1
    outer loop
      vertex 20 14 0
      vertex 21.4294 16.6506 0
      vertex 21.3579 16.44 0
    endloop
  endfacet
  facet normal 0 0 -1
    outer loop
      vertex -20 14 0
      vertex 21.4294 16.6506 0
      vertex 20 14 0
    endloop
  endfacet
  facet normal 0 0 -1
    outer loop
      vertex -21.4294 16.6506 0
      vertex 21.4294 16.6506 0
      vertex -20 14 0
    endloop
  endfacet
  facet normal 0 0 -1
    outer loop
      vertex 21.4294 16.6506 0
      vertex -21.4294 16.6506 0
      vertex 21.5278 16.85 0
    endloop
  endfacet
  facet normal 0 0 -1
    outer loop
      vertex -21.5278 16.85 0
      vertex 21.5278 16.85 0
      vertex -21.4294 16.6506 0
    endloop
  endfacet
  facet normal 0 0 -1
    outer loop
      vertex 21.5278 16.85 0
      vertex -21.5278 16.85 0
      vertex 21.6513 17.0349 0
    endloop
  endfacet
  facet normal 0 0 -1
    outer loop
      vertex -21.6513 17.0349 0
      vertex 21.6513 17.0349 0
      vertex -21.5278 16.85 0
    endloop
  endfacet
  facet normal 0 0 -1
    outer loop
      vertex 21.6513 17.0349 0
      vertex -21.6513 17.0349 0
      vertex 21.7979 17.2021 0
    endloop
  endfacet
  facet normal 0 0 -1
    outer loop
      vertex -21.3145 16.2219 0
      vertex -20 14 0
      vertex -21.3 16 0
    endloop
  endfacet
  facet normal 0 0 -1
    outer loop
      vertex -21.3579 16.44 0
      vertex -20 14 0
      vertex -21.3145 16.2219 0
    endloop
  endfacet
  facet normal 0 0 -1
    outer loop
      vertex -21.4294 16.6506 0
      vertex -20 14 0
      vertex -21.3579 16.44 0
    endloop
  endfacet
  facet normal 0 0 -1
    outer loop
      vertex -21.7979 17.2021 0
      vertex 21.7979 17.2021 0
      vertex -21.6513 17.0349 0
    endloop
  endfacet
  facet normal 0 0 -1
    outer loop
      vertex 21.7979 17.2021 0
      vertex -21.7979 17.2021 0
      vertex 21.9651 17.3487 0
    endloop
  endfacet
  facet normal 0 0 -1
    outer loop
      vertex -21.9651 17.3487 0
      vertex 21.9651 17.3487 0
      vertex -21.7979 17.2021 0
    endloop
  endfacet
  facet normal 0 0 -1
    outer loop
      vertex 21.9651 17.3487 0
      vertex -21.9651 17.3487 0
      vertex 22.15 17.4722 0
    endloop
  endfacet
  facet normal 0 0 -1
    outer loop
      vertex -22.15 17.4722 0
      vertex 22.15 17.4722 0
      vertex -21.9651 17.3487 0
    endloop
  endfacet
  facet normal 0 0 -1
    outer loop
      vertex -22.3494 17.5706 0
      vertex 22.15 17.4722 0
      vertex -22.15 17.4722 0
    endloop
  endfacet
  facet normal 0 0 -1
    outer loop
      vertex 22.3494 17.5706 0
      vertex -22.3494 17.5706 0
      vertex 29 21 0
    endloop
  endfacet
  facet normal 0 0 -1
    outer loop
      vertex -29 21 0
      vertex -22.3494 17.5706 0
      vertex -22.56 17.6421 0
    endloop
  endfacet
  facet normal 0 0 -1
    outer loop
      vertex -29 21 0
      vertex -22.56 17.6421 0
      vertex -22.7781 17.6855 0
    endloop
  endfacet
  facet normal 0 0 -1
    outer loop
      vertex -29 21 0
      vertex -22.7781 17.6855 0
      vertex -23 17.7 0
    endloop
  endfacet
  facet normal 0 0 -1
    outer loop
      vertex -24.6855 15.7781 0
      vertex -29 21 0
      vertex -24.7 16 0
    endloop
  endfacet
  facet normal 0 0 -1
    outer loop
      vertex -24.7 16 0
      vertex -29 21 0
      vertex -24.6855 16.2219 0
    endloop
  endfacet
  facet normal 0 0 -1
    outer loop
      vertex -22.3494 17.5706 0
      vertex -29 21 0
      vertex 29 21 0
    endloop
  endfacet
  facet normal 0 0 -1
    outer loop
      vertex -23.2219 17.6855 0
      vertex -29 21 0
      vertex -23 17.7 0
    endloop
  endfacet
  facet normal 0 0 -1
    outer loop
      vertex -23.44 17.6421 0
      vertex -29 21 0
      vertex -23.2219 17.6855 0
    endloop
  endfacet
  facet normal 0 0 -1
    outer loop
      vertex -23.6506 17.5706 0
      vertex -29 21 0
      vertex -23.44 17.6421 0
    endloop
  endfacet
  facet normal 0 0 -1
    outer loop
      vertex -23.85 17.4722 0
      vertex -29 21 0
      vertex -23.6506 17.5706 0
    endloop
  endfacet
  facet normal 0 0 -1
    outer loop
      vertex -24.0349 17.3487 0
      vertex -29 21 0
      vertex -23.85 17.4722 0
    endloop
  endfacet
  facet normal 0 0 -1
    outer loop
      vertex -24.2021 17.2021 0
      vertex -29 21 0
      vertex -24.0349 17.3487 0
    endloop
  endfacet
  facet normal 0 0 -1
    outer loop
      vertex -24.3487 17.0349 0
      vertex -29 21 0
      vertex -24.2021 17.2021 0
    endloop
  endfacet
  facet normal 0 0 -1
    outer loop
      vertex -24.4722 16.85 0
      vertex -29 21 0
      vertex -24.3487 17.0349 0
    endloop
  endfacet
  facet normal 0 0 -1
    outer loop
      vertex -24.5706 16.6506 0
      vertex -29 21 0
      vertex -24.4722 16.85 0
    endloop
  endfacet
  facet normal 0 0 -1
    outer loop
      vertex -24.6421 16.44 0
      vertex -29 21 0
      vertex -24.5706 16.6506 0
    endloop
  endfacet
  facet normal 0 0 -1
    outer loop
      vertex -24.6855 16.2219 0
      vertex -29 21 0
      vertex -24.6421 16.44 0
    endloop
  endfacet
  facet normal 0 0 -1
    outer loop
      vertex 24.6855 -15.7781 0
      vertex 29 -21 0
      vertex 24.7 -16 0
    endloop
  endfacet
  facet normal 0 0 -1
    outer loop
      vertex 29 -21 0
      vertex 24.6855 -16.2219 0
      vertex 24.7 -16 0
    endloop
  endfacet
  facet normal 0 0 -1
    outer loop
      vertex 29 -21 0
      vertex 24.6421 -16.44 0
      vertex 24.6855 -16.2219 0
    endloop
  endfacet
  facet normal 0 0 -1
    outer loop
      vertex 29 -21 0
      vertex 24.5706 -16.6506 0
      vertex 24.6421 -16.44 0
    endloop
  endfacet
  facet normal 0 0 -1
    outer loop
      vertex 29 -21 0
      vertex 24.4722 -16.85 0
      vertex 24.5706 -16.6506 0
    endloop
  endfacet
  facet normal 0 0 -1
    outer loop
      vertex 29 -21 0
      vertex 24.3487 -17.0349 0
      vertex 24.4722 -16.85 0
    endloop
  endfacet
  facet normal 0 0 -1
    outer loop
      vertex 29 -21 0
      vertex 24.2021 -17.2021 0
      vertex 24.3487 -17.0349 0
    endloop
  endfacet
  facet normal 0 0 -1
    outer loop
      vertex 29 -21 0
      vertex 24.0349 -17.3487 0
      vertex 24.2021 -17.2021 0
    endloop
  endfacet
  facet normal 0 0 -1
    outer loop
      vertex 29 -21 0
      vertex 23.85 -17.4722 0
      vertex 24.0349 -17.3487 0
    endloop
  endfacet
  facet normal 0 0 -1
    outer loop
      vertex 29 -21 0
      vertex 23.6506 -17.5706 0
      vertex 23.85 -17.4722 0
    endloop
  endfacet
  facet normal 0 0 -1
    outer loop
      vertex 29 -21 0
      vertex 23.44 -17.6421 0
      vertex 23.6506 -17.5706 0
    endloop
  endfacet
  facet normal 0 0 -1
    outer loop
      vertex 29 -21 0
      vertex 23.2219 -17.6855 0
      vertex 23.44 -17.6421 0
    endloop
  endfacet
  facet normal 0 0 -1
    outer loop
      vertex 29 -21 0
      vertex 23 -17.7 0
      vertex 23.2219 -17.6855 0
    endloop
  endfacet
  facet normal 0 0 -1
    outer loop
      vertex 29 -21 0
      vertex 22.7781 -17.6855 0
      vertex 23 -17.7 0
    endloop
  endfacet
  facet normal 0 0 -1
    outer loop
      vertex 29 -21 0
      vertex 22.56 -17.6421 0
      vertex 22.7781 -17.6855 0
    endloop
  endfacet
  facet normal 0 0 -1
    outer loop
      vertex 29 -21 0
      vertex 22.3494 -17.5706 0
      vertex 22.56 -17.6421 0
    endloop
  endfacet
  facet normal 0 0 -1
    outer loop
      vertex -22.3494 -17.5706 0
      vertex 22.3494 -17.5706 0
      vertex 29 -21 0
    endloop
  endfacet
  facet normal 0 0 -1
    outer loop
      vertex 21.3145 -16.2219 0
      vertex 20 -14 0
      vertex 21.3 -16 0
    endloop
  endfacet
  facet normal 0 0 -1
    outer loop
      vertex 21.3579 -16.44 0
      vertex 20 -14 0
      vertex 21.3145 -16.2219 0
    endloop
  endfacet
  facet normal 0 0 -1
    outer loop
      vertex 21.4294 -16.6506 0
      vertex 20 -14 0
      vertex 21.3579 -16.44 0
    endloop
  endfacet
  facet normal 0 0 -1
    outer loop
      vertex -21.4294 -16.6506 0
      vertex 21.4294 -16.6506 0
      vertex 21.5278 -16.85 0
    endloop
  endfacet
  facet normal 0 0 -1
    outer loop
      vertex 21.4294 -16.6506 0
      vertex -20 -14 0
      vertex 20 -14 0
    endloop
  endfacet
  facet normal 0 0 -1
    outer loop
      vertex -21.5278 -16.85 0
      vertex 21.5278 -16.85 0
      vertex 21.6513 -17.0349 0
    endloop
  endfacet
  facet normal 0 0 -1
    outer loop
      vertex -21.6513 -17.0349 0
      vertex 21.6513 -17.0349 0
      vertex 21.7979 -17.2021 0
    endloop
  endfacet
  facet normal 0 0 -1
    outer loop
      vertex -21.7979 -17.2021 0
      vertex 21.7979 -17.2021 0
      vertex 21.9651 -17.3487 0
    endloop
  endfacet
  facet normal 0 0 -1
    outer loop
      vertex -21.9651 -17.3487 0
      vertex 21.9651 -17.3487 0
      vertex 22.15 -17.4722 0
    endloop
  endfacet
  facet normal 0 0 -1
    outer loop
      vertex 22.3494 -17.5706 0
      vertex -22.3494 -17.5706 0
      vertex 22.15 -17.4722 0
    endloop
  endfacet
  facet normal 0 0 -1
    outer loop
      vertex -21.3145 -15.7781 0
      vertex -20 -14 0
      vertex -21.3 -16 0
    endloop
  endfacet
  facet normal 0 0 -1
    outer loop
      vertex 21.4294 -16.6506 0
      vertex -21.4294 -16.6506 0
      vertex -20 -14 0
    endloop
  endfacet
  facet normal 0 0 -1
    outer loop
      vertex -20 -14 0
      vertex -21.3145 -16.2219 0
      vertex -21.3 -16 0
    endloop
  endfacet
  facet normal 0 0 -1
    outer loop
      vertex -20 -14 0
      vertex -21.3579 -16.44 0
      vertex -21.3145 -16.2219 0
    endloop
  endfacet
  facet normal 0 0 -1
    outer loop
      vertex -20 -14 0
      vertex -21.4294 -16.6506 0
      vertex -21.3579 -16.44 0
    endloop
  endfacet
  facet normal 0 0 -1
    outer loop
      vertex 21.5278 -16.85 0
      vertex -21.5278 -16.85 0
      vertex -21.4294 -16.6506 0
    endloop
  endfacet
  facet normal 0 0 -1
    outer loop
      vertex 21.6513 -17.0349 0
      vertex -21.6513 -17.0349 0
      vertex -21.5278 -16.85 0
    endloop
  endfacet
  facet normal 0 0 -1
    outer loop
      vertex 21.7979 -17.2021 0
      vertex -21.7979 -17.2021 0
      vertex -21.6513 -17.0349 0
    endloop
  endfacet
  facet normal 0 0 -1
    outer loop
      vertex 21.9651 -17.3487 0
      vertex -21.9651 -17.3487 0
      vertex -21.7979 -17.2021 0
    endloop
  endfacet
  facet normal 0 0 -1
    outer loop
      vertex 22.15 -17.4722 0
      vertex -22.15 -17.4722 0
      vertex -21.9651 -17.3487 0
    endloop
  endfacet
  facet normal -0 0 -1
    outer loop
      vertex 22.15 -17.4722 0
      vertex -22.3494 -17.5706 0
      vertex -22.15 -17.4722 0
    endloop
  endfacet
  facet normal 0 0 -1
    outer loop
      vertex -29 -21 0
      vertex -22.3494 -17.5706 0
      vertex 29 -21 0
    endloop
  endfacet
  facet normal 0 0 -1
    outer loop
      vertex -22.3494 -17.5706 0
      vertex -29 -21 0
      vertex -22.56 -17.6421 0
    endloop
  endfacet
  facet normal 0 0 -1
    outer loop
      vertex -22.56 -17.6421 0
      vertex -29 -21 0
      vertex -22.7781 -17.6855 0
    endloop
  endfacet
  facet normal -0 0 -1
    outer loop
      vertex -24.6855 -16.2219 0
      vertex -29 -21 0
      vertex -24.7 -16 0
    endloop
  endfacet
  facet normal -0 0 -1
    outer loop
      vertex -24.6421 -16.44 0
      vertex -29 -21 0
      vertex -24.6855 -16.2219 0
    endloop
  endfacet
  facet normal -0 0 -1
    outer loop
      vertex -24.5706 -16.6506 0
      vertex -29 -21 0
      vertex -24.6421 -16.44 0
    endloop
  endfacet
  facet normal -0 0 -1
    outer loop
      vertex -24.4722 -16.85 0
      vertex -29 -21 0
      vertex -24.5706 -16.6506 0
    endloop
  endfacet
  facet normal -0 0 -1
    outer loop
      vertex -24.3487 -17.0349 0
      vertex -29 -21 0
      vertex -24.4722 -16.85 0
    endloop
  endfacet
  facet normal -0 0 -1
    outer loop
      vertex -24.2021 -17.2021 0
      vertex -29 -21 0
      vertex -24.3487 -17.0349 0
    endloop
  endfacet
  facet normal -0 0 -1
    outer loop
      vertex -24.0349 -17.3487 0
      vertex -29 -21 0
      vertex -24.2021 -17.2021 0
    endloop
  endfacet
  facet normal -0 0 -1
    outer loop
      vertex -23.85 -17.4722 0
      vertex -29 -21 0
      vertex -24.0349 -17.3487 0
    endloop
  endfacet
  facet normal -0 0 -1
    outer loop
      vertex -23.6506 -17.5706 0
      vertex -29 -21 0
      vertex -23.85 -17.4722 0
    endloop
  endfacet
  facet normal -0 0 -1
    outer loop
      vertex -23.44 -17.6421 0
      vertex -29 -21 0
      vertex -23.6506 -17.5706 0
    endloop
  endfacet
  facet normal -0 0 -1
    outer loop
      vertex -23.2219 -17.6855 0
      vertex -29 -21 0
      vertex -23.44 -17.6421 0
    endloop
  endfacet
  facet normal -0 0 -1
    outer loop
      vertex -23 -17.7 0
      vertex -29 -21 0
      vertex -23.2219 -17.6855 0
    endloop
  endfacet
  facet normal 0 0 -1
    outer loop
      vertex -22.7781 -17.6855 0
      vertex -29 -21 0
      vertex -23 -17.7 0
    endloop
  endfacet
  facet normal 0 0 -1
    outer loop
      vertex 24.6421 -15.56 0
      vertex 29 -21 0
      vertex 24.6855 -15.7781 0
    endloop
  endfacet
  facet normal 0 0 -1
    outer loop
      vertex 29 -21 0
      vertex 24.6421 -15.56 0
      vertex 29 -3.2 0
    endloop
  endfacet
  facet normal 0 0 -1
    outer loop
      vertex 24.5706 -15.3494 0
      vertex 29 -3.2 0
      vertex 24.6421 -15.56 0
    endloop
  endfacet
  facet normal 0 0 -1
    outer loop
      vertex 24.4722 -15.15 0
      vertex 29 -3.2 0
      vertex 24.5706 -15.3494 0
    endloop
  endfacet
  facet normal 0 0 -1
    outer loop
      vertex 24.3487 -14.9651 0
      vertex 29 -3.2 0
      vertex 24.4722 -15.15 0
    endloop
  endfacet
  facet normal 0 0 -1
    outer loop
      vertex 24.2021 -14.7979 0
      vertex 29 -3.2 0
      vertex 24.3487 -14.9651 0
    endloop
  endfacet
  facet normal 0 0 -1
    outer loop
      vertex 24.0349 -14.6513 0
      vertex 29 -3.2 0
      vertex 24.2021 -14.7979 0
    endloop
  endfacet
  facet normal 0 0 -1
    outer loop
      vertex 23.85 -14.5278 0
      vertex 29 -3.2 0
      vertex 24.0349 -14.6513 0
    endloop
  endfacet
  facet normal 0 0 -1
    outer loop
      vertex 23.6506 -14.4294 0
      vertex 29 -3.2 0
      vertex 23.85 -14.5278 0
    endloop
  endfacet
  facet normal 0 0 -1
    outer loop
      vertex 23.44 -14.3579 0
      vertex 29 -3.2 0
      vertex 23.6506 -14.4294 0
    endloop
  endfacet
  facet normal 0 0 -1
    outer loop
      vertex 23.2219 -14.3145 0
      vertex 29 -3.2 0
      vertex 23.44 -14.3579 0
    endloop
  endfacet
  facet normal 0 0 -1
    outer loop
      vertex 20 -3.2 0
      vertex 23.2219 -14.3145 0
      vertex 23 -14.3 0
    endloop
  endfacet
  facet normal 0 0 -1
    outer loop
      vertex 20 -3.2 0
      vertex 23 -14.3 0
      vertex 22.7781 -14.3145 0
    endloop
  endfacet
  facet normal 0 0 -1
    outer loop
      vertex 20 -14 0
      vertex 22.7781 -14.3145 0
      vertex 22.56 -14.3579 0
    endloop
  endfacet
  facet normal 0 0 -1
    outer loop
      vertex 20 -14 0
      vertex 22.56 -14.3579 0
      vertex 22.3494 -14.4294 0
    endloop
  endfacet
  facet normal 0 0 -1
    outer loop
      vertex 20 -14 0
      vertex 22.3494 -14.4294 0
      vertex 22.15 -14.5278 0
    endloop
  endfacet
  facet normal 0 0 -1
    outer loop
      vertex 20 -14 0
      vertex 22.15 -14.5278 0
      vertex 21.9651 -14.6513 0
    endloop
  endfacet
  facet normal 0 0 -1
    outer loop
      vertex 20 -14 0
      vertex 21.9651 -14.6513 0
      vertex 21.7979 -14.7979 0
    endloop
  endfacet
  facet normal 0 0 -1
    outer loop
      vertex 20 -14 0
      vertex 21.7979 -14.7979 0
      vertex 21.6513 -14.9651 0
    endloop
  endfacet
  facet normal 0 0 -1
    outer loop
      vertex 20 -14 0
      vertex 21.6513 -14.9651 0
      vertex 21.5278 -15.15 0
    endloop
  endfacet
  facet normal 0 0 -1
    outer loop
      vertex 20 -14 0
      vertex 21.3145 -15.7781 0
      vertex 21.3 -16 0
    endloop
  endfacet
  facet normal 0 0 -1
    outer loop
      vertex 20 -14 0
      vertex 21.3579 -15.56 0
      vertex 21.3145 -15.7781 0
    endloop
  endfacet
  facet normal 0 0 -1
    outer loop
      vertex 20 -14 0
      vertex 21.4294 -15.3494 0
      vertex 21.3579 -15.56 0
    endloop
  endfacet
  facet normal 0 0 -1
    outer loop
      vertex 20 -14 0
      vertex 21.5278 -15.15 0
      vertex 21.4294 -15.3494 0
    endloop
  endfacet
  facet normal 0 0 -1
    outer loop
      vertex 22.7781 -14.3145 0
      vertex 20 -14 0
      vertex 20 -3.2 0
    endloop
  endfacet
  facet normal 0 0 -1
    outer loop
      vertex 23.2219 -14.3145 0
      vertex 20 -3.2 0
      vertex 29 -3.2 0
    endloop
  endfacet
  facet normal 0 0 -1
    outer loop
      vertex -21.3579 -15.56 0
      vertex -20 -14 0
      vertex -21.3145 -15.7781 0
    endloop
  endfacet
  facet normal 0 0 -1
    outer loop
      vertex -21.4294 -15.3494 0
      vertex -20 -14 0
      vertex -21.3579 -15.56 0
    endloop
  endfacet
  facet normal 0 0 -1
    outer loop
      vertex -21.5278 -15.15 0
      vertex -20 -14 0
      vertex -21.4294 -15.3494 0
    endloop
  endfacet
  facet normal 0 0 -1
    outer loop
      vertex -21.6513 -14.9651 0
      vertex -20 -14 0
      vertex -21.5278 -15.15 0
    endloop
  endfacet
  facet normal 0 0 -1
    outer loop
      vertex -21.7979 -14.7979 0
      vertex -20 -14 0
      vertex -21.6513 -14.9651 0
    endloop
  endfacet
  facet normal 0 0 -1
    outer loop
      vertex -21.9651 -14.6513 0
      vertex -20 -14 0
      vertex -21.7979 -14.7979 0
    endloop
  endfacet
  facet normal 0 0 -1
    outer loop
      vertex -22.15 -14.5278 0
      vertex -20 -14 0
      vertex -21.9651 -14.6513 0
    endloop
  endfacet
  facet normal 0 0 -1
    outer loop
      vertex -22.3494 -14.4294 0
      vertex -20 -14 0
      vertex -22.15 -14.5278 0
    endloop
  endfacet
  facet normal 0 0 -1
    outer loop
      vertex -22.56 -14.3579 0
      vertex -20 -14 0
      vertex -22.3494 -14.4294 0
    endloop
  endfacet
  facet normal 0 0 -1
    outer loop
      vertex -22.7781 -14.3145 0
      vertex -20 -14 0
      vertex -22.56 -14.3579 0
    endloop
  endfacet
  facet normal -0 0 -1
    outer loop
      vertex -20 -14 0
      vertex -22.7781 -14.3145 0
      vertex -20 -3.2 0
    endloop
  endfacet
  facet normal 0 0 -1
    outer loop
      vertex -23 -14.3 0
      vertex -20 -3.2 0
      vertex -22.7781 -14.3145 0
    endloop
  endfacet
  facet normal 0 0 -1
    outer loop
      vertex -23.2219 -14.3145 0
      vertex -20 -3.2 0
      vertex -23 -14.3 0
    endloop
  endfacet
  facet normal 0 0 -1
    outer loop
      vertex -29 -3.2 0
      vertex -23.2219 -14.3145 0
      vertex -23.44 -14.3579 0
    endloop
  endfacet
  facet normal 0 0 -1
    outer loop
      vertex -29 -3.2 0
      vertex -23.44 -14.3579 0
      vertex -23.6506 -14.4294 0
    endloop
  endfacet
  facet normal 0 0 -1
    outer loop
      vertex -29 -3.2 0
      vertex -23.6506 -14.4294 0
      vertex -23.85 -14.5278 0
    endloop
  endfacet
  facet normal 0 0 -1
    outer loop
      vertex -29 -3.2 0
      vertex -23.85 -14.5278 0
      vertex -24.0349 -14.6513 0
    endloop
  endfacet
  facet normal 0 0 -1
    outer loop
      vertex -29 -3.2 0
      vertex -24.0349 -14.6513 0
      vertex -24.2021 -14.7979 0
    endloop
  endfacet
  facet normal 0 0 -1
    outer loop
      vertex -29 -3.2 0
      vertex -24.2021 -14.7979 0
      vertex -24.3487 -14.9651 0
    endloop
  endfacet
  facet normal 0 0 -1
    outer loop
      vertex -29 -3.2 0
      vertex -24.3487 -14.9651 0
      vertex -24.4722 -15.15 0
    endloop
  endfacet
  facet normal 0 0 -1
    outer loop
      vertex -29 -3.2 0
      vertex -24.4722 -15.15 0
      vertex -24.5706 -15.3494 0
    endloop
  endfacet
  facet normal 0 0 -1
    outer loop
      vertex -29 -21 0
      vertex -24.6855 -15.7781 0
      vertex -24.7 -16 0
    endloop
  endfacet
  facet normal 0 0 -1
    outer loop
      vertex -29 -21 0
      vertex -24.6421 -15.56 0
      vertex -24.6855 -15.7781 0
    endloop
  endfacet
  facet normal 0 0 -1
    outer loop
      vertex -29 -21 0
      vertex -24.5706 -15.3494 0
      vertex -24.6421 -15.56 0
    endloop
  endfacet
  facet normal 0 0 -1
    outer loop
      vertex -29 -3.2 0
      vertex -24.5706 -15.3494 0
      vertex -29 -21 0
    endloop
  endfacet
  facet normal 0 0 -1
    outer loop
      vertex -23.2219 -14.3145 0
      vertex -29 -3.2 0
      vertex -20 -3.2 0
    endloop
  endfacet
  facet normal -1 0 0
    outer loop
      vertex -29 -21 0
      vertex -29 -3.2 5.01
      vertex -29 -3.2 0
    endloop
  endfacet
  facet normal -1 -0 0
    outer loop
      vertex -29 -3.2 5.01
      vertex -29 -21 0
      vertex -29 -9 18.75
    endloop
  endfacet
  facet normal -1 0 0
    outer loop
      vertex -29 -21 22
      vertex -29 -9 18.75
      vertex -29 -21 0
    endloop
  endfacet
  facet normal -1 0 0
    outer loop
      vertex -29 -9 18.75
      vertex -29 -21 22
      vertex -29 -9 22
    endloop
  endfacet
  facet normal -1 0 0
    outer loop
      vertex -29 21 0
      vertex -29 9 18.75
      vertex -29 21 22
    endloop
  endfacet
  facet normal -1 0 0
    outer loop
      vertex -29 3.2 5.01
      vertex -29 21 0
      vertex -29 3.2 0
    endloop
  endfacet
  facet normal -1 0 0
    outer loop
      vertex -29 21 0
      vertex -29 3.2 5.01
      vertex -29 9 18.75
    endloop
  endfacet
  facet normal -1 0 0
    outer loop
      vertex -29 -3.2 5.01
      vertex -29 9 18.75
      vertex -29 3.2 5.01
    endloop
  endfacet
  facet normal -1 -0 0
    outer loop
      vertex -29 9 18.75
      vertex -29 -3.2 5.01
      vertex -29 -9 18.75
    endloop
  endfacet
  facet normal -1 -0 0
    outer loop
      vertex -29 21 22
      vertex -29 9 18.75
      vertex -29 9 22
    endloop
  endfacet
  facet normal 0 1 -0
    outer loop
      vertex 29 21 0
      vertex -29 21 22
      vertex 29 21 22
    endloop
  endfacet
  facet normal 0 1 0
    outer loop
      vertex -29 21 22
      vertex 29 21 0
      vertex -29 21 0
    endloop
  endfacet
  facet normal 0 -1 0
    outer loop
      vertex -29 -21 0
      vertex 29 -21 22
      vertex -29 -21 22
    endloop
  endfacet
  facet normal 0 -1 -0
    outer loop
      vertex 29 -21 22
      vertex -29 -21 0
      vertex 29 -21 0
    endloop
  endfacet
  facet normal 0.958875 0 -0.283827
    outer loop
      vertex -14.45 -11 18.75
      vertex -15.4712 -2.7 15.3
      vertex -14.45 -2.7 18.75
    endloop
  endfacet
  facet normal 0.958876 1.51867e-06 -0.283824
    outer loop
      vertex -15.4712 -2.7 15.3
      vertex -14.45 -11 18.75
      vertex -18.517 -3.2 5.01
    endloop
  endfacet
  facet normal 0.958876 -3.83612e-06 -0.283827
    outer loop
      vertex -20 -14 0
      vertex -18.517 -3.2 5.01
      vertex -14.45 -11 18.75
    endloop
  endfacet
  facet normal 0.958873 0 -0.283834
    outer loop
      vertex -18.517 -3.2 5.01
      vertex -20 -14 0
      vertex -20 -3.2 0
    endloop
  endfacet
  facet normal 0.958875 0 -0.283827
    outer loop
      vertex -15.4712 2.7 15.3
      vertex -14.45 11 18.75
      vertex -14.45 2.7 18.75
    endloop
  endfacet
  facet normal 0.958876 -1.51867e-06 -0.283824
    outer loop
      vertex -14.45 11 18.75
      vertex -15.4712 2.7 15.3
      vertex -18.517 3.2 5.01
    endloop
  endfacet
  facet normal 0.958876 0 -0.283824
    outer loop
      vertex -15.4712 -2.7 15.3
      vertex -18.517 3.2 5.01
      vertex -15.4712 2.7 15.3
    endloop
  endfacet
  facet normal 0.958876 0 -0.283824
    outer loop
      vertex -18.517 3.2 5.01
      vertex -15.4712 -2.7 15.3
      vertex -18.517 -3.2 5.01
    endloop
  endfacet
  facet normal 0.958876 3.83612e-06 -0.283827
    outer loop
      vertex -18.517 3.2 5.01
      vertex -20 14 0
      vertex -14.45 11 18.75
    endloop
  endfacet
  facet normal 0.958873 0 -0.283834
    outer loop
      vertex -20 14 0
      vertex -18.517 3.2 5.01
      vertex -20 3.2 0
    endloop
  endfacet
  facet normal 0 0.987441 -0.157991
    outer loop
      vertex 20 -14 0
      vertex -14.45 -11 18.75
      vertex 14.45 -11 18.75
    endloop
  endfacet
  facet normal 0 0.987441 -0.157991
    outer loop
      vertex -14.45 -11 18.75
      vertex 20 -14 0
      vertex -20 -14 0
    endloop
  endfacet
  facet normal 0 -0.987441 -0.157991
    outer loop
      vertex -20 14 0
      vertex 14.45 11 18.75
      vertex -14.45 11 18.75
    endloop
  endfacet
  facet normal 0 -0.987441 -0.157991
    outer loop
      vertex 14.45 11 18.75
      vertex -20 14 0
      vertex 20 14 0
    endloop
  endfacet
  facet normal -0.958873 0 -0.283834
    outer loop
      vertex 20 -14 0
      vertex 18.517 -3.2 5.01
      vertex 20 -3.2 0
    endloop
  endfacet
  facet normal -0.958876 -3.83612e-06 -0.283827
    outer loop
      vertex 18.517 -3.2 5.01
      vertex 20 -14 0
      vertex 14.45 -11 18.75
    endloop
  endfacet
  facet normal -0.958876 0 -0.283824
    outer loop
      vertex 18.517 3.2 5.01
      vertex 15.4712 -2.7 15.3
      vertex 15.4712 2.7 15.3
    endloop
  endfacet
  facet normal -0.958876 0 -0.283824
    outer loop
      vertex 18.517 -3.2 5.01
      vertex 15.4712 -2.7 15.3
      vertex 18.517 3.2 5.01
    endloop
  endfacet
  facet normal -0.958876 1.51867e-06 -0.283824
    outer loop
      vertex 14.45 -11 18.75
      vertex 15.4712 -2.7 15.3
      vertex 18.517 -3.2 5.01
    endloop
  endfacet
  facet normal -0.958875 0 -0.283827
    outer loop
      vertex 15.4712 -2.7 15.3
      vertex 14.45 -11 18.75
      vertex 14.45 -2.7 18.75
    endloop
  endfacet
  facet normal -0.958873 0 -0.283834
    outer loop
      vertex 18.517 3.2 5.01
      vertex 20 14 0
      vertex 20 3.2 0
    endloop
  endfacet
  facet normal -0.958876 3.83612e-06 -0.283827
    outer loop
      vertex 20 14 0
      vertex 18.517 3.2 5.01
      vertex 14.45 11 18.75
    endloop
  endfacet
  facet normal -0.958876 -1.51867e-06 -0.283824
    outer loop
      vertex 15.4712 2.7 15.3
      vertex 14.45 11 18.75
      vertex 18.517 3.2 5.01
    endloop
  endfacet
  facet normal -0.958875 -0 -0.283827
    outer loop
      vertex 14.45 11 18.75
      vertex 15.4712 2.7 15.3
      vertex 14.45 2.7 18.75
    endloop
  endfacet
  facet normal -1 0 0
    outer loop
      vertex 15.75 9 18.75
      vertex 15.75 12.3 22
      vertex 15.75 12.3 18.75
    endloop
  endfacet
  facet normal -1 -0 0
    outer loop
      vertex 15.75 12.3 22
      vertex 15.75 9 18.75
      vertex 15.75 9 22
    endloop
  endfacet
  facet normal -1 0 0
    outer loop
      vertex 15.75 -12.3 18.75
      vertex 15.75 -9 22
      vertex 15.75 -9 18.75
    endloop
  endfacet
  facet normal -1 -0 0
    outer loop
      vertex 15.75 -9 22
      vertex 15.75 -12.3 18.75
      vertex 15.75 -12.3 22
    endloop
  endfacet
  facet normal 1 -0 0
    outer loop
      vertex -15.75 -12.3 22
      vertex -15.75 -9 18.75
      vertex -15.75 -9 22
    endloop
  endfacet
  facet normal 1 0 0
    outer loop
      vertex -15.75 -9 18.75
      vertex -15.75 -12.3 22
      vertex -15.75 -12.3 18.75
    endloop
  endfacet
  facet normal 1 -0 0
    outer loop
      vertex -15.75 9 22
      vertex -15.75 12.3 18.75
      vertex -15.75 12.3 22
    endloop
  endfacet
  facet normal 1 0 0
    outer loop
      vertex -15.75 12.3 18.75
      vertex -15.75 9 22
      vertex -15.75 9 18.75
    endloop
  endfacet
  facet normal 0 -1 0
    outer loop
      vertex -15.75 12.3 18.75
      vertex 15.75 12.3 22
      vertex -15.75 12.3 22
    endloop
  endfacet
  facet normal 0 -1 -0
    outer loop
      vertex 15.75 12.3 22
      vertex -15.75 12.3 18.75
      vertex 15.75 12.3 18.75
    endloop
  endfacet
  facet normal 0 1 -0
    outer loop
      vertex 15.75 -12.3 18.75
      vertex -15.75 -12.3 22
      vertex 15.75 -12.3 22
    endloop
  endfacet
  facet normal 0 1 0
    outer loop
      vertex -15.75 -12.3 22
      vertex 15.75 -12.3 18.75
      vertex -15.75 -12.3 18.75
    endloop
  endfacet
endsolid OpenSCAD_Model
