solid OpenSCAD_Model
  facet normal 0 0 1
    outer loop
      vertex -14.45 -2.7 22.75
      vertex -15.75 -9 22.75
      vertex -14.45 -11 22.75
    endloop
  endfacet
  facet normal -0 0 1
    outer loop
      vertex -25 -2.7 22.75
      vertex -15.75 -9 22.75
      vertex -14.45 -2.7 22.75
    endloop
  endfacet
  facet normal 0 0 1
    outer loop
      vertex -25 -2.7 22.75
      vertex -29 -9 22.75
      vertex -15.75 -9 22.75
    endloop
  endfacet
  facet normal 0 0 1
    outer loop
      vertex -29 -9 22.75
      vertex -25 -2.7 22.75
      vertex -29 9 22.75
    endloop
  endfacet
  facet normal 0 0 1
    outer loop
      vertex 15.75 12.3 22.75
      vertex 14.45 11 22.75
      vertex 15.75 9 22.75
    endloop
  endfacet
  facet normal 0 0 1
    outer loop
      vertex 15.75 12.3 22.75
      vertex -14.45 11 22.75
      vertex 14.45 11 22.75
    endloop
  endfacet
  facet normal -0 0 1
    outer loop
      vertex -15.75 12.3 22.75
      vertex -14.45 11 22.75
      vertex 15.75 12.3 22.75
    endloop
  endfacet
  facet normal 0 0 1
    outer loop
      vertex -15.75 9 22.75
      vertex -14.45 11 22.75
      vertex -15.75 12.3 22.75
    endloop
  endfacet
  facet normal 0 0 1
    outer loop
      vertex -14.45 11 22.75
      vertex -15.75 9 22.75
      vertex -14.45 2.7 22.75
    endloop
  endfacet
  facet normal 0 0 1
    outer loop
      vertex -15.75 9 22.75
      vertex -25 2.7 22.75
      vertex -14.45 2.7 22.75
    endloop
  endfacet
  facet normal 0 0 1
    outer loop
      vertex -25 2.7 22.75
      vertex -29 9 22.75
      vertex -25 -2.7 22.75
    endloop
  endfacet
  facet normal -0 0 1
    outer loop
      vertex -29 9 22.75
      vertex -25 2.7 22.75
      vertex -15.75 9 22.75
    endloop
  endfacet
  facet normal 0 0 1
    outer loop
      vertex 29 9 22.75
      vertex 25 2.7 22.75
      vertex 29 -9 22.75
    endloop
  endfacet
  facet normal -0 0 1
    outer loop
      vertex 15.75 9 22.75
      vertex 25 2.7 22.75
      vertex 29 9 22.75
    endloop
  endfacet
  facet normal 0 0 1
    outer loop
      vertex 15.75 9 22.75
      vertex 14.45 2.7 22.75
      vertex 25 2.7 22.75
    endloop
  endfacet
  facet normal 0 0 1
    outer loop
      vertex 14.45 2.7 22.75
      vertex 15.75 9 22.75
      vertex 14.45 11 22.75
    endloop
  endfacet
  facet normal -0 0 1
    outer loop
      vertex 25 -2.7 22.75
      vertex 29 -9 22.75
      vertex 25 2.7 22.75
    endloop
  endfacet
  facet normal 0 0 1
    outer loop
      vertex 25 -2.7 22.75
      vertex 15.75 -9 22.75
      vertex 29 -9 22.75
    endloop
  endfacet
  facet normal -0 0 1
    outer loop
      vertex 14.45 -2.7 22.75
      vertex 15.75 -9 22.75
      vertex 25 -2.7 22.75
    endloop
  endfacet
  facet normal 0 0 1
    outer loop
      vertex 14.45 -11 22.75
      vertex 15.75 -9 22.75
      vertex 14.45 -2.7 22.75
    endloop
  endfacet
  facet normal 0 0 1
    outer loop
      vertex 15.75 -9 22.75
      vertex 14.45 -11 22.75
      vertex 15.75 -12.3 22.75
    endloop
  endfacet
  facet normal -0 0 1
    outer loop
      vertex -14.45 -11 22.75
      vertex 15.75 -12.3 22.75
      vertex 14.45 -11 22.75
    endloop
  endfacet
  facet normal 0 0 1
    outer loop
      vertex -14.45 -11 22.75
      vertex -15.75 -12.3 22.75
      vertex 15.75 -12.3 22.75
    endloop
  endfacet
  facet normal 0 0 1
    outer loop
      vertex -15.75 -12.3 22.75
      vertex -14.45 -11 22.75
      vertex -15.75 -9 22.75
    endloop
  endfacet
  facet normal 0 -1 0
    outer loop
      vertex -29 9 22.75
      vertex -15.75 9 26
      vertex -29 9 26
    endloop
  endfacet
  facet normal 0 -1 -0
    outer loop
      vertex -15.75 9 26
      vertex -29 9 22.75
      vertex -15.75 9 22.75
    endloop
  endfacet
  facet normal 0 1 -0
    outer loop
      vertex -15.75 -9 22.75
      vertex -29 -9 26
      vertex -15.75 -9 26
    endloop
  endfacet
  facet normal 0 1 0
    outer loop
      vertex -29 -9 26
      vertex -15.75 -9 22.75
      vertex -29 -9 22.75
    endloop
  endfacet
  facet normal 0 -1 0
    outer loop
      vertex 15.75 9 22.75
      vertex 29 9 26
      vertex 15.75 9 26
    endloop
  endfacet
  facet normal 0 -1 -0
    outer loop
      vertex 29 9 26
      vertex 15.75 9 22.75
      vertex 29 9 22.75
    endloop
  endfacet
  facet normal 0 1 -0
    outer loop
      vertex 29 -9 22.75
      vertex 15.75 -9 26
      vertex 29 -9 26
    endloop
  endfacet
  facet normal 0 1 0
    outer loop
      vertex 15.75 -9 26
      vertex 29 -9 22.75
      vertex 15.75 -9 22.75
    endloop
  endfacet
  facet normal 0 0 -1
    outer loop
      vertex -29 -3.2 5.01
      vertex -18.7778 3.2 5.01
      vertex -18.7778 -3.2 5.01
    endloop
  endfacet
  facet normal -0 0 -1
    outer loop
      vertex -18.7778 3.2 5.01
      vertex -29 -3.2 5.01
      vertex -29 3.2 5.01
    endloop
  endfacet
  facet normal 0 -1 0
    outer loop
      vertex -20 3.2 0
      vertex -29 3.2 5.01
      vertex -29 3.2 0
    endloop
  endfacet
  facet normal 0 -1 0
    outer loop
      vertex -29 3.2 5.01
      vertex -20 3.2 0
      vertex -18.7778 3.2 5.01
    endloop
  endfacet
  facet normal 0 1 -0
    outer loop
      vertex -20 -3.2 0
      vertex -29 -3.2 5.01
      vertex -18.7778 -3.2 5.01
    endloop
  endfacet
  facet normal 0 1 0
    outer loop
      vertex -29 -3.2 5.01
      vertex -20 -3.2 0
      vertex -29 -3.2 0
    endloop
  endfacet
  facet normal 0 0 -1
    outer loop
      vertex 18.7778 -3.2 5.01
      vertex 29 3.2 5.01
      vertex 29 -3.2 5.01
    endloop
  endfacet
  facet normal -0 0 -1
    outer loop
      vertex 29 3.2 5.01
      vertex 18.7778 -3.2 5.01
      vertex 18.7778 3.2 5.01
    endloop
  endfacet
  facet normal 0 -1 0
    outer loop
      vertex 20 3.2 0
      vertex 29 3.2 5.01
      vertex 18.7778 3.2 5.01
    endloop
  endfacet
  facet normal 0 -1 -0
    outer loop
      vertex 29 3.2 5.01
      vertex 20 3.2 0
      vertex 29 3.2 0
    endloop
  endfacet
  facet normal 0 1 0
    outer loop
      vertex 20 -3.2 0
      vertex 29 -3.2 5.01
      vertex 29 -3.2 0
    endloop
  endfacet
  facet normal 0 1 0
    outer loop
      vertex 29 -3.2 5.01
      vertex 20 -3.2 0
      vertex 18.7778 -3.2 5.01
    endloop
  endfacet
  facet normal 0 0 1
    outer loop
      vertex -15.2916 2.7 19.3
      vertex -21.15 0 19.3
      vertex -15.2916 -2.7 19.3
    endloop
  endfacet
  facet normal 0 0 1
    outer loop
      vertex -15.2916 2.7 19.3
      vertex -21.1573 0.110947 19.3
      vertex -21.15 0 19.3
    endloop
  endfacet
  facet normal 0 0 1
    outer loop
      vertex -15.2916 2.7 19.3
      vertex -21.179 0.219995 19.3
      vertex -21.1573 0.110947 19.3
    endloop
  endfacet
  facet normal 0 0 1
    outer loop
      vertex -15.2916 2.7 19.3
      vertex -21.2147 0.32528 19.3
      vertex -21.179 0.219995 19.3
    endloop
  endfacet
  facet normal 0 0 1
    outer loop
      vertex -15.2916 2.7 19.3
      vertex -21.2639 0.424999 19.3
      vertex -21.2147 0.32528 19.3
    endloop
  endfacet
  facet normal 0 0 1
    outer loop
      vertex -15.2916 2.7 19.3
      vertex -21.3256 0.517447 19.3
      vertex -21.2639 0.424999 19.3
    endloop
  endfacet
  facet normal 0 0 1
    outer loop
      vertex -15.2916 2.7 19.3
      vertex -21.399 0.60104 19.3
      vertex -21.3256 0.517447 19.3
    endloop
  endfacet
  facet normal 0 0 1
    outer loop
      vertex -15.2916 2.7 19.3
      vertex -21.4826 0.67435 19.3
      vertex -21.399 0.60104 19.3
    endloop
  endfacet
  facet normal 0 0 1
    outer loop
      vertex -15.2916 2.7 19.3
      vertex -21.575 0.736121 19.3
      vertex -21.4826 0.67435 19.3
    endloop
  endfacet
  facet normal 0 0 1
    outer loop
      vertex -15.2916 2.7 19.3
      vertex -21.6747 0.785297 19.3
      vertex -21.575 0.736121 19.3
    endloop
  endfacet
  facet normal 0 0 1
    outer loop
      vertex -15.2916 2.7 19.3
      vertex -21.78 0.821036 19.3
      vertex -21.6747 0.785297 19.3
    endloop
  endfacet
  facet normal -0 0 1
    outer loop
      vertex -25 2.7 19.3
      vertex -21.78 0.821036 19.3
      vertex -15.2916 2.7 19.3
    endloop
  endfacet
  facet normal 0 0 1
    outer loop
      vertex -21.78 0.821036 19.3
      vertex -25 2.7 19.3
      vertex -21.8891 0.842728 19.3
    endloop
  endfacet
  facet normal 0 0 1
    outer loop
      vertex -21.8891 0.842728 19.3
      vertex -25 2.7 19.3
      vertex -22 0.849999 19.3
    endloop
  endfacet
  facet normal 0 0 1
    outer loop
      vertex -22 0.849999 19.3
      vertex -25 2.7 19.3
      vertex -22.1109 0.842728 19.3
    endloop
  endfacet
  facet normal 0 0 1
    outer loop
      vertex -22.8427 0.110947 19.3
      vertex -25 2.7 19.3
      vertex -22.85 0 19.3
    endloop
  endfacet
  facet normal 0 0 1
    outer loop
      vertex -22.821 0.219995 19.3
      vertex -25 2.7 19.3
      vertex -22.8427 0.110947 19.3
    endloop
  endfacet
  facet normal 0 0 1
    outer loop
      vertex -22.7853 0.32528 19.3
      vertex -25 2.7 19.3
      vertex -22.821 0.219995 19.3
    endloop
  endfacet
  facet normal 0 0 1
    outer loop
      vertex -22.7361 0.424999 19.3
      vertex -25 2.7 19.3
      vertex -22.7853 0.32528 19.3
    endloop
  endfacet
  facet normal 0 0 1
    outer loop
      vertex -22.6744 0.517447 19.3
      vertex -25 2.7 19.3
      vertex -22.7361 0.424999 19.3
    endloop
  endfacet
  facet normal 0 0 1
    outer loop
      vertex -22.601 0.60104 19.3
      vertex -25 2.7 19.3
      vertex -22.6744 0.517447 19.3
    endloop
  endfacet
  facet normal 0 0 1
    outer loop
      vertex -22.5174 0.67435 19.3
      vertex -25 2.7 19.3
      vertex -22.601 0.60104 19.3
    endloop
  endfacet
  facet normal 0 0 1
    outer loop
      vertex -22.425 0.736121 19.3
      vertex -25 2.7 19.3
      vertex -22.5174 0.67435 19.3
    endloop
  endfacet
  facet normal 0 0 1
    outer loop
      vertex -22.3253 0.785297 19.3
      vertex -25 2.7 19.3
      vertex -22.425 0.736121 19.3
    endloop
  endfacet
  facet normal 0 0 1
    outer loop
      vertex -22.22 0.821036 19.3
      vertex -25 2.7 19.3
      vertex -22.3253 0.785297 19.3
    endloop
  endfacet
  facet normal 0 0 1
    outer loop
      vertex -22.1109 0.842728 19.3
      vertex -25 2.7 19.3
      vertex -22.22 0.821036 19.3
    endloop
  endfacet
  facet normal -0 0 1
    outer loop
      vertex -21.1573 -0.110947 19.3
      vertex -15.2916 -2.7 19.3
      vertex -21.15 0 19.3
    endloop
  endfacet
  facet normal -0 0 1
    outer loop
      vertex -21.179 -0.219995 19.3
      vertex -15.2916 -2.7 19.3
      vertex -21.1573 -0.110947 19.3
    endloop
  endfacet
  facet normal -0 0 1
    outer loop
      vertex -21.2147 -0.32528 19.3
      vertex -15.2916 -2.7 19.3
      vertex -21.179 -0.219995 19.3
    endloop
  endfacet
  facet normal -0 0 1
    outer loop
      vertex -21.2639 -0.424999 19.3
      vertex -15.2916 -2.7 19.3
      vertex -21.2147 -0.32528 19.3
    endloop
  endfacet
  facet normal -0 0 1
    outer loop
      vertex -21.3256 -0.517447 19.3
      vertex -15.2916 -2.7 19.3
      vertex -21.2639 -0.424999 19.3
    endloop
  endfacet
  facet normal -0 0 1
    outer loop
      vertex -21.399 -0.60104 19.3
      vertex -15.2916 -2.7 19.3
      vertex -21.3256 -0.517447 19.3
    endloop
  endfacet
  facet normal -0 0 1
    outer loop
      vertex -21.4826 -0.67435 19.3
      vertex -15.2916 -2.7 19.3
      vertex -21.399 -0.60104 19.3
    endloop
  endfacet
  facet normal -0 0 1
    outer loop
      vertex -21.575 -0.736121 19.3
      vertex -15.2916 -2.7 19.3
      vertex -21.4826 -0.67435 19.3
    endloop
  endfacet
  facet normal -0 0 1
    outer loop
      vertex -21.6747 -0.785297 19.3
      vertex -15.2916 -2.7 19.3
      vertex -21.575 -0.736121 19.3
    endloop
  endfacet
  facet normal -0 0 1
    outer loop
      vertex -21.78 -0.821036 19.3
      vertex -15.2916 -2.7 19.3
      vertex -21.6747 -0.785297 19.3
    endloop
  endfacet
  facet normal 0 0 1
    outer loop
      vertex -25 -2.7 19.3
      vertex -21.78 -0.821036 19.3
      vertex -21.8891 -0.842728 19.3
    endloop
  endfacet
  facet normal 0 0 1
    outer loop
      vertex -25 -2.7 19.3
      vertex -21.8891 -0.842728 19.3
      vertex -22 -0.849999 19.3
    endloop
  endfacet
  facet normal 0 0 1
    outer loop
      vertex -25 -2.7 19.3
      vertex -22 -0.849999 19.3
      vertex -22.1109 -0.842728 19.3
    endloop
  endfacet
  facet normal 0 0 1
    outer loop
      vertex -25 -2.7 19.3
      vertex -22.1109 -0.842728 19.3
      vertex -22.22 -0.821036 19.3
    endloop
  endfacet
  facet normal 0 0 1
    outer loop
      vertex -25 -2.7 19.3
      vertex -22.85 0 19.3
      vertex -25 2.7 19.3
    endloop
  endfacet
  facet normal 0 0 1
    outer loop
      vertex -22.85 0 19.3
      vertex -25 -2.7 19.3
      vertex -22.8427 -0.110947 19.3
    endloop
  endfacet
  facet normal 0 0 1
    outer loop
      vertex -22.8427 -0.110947 19.3
      vertex -25 -2.7 19.3
      vertex -22.821 -0.219995 19.3
    endloop
  endfacet
  facet normal 0 0 1
    outer loop
      vertex -22.821 -0.219995 19.3
      vertex -25 -2.7 19.3
      vertex -22.7853 -0.32528 19.3
    endloop
  endfacet
  facet normal 0 0 1
    outer loop
      vertex -22.7853 -0.32528 19.3
      vertex -25 -2.7 19.3
      vertex -22.7361 -0.424999 19.3
    endloop
  endfacet
  facet normal 0 0 1
    outer loop
      vertex -21.78 -0.821036 19.3
      vertex -25 -2.7 19.3
      vertex -15.2916 -2.7 19.3
    endloop
  endfacet
  facet normal 0 0 1
    outer loop
      vertex -22.3253 -0.785297 19.3
      vertex -25 -2.7 19.3
      vertex -22.22 -0.821036 19.3
    endloop
  endfacet
  facet normal 0 0 1
    outer loop
      vertex -22.425 -0.736121 19.3
      vertex -25 -2.7 19.3
      vertex -22.3253 -0.785297 19.3
    endloop
  endfacet
  facet normal 0 0 1
    outer loop
      vertex -22.5174 -0.67435 19.3
      vertex -25 -2.7 19.3
      vertex -22.425 -0.736121 19.3
    endloop
  endfacet
  facet normal 0 0 1
    outer loop
      vertex -22.601 -0.60104 19.3
      vertex -25 -2.7 19.3
      vertex -22.5174 -0.67435 19.3
    endloop
  endfacet
  facet normal 0 0 1
    outer loop
      vertex -22.6744 -0.517447 19.3
      vertex -25 -2.7 19.3
      vertex -22.601 -0.60104 19.3
    endloop
  endfacet
  facet normal 0 0 1
    outer loop
      vertex -22.7361 -0.424999 19.3
      vertex -25 -2.7 19.3
      vertex -22.6744 -0.517447 19.3
    endloop
  endfacet
  facet normal 1 -0 0
    outer loop
      vertex -25 -2.7 22.75
      vertex -25 2.7 19.3
      vertex -25 2.7 22.75
    endloop
  endfacet
  facet normal 1 0 0
    outer loop
      vertex -25 2.7 19.3
      vertex -25 -2.7 22.75
      vertex -25 -2.7 19.3
    endloop
  endfacet
  facet normal 0 -1 0
    outer loop
      vertex -15.2916 2.7 19.3
      vertex -25 2.7 22.75
      vertex -25 2.7 19.3
    endloop
  endfacet
  facet normal 0 -1 0
    outer loop
      vertex -25 2.7 22.75
      vertex -15.2916 2.7 19.3
      vertex -14.45 2.7 22.75
    endloop
  endfacet
  facet normal 0 1 -0
    outer loop
      vertex -15.2916 -2.7 19.3
      vertex -25 -2.7 22.75
      vertex -14.45 -2.7 22.75
    endloop
  endfacet
  facet normal 0 1 0
    outer loop
      vertex -25 -2.7 22.75
      vertex -15.2916 -2.7 19.3
      vertex -25 -2.7 19.3
    endloop
  endfacet
  facet normal -1 0 0
    outer loop
      vertex 25 -2.7 19.3
      vertex 25 2.7 22.75
      vertex 25 2.7 19.3
    endloop
  endfacet
  facet normal -1 -0 0
    outer loop
      vertex 25 2.7 22.75
      vertex 25 -2.7 19.3
      vertex 25 -2.7 22.75
    endloop
  endfacet
  facet normal 0 0 1
    outer loop
      vertex 25 2.7 19.3
      vertex 22.85 0 19.3
      vertex 25 -2.7 19.3
    endloop
  endfacet
  facet normal 0 0 1
    outer loop
      vertex 25 2.7 19.3
      vertex 22.8427 0.110947 19.3
      vertex 22.85 0 19.3
    endloop
  endfacet
  facet normal 0 0 1
    outer loop
      vertex 25 2.7 19.3
      vertex 22.821 0.219995 19.3
      vertex 22.8427 0.110947 19.3
    endloop
  endfacet
  facet normal 0 0 1
    outer loop
      vertex 25 2.7 19.3
      vertex 22.7853 0.32528 19.3
      vertex 22.821 0.219995 19.3
    endloop
  endfacet
  facet normal 0 0 1
    outer loop
      vertex 25 2.7 19.3
      vertex 22.7361 0.424999 19.3
      vertex 22.7853 0.32528 19.3
    endloop
  endfacet
  facet normal 0 0 1
    outer loop
      vertex 25 2.7 19.3
      vertex 22.6744 0.517447 19.3
      vertex 22.7361 0.424999 19.3
    endloop
  endfacet
  facet normal 0 0 1
    outer loop
      vertex 25 2.7 19.3
      vertex 22.601 0.60104 19.3
      vertex 22.6744 0.517447 19.3
    endloop
  endfacet
  facet normal 0 0 1
    outer loop
      vertex 25 2.7 19.3
      vertex 22.5174 0.67435 19.3
      vertex 22.601 0.60104 19.3
    endloop
  endfacet
  facet normal 0 0 1
    outer loop
      vertex 25 2.7 19.3
      vertex 22.425 0.736121 19.3
      vertex 22.5174 0.67435 19.3
    endloop
  endfacet
  facet normal 0 0 1
    outer loop
      vertex 25 2.7 19.3
      vertex 22.3253 0.785297 19.3
      vertex 22.425 0.736121 19.3
    endloop
  endfacet
  facet normal 0 0 1
    outer loop
      vertex 25 2.7 19.3
      vertex 22.22 0.821036 19.3
      vertex 22.3253 0.785297 19.3
    endloop
  endfacet
  facet normal 0 0 1
    outer loop
      vertex 25 2.7 19.3
      vertex 22.1109 0.842728 19.3
      vertex 22.22 0.821036 19.3
    endloop
  endfacet
  facet normal 0 0 1
    outer loop
      vertex 25 2.7 19.3
      vertex 22 0.849999 19.3
      vertex 22.1109 0.842728 19.3
    endloop
  endfacet
  facet normal 0 0 1
    outer loop
      vertex 25 2.7 19.3
      vertex 21.8891 0.842728 19.3
      vertex 22 0.849999 19.3
    endloop
  endfacet
  facet normal 0 0 1
    outer loop
      vertex 25 2.7 19.3
      vertex 21.78 0.821036 19.3
      vertex 21.8891 0.842728 19.3
    endloop
  endfacet
  facet normal -0 0 1
    outer loop
      vertex 15.2916 2.7 19.3
      vertex 21.78 0.821036 19.3
      vertex 25 2.7 19.3
    endloop
  endfacet
  facet normal 0 0 1
    outer loop
      vertex 21.78 0.821036 19.3
      vertex 15.2916 2.7 19.3
      vertex 21.6747 0.785297 19.3
    endloop
  endfacet
  facet normal 0 0 1
    outer loop
      vertex 21.1573 0.110947 19.3
      vertex 15.2916 2.7 19.3
      vertex 21.15 0 19.3
    endloop
  endfacet
  facet normal 0 0 1
    outer loop
      vertex 21.179 0.219995 19.3
      vertex 15.2916 2.7 19.3
      vertex 21.1573 0.110947 19.3
    endloop
  endfacet
  facet normal 0 0 1
    outer loop
      vertex 21.2147 0.32528 19.3
      vertex 15.2916 2.7 19.3
      vertex 21.179 0.219995 19.3
    endloop
  endfacet
  facet normal 0 0 1
    outer loop
      vertex 21.2639 0.424999 19.3
      vertex 15.2916 2.7 19.3
      vertex 21.2147 0.32528 19.3
    endloop
  endfacet
  facet normal 0 0 1
    outer loop
      vertex 21.3256 0.517447 19.3
      vertex 15.2916 2.7 19.3
      vertex 21.2639 0.424999 19.3
    endloop
  endfacet
  facet normal 0 0 1
    outer loop
      vertex 21.399 0.60104 19.3
      vertex 15.2916 2.7 19.3
      vertex 21.3256 0.517447 19.3
    endloop
  endfacet
  facet normal 0 0 1
    outer loop
      vertex 21.4826 0.67435 19.3
      vertex 15.2916 2.7 19.3
      vertex 21.399 0.60104 19.3
    endloop
  endfacet
  facet normal 0 0 1
    outer loop
      vertex 21.575 0.736121 19.3
      vertex 15.2916 2.7 19.3
      vertex 21.4826 0.67435 19.3
    endloop
  endfacet
  facet normal 0 0 1
    outer loop
      vertex 21.6747 0.785297 19.3
      vertex 15.2916 2.7 19.3
      vertex 21.575 0.736121 19.3
    endloop
  endfacet
  facet normal -0 0 1
    outer loop
      vertex 22.8427 -0.110947 19.3
      vertex 25 -2.7 19.3
      vertex 22.85 0 19.3
    endloop
  endfacet
  facet normal -0 0 1
    outer loop
      vertex 22.821 -0.219995 19.3
      vertex 25 -2.7 19.3
      vertex 22.8427 -0.110947 19.3
    endloop
  endfacet
  facet normal -0 0 1
    outer loop
      vertex 22.7853 -0.32528 19.3
      vertex 25 -2.7 19.3
      vertex 22.821 -0.219995 19.3
    endloop
  endfacet
  facet normal -0 0 1
    outer loop
      vertex 22.7361 -0.424999 19.3
      vertex 25 -2.7 19.3
      vertex 22.7853 -0.32528 19.3
    endloop
  endfacet
  facet normal -0 0 1
    outer loop
      vertex 22.6744 -0.517447 19.3
      vertex 25 -2.7 19.3
      vertex 22.7361 -0.424999 19.3
    endloop
  endfacet
  facet normal -0 0 1
    outer loop
      vertex 22.601 -0.60104 19.3
      vertex 25 -2.7 19.3
      vertex 22.6744 -0.517447 19.3
    endloop
  endfacet
  facet normal -0 0 1
    outer loop
      vertex 22.5174 -0.67435 19.3
      vertex 25 -2.7 19.3
      vertex 22.601 -0.60104 19.3
    endloop
  endfacet
  facet normal -0 0 1
    outer loop
      vertex 22.425 -0.736121 19.3
      vertex 25 -2.7 19.3
      vertex 22.5174 -0.67435 19.3
    endloop
  endfacet
  facet normal -0 0 1
    outer loop
      vertex 22.3253 -0.785297 19.3
      vertex 25 -2.7 19.3
      vertex 22.425 -0.736121 19.3
    endloop
  endfacet
  facet normal -0 0 1
    outer loop
      vertex 22.22 -0.821036 19.3
      vertex 25 -2.7 19.3
      vertex 22.3253 -0.785297 19.3
    endloop
  endfacet
  facet normal -0 0 1
    outer loop
      vertex 22.1109 -0.842728 19.3
      vertex 25 -2.7 19.3
      vertex 22.22 -0.821036 19.3
    endloop
  endfacet
  facet normal -0 0 1
    outer loop
      vertex 22 -0.849999 19.3
      vertex 25 -2.7 19.3
      vertex 22.1109 -0.842728 19.3
    endloop
  endfacet
  facet normal 0 0 1
    outer loop
      vertex 21.8891 -0.842728 19.3
      vertex 25 -2.7 19.3
      vertex 22 -0.849999 19.3
    endloop
  endfacet
  facet normal 0 0 1
    outer loop
      vertex 21.78 -0.821036 19.3
      vertex 25 -2.7 19.3
      vertex 21.8891 -0.842728 19.3
    endloop
  endfacet
  facet normal 0 0 1
    outer loop
      vertex 15.2916 -2.7 19.3
      vertex 21.78 -0.821036 19.3
      vertex 21.6747 -0.785297 19.3
    endloop
  endfacet
  facet normal 0 0 1
    outer loop
      vertex 15.2916 -2.7 19.3
      vertex 21.6747 -0.785297 19.3
      vertex 21.575 -0.736121 19.3
    endloop
  endfacet
  facet normal 0 0 1
    outer loop
      vertex 15.2916 -2.7 19.3
      vertex 21.15 0 19.3
      vertex 15.2916 2.7 19.3
    endloop
  endfacet
  facet normal 0 0 1
    outer loop
      vertex 21.15 0 19.3
      vertex 15.2916 -2.7 19.3
      vertex 21.1573 -0.110947 19.3
    endloop
  endfacet
  facet normal 0 0 1
    outer loop
      vertex 21.1573 -0.110947 19.3
      vertex 15.2916 -2.7 19.3
      vertex 21.179 -0.219995 19.3
    endloop
  endfacet
  facet normal 0 0 1
    outer loop
      vertex 21.179 -0.219995 19.3
      vertex 15.2916 -2.7 19.3
      vertex 21.2147 -0.32528 19.3
    endloop
  endfacet
  facet normal 0 0 1
    outer loop
      vertex 21.2147 -0.32528 19.3
      vertex 15.2916 -2.7 19.3
      vertex 21.2639 -0.424999 19.3
    endloop
  endfacet
  facet normal 0 0 1
    outer loop
      vertex 21.2639 -0.424999 19.3
      vertex 15.2916 -2.7 19.3
      vertex 21.3256 -0.517447 19.3
    endloop
  endfacet
  facet normal 0 0 1
    outer loop
      vertex 21.3256 -0.517447 19.3
      vertex 15.2916 -2.7 19.3
      vertex 21.399 -0.60104 19.3
    endloop
  endfacet
  facet normal 0 0 1
    outer loop
      vertex 21.399 -0.60104 19.3
      vertex 15.2916 -2.7 19.3
      vertex 21.4826 -0.67435 19.3
    endloop
  endfacet
  facet normal 0 0 1
    outer loop
      vertex 21.4826 -0.67435 19.3
      vertex 15.2916 -2.7 19.3
      vertex 21.575 -0.736121 19.3
    endloop
  endfacet
  facet normal 0 0 1
    outer loop
      vertex 21.78 -0.821036 19.3
      vertex 15.2916 -2.7 19.3
      vertex 25 -2.7 19.3
    endloop
  endfacet
  facet normal 0 -1 0
    outer loop
      vertex 15.2916 2.7 19.3
      vertex 25 2.7 22.75
      vertex 14.45 2.7 22.75
    endloop
  endfacet
  facet normal 0 -1 -0
    outer loop
      vertex 25 2.7 22.75
      vertex 15.2916 2.7 19.3
      vertex 25 2.7 19.3
    endloop
  endfacet
  facet normal 0 1 0
    outer loop
      vertex 15.2916 -2.7 19.3
      vertex 25 -2.7 22.75
      vertex 25 -2.7 19.3
    endloop
  endfacet
  facet normal 0 1 0
    outer loop
      vertex 25 -2.7 22.75
      vertex 15.2916 -2.7 19.3
      vertex 14.45 -2.7 22.75
    endloop
  endfacet
  facet normal -0.19501 -0.980801 0
    outer loop
      vertex -21.8891 0.842728 14.3
      vertex -21.78 0.821036 19.3
      vertex -21.8891 0.842728 19.3
    endloop
  endfacet
  facet normal -0.19501 -0.980801 -0
    outer loop
      vertex -21.78 0.821036 19.3
      vertex -21.8891 0.842728 14.3
      vertex -21.78 0.821036 14.3
    endloop
  endfacet
  facet normal -0.98077 -0.195168 0
    outer loop
      vertex -21.1573 0.110947 14.3
      vertex -21.179 0.219995 19.3
      vertex -21.179 0.219995 14.3
    endloop
  endfacet
  facet normal -0.98077 -0.195168 0
    outer loop
      vertex -21.179 0.219995 19.3
      vertex -21.1573 0.110947 14.3
      vertex -21.1573 0.110947 19.3
    endloop
  endfacet
  facet normal -0.997842 -0.0656552 0
    outer loop
      vertex -21.15 0 14.3
      vertex -21.1573 0.110947 19.3
      vertex -21.1573 0.110947 14.3
    endloop
  endfacet
  facet normal -0.997842 -0.0656552 0
    outer loop
      vertex -21.1573 0.110947 19.3
      vertex -21.15 0 14.3
      vertex -21.15 0 19.3
    endloop
  endfacet
  facet normal -0.947038 -0.321121 0
    outer loop
      vertex -21.179 0.219995 14.3
      vertex -21.2147 0.32528 19.3
      vertex -21.2147 0.32528 14.3
    endloop
  endfacet
  facet normal -0.947038 -0.321121 0
    outer loop
      vertex -21.2147 0.32528 19.3
      vertex -21.179 0.219995 14.3
      vertex -21.179 0.219995 19.3
    endloop
  endfacet
  facet normal -0.831768 -0.555124 0
    outer loop
      vertex -21.2639 0.424999 14.3
      vertex -21.3256 0.517447 19.3
      vertex -21.3256 0.517447 14.3
    endloop
  endfacet
  facet normal -0.831768 -0.555124 0
    outer loop
      vertex -21.3256 0.517447 19.3
      vertex -21.2639 0.424999 14.3
      vertex -21.2639 0.424999 19.3
    endloop
  endfacet
  facet normal -0.321395 -0.946945 0
    outer loop
      vertex -21.78 0.821036 14.3
      vertex -21.6747 0.785297 19.3
      vertex -21.78 0.821036 19.3
    endloop
  endfacet
  facet normal -0.321395 -0.946945 -0
    outer loop
      vertex -21.6747 0.785297 19.3
      vertex -21.78 0.821036 14.3
      vertex -21.6747 0.785297 14.3
    endloop
  endfacet
  facet normal 0.98077 0.195168 0
    outer loop
      vertex -22.821 -0.219995 19.3
      vertex -22.8427 -0.110947 14.3
      vertex -22.8427 -0.110947 19.3
    endloop
  endfacet
  facet normal 0.98077 0.195168 0
    outer loop
      vertex -22.8427 -0.110947 14.3
      vertex -22.821 -0.219995 19.3
      vertex -22.821 -0.219995 14.3
    endloop
  endfacet
  facet normal -0.997842 0.0656552 0
    outer loop
      vertex -21.1573 -0.110947 14.3
      vertex -21.15 0 19.3
      vertex -21.15 0 14.3
    endloop
  endfacet
  facet normal -0.997842 0.0656552 0
    outer loop
      vertex -21.15 0 19.3
      vertex -21.1573 -0.110947 14.3
      vertex -21.1573 -0.110947 19.3
    endloop
  endfacet
  facet normal 0.997842 0.0656552 0
    outer loop
      vertex -22.8427 -0.110947 19.3
      vertex -22.85 0 14.3
      vertex -22.85 0 19.3
    endloop
  endfacet
  facet normal 0.997842 0.0656552 0
    outer loop
      vertex -22.85 0 14.3
      vertex -22.8427 -0.110947 19.3
      vertex -22.8427 -0.110947 14.3
    endloop
  endfacet
  facet normal 0.321395 0.946945 -0
    outer loop
      vertex -22.22 -0.821036 14.3
      vertex -22.3253 -0.785297 19.3
      vertex -22.22 -0.821036 19.3
    endloop
  endfacet
  facet normal 0.321395 0.946945 0
    outer loop
      vertex -22.3253 -0.785297 19.3
      vertex -22.22 -0.821036 14.3
      vertex -22.3253 -0.785297 14.3
    endloop
  endfacet
  facet normal -0.896787 -0.442463 0
    outer loop
      vertex -21.2147 0.32528 14.3
      vertex -21.2639 0.424999 19.3
      vertex -21.2639 0.424999 14.3
    endloop
  endfacet
  facet normal -0.896787 -0.442463 0
    outer loop
      vertex -21.2639 0.424999 19.3
      vertex -21.2147 0.32528 14.3
      vertex -21.2147 0.32528 19.3
    endloop
  endfacet
  facet normal -0.751435 -0.659808 0
    outer loop
      vertex -21.3256 0.517447 14.3
      vertex -21.399 0.60104 19.3
      vertex -21.399 0.60104 14.3
    endloop
  endfacet
  facet normal -0.751435 -0.659808 0
    outer loop
      vertex -21.399 0.60104 19.3
      vertex -21.3256 0.517447 14.3
      vertex -21.3256 0.517447 19.3
    endloop
  endfacet
  facet normal -0.947038 0.321121 0
    outer loop
      vertex -21.2147 -0.32528 14.3
      vertex -21.179 -0.219995 19.3
      vertex -21.179 -0.219995 14.3
    endloop
  endfacet
  facet normal -0.947038 0.321121 0
    outer loop
      vertex -21.179 -0.219995 19.3
      vertex -21.2147 -0.32528 14.3
      vertex -21.2147 -0.32528 19.3
    endloop
  endfacet
  facet normal 0.751435 0.659808 0
    outer loop
      vertex -22.601 -0.60104 19.3
      vertex -22.6744 -0.517447 14.3
      vertex -22.6744 -0.517447 19.3
    endloop
  endfacet
  facet normal 0.751435 0.659808 0
    outer loop
      vertex -22.6744 -0.517447 14.3
      vertex -22.601 -0.60104 19.3
      vertex -22.601 -0.60104 14.3
    endloop
  endfacet
  facet normal -0.98077 0.195168 0
    outer loop
      vertex -21.179 -0.219995 14.3
      vertex -21.1573 -0.110947 19.3
      vertex -21.1573 -0.110947 14.3
    endloop
  endfacet
  facet normal -0.98077 0.195168 0
    outer loop
      vertex -21.1573 -0.110947 19.3
      vertex -21.179 -0.219995 14.3
      vertex -21.179 -0.219995 19.3
    endloop
  endfacet
  facet normal -0.0654231 0.997858 0
    outer loop
      vertex -21.8891 -0.842728 14.3
      vertex -22 -0.849999 19.3
      vertex -21.8891 -0.842728 19.3
    endloop
  endfacet
  facet normal -0.0654231 0.997858 0
    outer loop
      vertex -22 -0.849999 19.3
      vertex -21.8891 -0.842728 14.3
      vertex -22 -0.849999 14.3
    endloop
  endfacet
  facet normal 0.947038 0.321121 0
    outer loop
      vertex -22.7853 -0.32528 19.3
      vertex -22.821 -0.219995 14.3
      vertex -22.821 -0.219995 19.3
    endloop
  endfacet
  facet normal 0.947038 0.321121 0
    outer loop
      vertex -22.821 -0.219995 14.3
      vertex -22.7853 -0.32528 19.3
      vertex -22.7853 -0.32528 14.3
    endloop
  endfacet
  facet normal -0.831768 0.555124 0
    outer loop
      vertex -21.3256 -0.517447 14.3
      vertex -21.2639 -0.424999 19.3
      vertex -21.2639 -0.424999 14.3
    endloop
  endfacet
  facet normal -0.831768 0.555124 0
    outer loop
      vertex -21.2639 -0.424999 19.3
      vertex -21.3256 -0.517447 14.3
      vertex -21.3256 -0.517447 19.3
    endloop
  endfacet
  facet normal -0.442357 -0.896839 0
    outer loop
      vertex -21.6747 0.785297 14.3
      vertex -21.575 0.736121 19.3
      vertex -21.6747 0.785297 19.3
    endloop
  endfacet
  facet normal -0.442357 -0.896839 -0
    outer loop
      vertex -21.575 0.736121 19.3
      vertex -21.6747 0.785297 14.3
      vertex -21.575 0.736121 14.3
    endloop
  endfacet
  facet normal 0.442357 -0.896839 0
    outer loop
      vertex -22.425 0.736121 14.3
      vertex -22.3253 0.785297 19.3
      vertex -22.425 0.736121 19.3
    endloop
  endfacet
  facet normal 0.442357 -0.896839 0
    outer loop
      vertex -22.3253 0.785297 19.3
      vertex -22.425 0.736121 14.3
      vertex -22.3253 0.785297 14.3
    endloop
  endfacet
  facet normal -0.442357 0.896839 0
    outer loop
      vertex -21.575 -0.736121 14.3
      vertex -21.6747 -0.785297 19.3
      vertex -21.575 -0.736121 19.3
    endloop
  endfacet
  facet normal -0.442357 0.896839 0
    outer loop
      vertex -21.6747 -0.785297 19.3
      vertex -21.575 -0.736121 14.3
      vertex -21.6747 -0.785297 14.3
    endloop
  endfacet
  facet normal -0.321395 0.946945 0
    outer loop
      vertex -21.6747 -0.785297 14.3
      vertex -21.78 -0.821036 19.3
      vertex -21.6747 -0.785297 19.3
    endloop
  endfacet
  facet normal -0.321395 0.946945 0
    outer loop
      vertex -21.78 -0.821036 19.3
      vertex -21.6747 -0.785297 14.3
      vertex -21.78 -0.821036 14.3
    endloop
  endfacet
  facet normal 0.19501 0.980801 -0
    outer loop
      vertex -22.1109 -0.842728 14.3
      vertex -22.22 -0.821036 19.3
      vertex -22.1109 -0.842728 19.3
    endloop
  endfacet
  facet normal 0.19501 0.980801 0
    outer loop
      vertex -22.22 -0.821036 19.3
      vertex -22.1109 -0.842728 14.3
      vertex -22.22 -0.821036 14.3
    endloop
  endfacet
  facet normal 0.947038 -0.321121 0
    outer loop
      vertex -22.821 0.219995 19.3
      vertex -22.7853 0.32528 14.3
      vertex -22.7853 0.32528 19.3
    endloop
  endfacet
  facet normal 0.947038 -0.321121 0
    outer loop
      vertex -22.7853 0.32528 14.3
      vertex -22.821 0.219995 19.3
      vertex -22.821 0.219995 14.3
    endloop
  endfacet
  facet normal 0.19501 -0.980801 0
    outer loop
      vertex -22.22 0.821036 14.3
      vertex -22.1109 0.842728 19.3
      vertex -22.22 0.821036 19.3
    endloop
  endfacet
  facet normal 0.19501 -0.980801 0
    outer loop
      vertex -22.1109 0.842728 19.3
      vertex -22.22 0.821036 14.3
      vertex -22.1109 0.842728 14.3
    endloop
  endfacet
  facet normal 0.555765 -0.83134 0
    outer loop
      vertex -22.5174 0.67435 14.3
      vertex -22.425 0.736121 19.3
      vertex -22.5174 0.67435 19.3
    endloop
  endfacet
  facet normal 0.555765 -0.83134 0
    outer loop
      vertex -22.425 0.736121 19.3
      vertex -22.5174 0.67435 14.3
      vertex -22.425 0.736121 14.3
    endloop
  endfacet
  facet normal -0.555765 0.83134 0
    outer loop
      vertex -21.4826 -0.67435 14.3
      vertex -21.575 -0.736121 19.3
      vertex -21.4826 -0.67435 19.3
    endloop
  endfacet
  facet normal -0.555765 0.83134 0
    outer loop
      vertex -21.575 -0.736121 19.3
      vertex -21.4826 -0.67435 14.3
      vertex -21.575 -0.736121 14.3
    endloop
  endfacet
  facet normal -0.19501 0.980801 0
    outer loop
      vertex -21.78 -0.821036 14.3
      vertex -21.8891 -0.842728 19.3
      vertex -21.78 -0.821036 19.3
    endloop
  endfacet
  facet normal -0.19501 0.980801 0
    outer loop
      vertex -21.8891 -0.842728 19.3
      vertex -21.78 -0.821036 14.3
      vertex -21.8891 -0.842728 14.3
    endloop
  endfacet
  facet normal 0.896787 -0.442463 0
    outer loop
      vertex -22.7853 0.32528 19.3
      vertex -22.7361 0.424999 14.3
      vertex -22.7361 0.424999 19.3
    endloop
  endfacet
  facet normal 0.896787 -0.442463 0
    outer loop
      vertex -22.7361 0.424999 14.3
      vertex -22.7853 0.32528 19.3
      vertex -22.7853 0.32528 14.3
    endloop
  endfacet
  facet normal 0.831768 -0.555124 0
    outer loop
      vertex -22.7361 0.424999 19.3
      vertex -22.6744 0.517447 14.3
      vertex -22.6744 0.517447 19.3
    endloop
  endfacet
  facet normal 0.831768 -0.555124 0
    outer loop
      vertex -22.6744 0.517447 14.3
      vertex -22.7361 0.424999 19.3
      vertex -22.7361 0.424999 14.3
    endloop
  endfacet
  facet normal 0.0654231 0.997858 -0
    outer loop
      vertex -22 -0.849999 14.3
      vertex -22.1109 -0.842728 19.3
      vertex -22 -0.849999 19.3
    endloop
  endfacet
  facet normal 0.0654231 0.997858 0
    outer loop
      vertex -22.1109 -0.842728 19.3
      vertex -22 -0.849999 14.3
      vertex -22.1109 -0.842728 14.3
    endloop
  endfacet
  facet normal 0.659319 -0.751863 0
    outer loop
      vertex -22.601 0.60104 14.3
      vertex -22.5174 0.67435 19.3
      vertex -22.601 0.60104 19.3
    endloop
  endfacet
  facet normal 0.659319 -0.751863 0
    outer loop
      vertex -22.5174 0.67435 19.3
      vertex -22.601 0.60104 14.3
      vertex -22.5174 0.67435 14.3
    endloop
  endfacet
  facet normal 0.659319 0.751863 -0
    outer loop
      vertex -22.5174 -0.67435 14.3
      vertex -22.601 -0.60104 19.3
      vertex -22.5174 -0.67435 19.3
    endloop
  endfacet
  facet normal 0.659319 0.751863 0
    outer loop
      vertex -22.601 -0.60104 19.3
      vertex -22.5174 -0.67435 14.3
      vertex -22.601 -0.60104 14.3
    endloop
  endfacet
  facet normal 0 0 1
    outer loop
      vertex -21.1573 0.110947 14.3
      vertex -21.1573 -0.110947 14.3
      vertex -21.15 0 14.3
    endloop
  endfacet
  facet normal 0 0 1
    outer loop
      vertex -21.179 0.219995 14.3
      vertex -21.1573 -0.110947 14.3
      vertex -21.1573 0.110947 14.3
    endloop
  endfacet
  facet normal 0 0 1
    outer loop
      vertex -21.179 0.219995 14.3
      vertex -21.179 -0.219995 14.3
      vertex -21.1573 -0.110947 14.3
    endloop
  endfacet
  facet normal 0 0 1
    outer loop
      vertex -21.2147 0.32528 14.3
      vertex -21.179 -0.219995 14.3
      vertex -21.179 0.219995 14.3
    endloop
  endfacet
  facet normal 0 0 1
    outer loop
      vertex -21.2147 0.32528 14.3
      vertex -21.2147 -0.32528 14.3
      vertex -21.179 -0.219995 14.3
    endloop
  endfacet
  facet normal 0 0 1
    outer loop
      vertex -21.2639 0.424999 14.3
      vertex -21.2147 -0.32528 14.3
      vertex -21.2147 0.32528 14.3
    endloop
  endfacet
  facet normal 0 0 1
    outer loop
      vertex -21.2639 0.424999 14.3
      vertex -21.2639 -0.424999 14.3
      vertex -21.2147 -0.32528 14.3
    endloop
  endfacet
  facet normal 0 0 1
    outer loop
      vertex -21.3256 0.517447 14.3
      vertex -21.2639 -0.424999 14.3
      vertex -21.2639 0.424999 14.3
    endloop
  endfacet
  facet normal 0 0 1
    outer loop
      vertex -21.3256 0.517447 14.3
      vertex -21.3256 -0.517447 14.3
      vertex -21.2639 -0.424999 14.3
    endloop
  endfacet
  facet normal 0 0 1
    outer loop
      vertex -21.399 0.60104 14.3
      vertex -21.3256 -0.517447 14.3
      vertex -21.3256 0.517447 14.3
    endloop
  endfacet
  facet normal 0 0 1
    outer loop
      vertex -21.399 0.60104 14.3
      vertex -21.399 -0.60104 14.3
      vertex -21.3256 -0.517447 14.3
    endloop
  endfacet
  facet normal 0 0 1
    outer loop
      vertex -21.4826 0.67435 14.3
      vertex -21.399 -0.60104 14.3
      vertex -21.399 0.60104 14.3
    endloop
  endfacet
  facet normal 0 0 1
    outer loop
      vertex -21.4826 0.67435 14.3
      vertex -21.4826 -0.67435 14.3
      vertex -21.399 -0.60104 14.3
    endloop
  endfacet
  facet normal 0 0 1
    outer loop
      vertex -21.575 0.736121 14.3
      vertex -21.4826 -0.67435 14.3
      vertex -21.4826 0.67435 14.3
    endloop
  endfacet
  facet normal 0 0 1
    outer loop
      vertex -21.575 0.736121 14.3
      vertex -21.575 -0.736121 14.3
      vertex -21.4826 -0.67435 14.3
    endloop
  endfacet
  facet normal 0 0 1
    outer loop
      vertex -21.6747 0.785297 14.3
      vertex -21.575 -0.736121 14.3
      vertex -21.575 0.736121 14.3
    endloop
  endfacet
  facet normal 0 0 1
    outer loop
      vertex -21.6747 0.785297 14.3
      vertex -21.6747 -0.785297 14.3
      vertex -21.575 -0.736121 14.3
    endloop
  endfacet
  facet normal 0 0 1
    outer loop
      vertex -21.78 0.821036 14.3
      vertex -21.6747 -0.785297 14.3
      vertex -21.6747 0.785297 14.3
    endloop
  endfacet
  facet normal 0 0 1
    outer loop
      vertex -21.78 0.821036 14.3
      vertex -21.78 -0.821036 14.3
      vertex -21.6747 -0.785297 14.3
    endloop
  endfacet
  facet normal 0 0 1
    outer loop
      vertex -21.8891 0.842728 14.3
      vertex -21.78 -0.821036 14.3
      vertex -21.78 0.821036 14.3
    endloop
  endfacet
  facet normal 0 0 1
    outer loop
      vertex -21.8891 0.842728 14.3
      vertex -21.8891 -0.842728 14.3
      vertex -21.78 -0.821036 14.3
    endloop
  endfacet
  facet normal 0 0 1
    outer loop
      vertex -22 0.849999 14.3
      vertex -21.8891 -0.842728 14.3
      vertex -21.8891 0.842728 14.3
    endloop
  endfacet
  facet normal 0 0 1
    outer loop
      vertex -22 0.849999 14.3
      vertex -22 -0.849999 14.3
      vertex -21.8891 -0.842728 14.3
    endloop
  endfacet
  facet normal -0 0 1
    outer loop
      vertex -22.1109 0.842728 14.3
      vertex -22 -0.849999 14.3
      vertex -22 0.849999 14.3
    endloop
  endfacet
  facet normal 0 0 1
    outer loop
      vertex -22.1109 0.842728 14.3
      vertex -22.1109 -0.842728 14.3
      vertex -22 -0.849999 14.3
    endloop
  endfacet
  facet normal -0 0 1
    outer loop
      vertex -22.22 0.821036 14.3
      vertex -22.1109 -0.842728 14.3
      vertex -22.1109 0.842728 14.3
    endloop
  endfacet
  facet normal 0 0 1
    outer loop
      vertex -22.22 0.821036 14.3
      vertex -22.22 -0.821036 14.3
      vertex -22.1109 -0.842728 14.3
    endloop
  endfacet
  facet normal -0 0 1
    outer loop
      vertex -22.3253 0.785297 14.3
      vertex -22.22 -0.821036 14.3
      vertex -22.22 0.821036 14.3
    endloop
  endfacet
  facet normal 0 0 1
    outer loop
      vertex -22.3253 0.785297 14.3
      vertex -22.3253 -0.785297 14.3
      vertex -22.22 -0.821036 14.3
    endloop
  endfacet
  facet normal -0 0 1
    outer loop
      vertex -22.425 0.736121 14.3
      vertex -22.3253 -0.785297 14.3
      vertex -22.3253 0.785297 14.3
    endloop
  endfacet
  facet normal 0 0 1
    outer loop
      vertex -22.425 0.736121 14.3
      vertex -22.425 -0.736121 14.3
      vertex -22.3253 -0.785297 14.3
    endloop
  endfacet
  facet normal -0 0 1
    outer loop
      vertex -22.5174 0.67435 14.3
      vertex -22.425 -0.736121 14.3
      vertex -22.425 0.736121 14.3
    endloop
  endfacet
  facet normal 0 0 1
    outer loop
      vertex -22.5174 0.67435 14.3
      vertex -22.5174 -0.67435 14.3
      vertex -22.425 -0.736121 14.3
    endloop
  endfacet
  facet normal -0 0 1
    outer loop
      vertex -22.601 0.60104 14.3
      vertex -22.5174 -0.67435 14.3
      vertex -22.5174 0.67435 14.3
    endloop
  endfacet
  facet normal 0 0 1
    outer loop
      vertex -22.601 0.60104 14.3
      vertex -22.601 -0.60104 14.3
      vertex -22.5174 -0.67435 14.3
    endloop
  endfacet
  facet normal -0 0 1
    outer loop
      vertex -22.6744 0.517447 14.3
      vertex -22.601 -0.60104 14.3
      vertex -22.601 0.60104 14.3
    endloop
  endfacet
  facet normal 0 0 1
    outer loop
      vertex -22.6744 0.517447 14.3
      vertex -22.6744 -0.517447 14.3
      vertex -22.601 -0.60104 14.3
    endloop
  endfacet
  facet normal -0 0 1
    outer loop
      vertex -22.7361 0.424999 14.3
      vertex -22.6744 -0.517447 14.3
      vertex -22.6744 0.517447 14.3
    endloop
  endfacet
  facet normal 0 0 1
    outer loop
      vertex -22.7361 0.424999 14.3
      vertex -22.7361 -0.424999 14.3
      vertex -22.6744 -0.517447 14.3
    endloop
  endfacet
  facet normal -0 0 1
    outer loop
      vertex -22.7853 0.32528 14.3
      vertex -22.7361 -0.424999 14.3
      vertex -22.7361 0.424999 14.3
    endloop
  endfacet
  facet normal 0 0 1
    outer loop
      vertex -22.7853 0.32528 14.3
      vertex -22.7853 -0.32528 14.3
      vertex -22.7361 -0.424999 14.3
    endloop
  endfacet
  facet normal -0 0 1
    outer loop
      vertex -22.821 0.219995 14.3
      vertex -22.7853 -0.32528 14.3
      vertex -22.7853 0.32528 14.3
    endloop
  endfacet
  facet normal 0 0 1
    outer loop
      vertex -22.821 0.219995 14.3
      vertex -22.821 -0.219995 14.3
      vertex -22.7853 -0.32528 14.3
    endloop
  endfacet
  facet normal -0 0 1
    outer loop
      vertex -22.8427 0.110947 14.3
      vertex -22.821 -0.219995 14.3
      vertex -22.821 0.219995 14.3
    endloop
  endfacet
  facet normal 0 0 1
    outer loop
      vertex -22.8427 0.110947 14.3
      vertex -22.8427 -0.110947 14.3
      vertex -22.821 -0.219995 14.3
    endloop
  endfacet
  facet normal 0 -0 1
    outer loop
      vertex -22.8427 -0.110947 14.3
      vertex -22.8427 0.110947 14.3
      vertex -22.85 0 14.3
    endloop
  endfacet
  facet normal 0.751435 -0.659808 0
    outer loop
      vertex -22.6744 0.517447 19.3
      vertex -22.601 0.60104 14.3
      vertex -22.601 0.60104 19.3
    endloop
  endfacet
  facet normal 0.751435 -0.659808 0
    outer loop
      vertex -22.601 0.60104 14.3
      vertex -22.6744 0.517447 19.3
      vertex -22.6744 0.517447 14.3
    endloop
  endfacet
  facet normal -0.751435 0.659808 0
    outer loop
      vertex -21.399 -0.60104 14.3
      vertex -21.3256 -0.517447 19.3
      vertex -21.3256 -0.517447 14.3
    endloop
  endfacet
  facet normal -0.751435 0.659808 0
    outer loop
      vertex -21.3256 -0.517447 19.3
      vertex -21.399 -0.60104 14.3
      vertex -21.399 -0.60104 19.3
    endloop
  endfacet
  facet normal -0.896787 0.442463 0
    outer loop
      vertex -21.2639 -0.424999 14.3
      vertex -21.2147 -0.32528 19.3
      vertex -21.2147 -0.32528 14.3
    endloop
  endfacet
  facet normal -0.896787 0.442463 0
    outer loop
      vertex -21.2147 -0.32528 19.3
      vertex -21.2639 -0.424999 14.3
      vertex -21.2639 -0.424999 19.3
    endloop
  endfacet
  facet normal 0.555765 0.83134 -0
    outer loop
      vertex -22.425 -0.736121 14.3
      vertex -22.5174 -0.67435 19.3
      vertex -22.425 -0.736121 19.3
    endloop
  endfacet
  facet normal 0.555765 0.83134 0
    outer loop
      vertex -22.5174 -0.67435 19.3
      vertex -22.425 -0.736121 14.3
      vertex -22.5174 -0.67435 14.3
    endloop
  endfacet
  facet normal 0.98077 -0.195168 0
    outer loop
      vertex -22.8427 0.110947 19.3
      vertex -22.821 0.219995 14.3
      vertex -22.821 0.219995 19.3
    endloop
  endfacet
  facet normal 0.98077 -0.195168 0
    outer loop
      vertex -22.821 0.219995 14.3
      vertex -22.8427 0.110947 19.3
      vertex -22.8427 0.110947 14.3
    endloop
  endfacet
  facet normal -0.0654231 -0.997858 0
    outer loop
      vertex -22 0.849999 14.3
      vertex -21.8891 0.842728 19.3
      vertex -22 0.849999 19.3
    endloop
  endfacet
  facet normal -0.0654231 -0.997858 -0
    outer loop
      vertex -21.8891 0.842728 19.3
      vertex -22 0.849999 14.3
      vertex -21.8891 0.842728 14.3
    endloop
  endfacet
  facet normal -0.555765 -0.83134 0
    outer loop
      vertex -21.575 0.736121 14.3
      vertex -21.4826 0.67435 19.3
      vertex -21.575 0.736121 19.3
    endloop
  endfacet
  facet normal -0.555765 -0.83134 -0
    outer loop
      vertex -21.4826 0.67435 19.3
      vertex -21.575 0.736121 14.3
      vertex -21.4826 0.67435 14.3
    endloop
  endfacet
  facet normal 0.321395 -0.946945 0
    outer loop
      vertex -22.3253 0.785297 14.3
      vertex -22.22 0.821036 19.3
      vertex -22.3253 0.785297 19.3
    endloop
  endfacet
  facet normal 0.321395 -0.946945 0
    outer loop
      vertex -22.22 0.821036 19.3
      vertex -22.3253 0.785297 14.3
      vertex -22.22 0.821036 14.3
    endloop
  endfacet
  facet normal 0.0654231 -0.997858 0
    outer loop
      vertex -22.1109 0.842728 14.3
      vertex -22 0.849999 19.3
      vertex -22.1109 0.842728 19.3
    endloop
  endfacet
  facet normal 0.0654231 -0.997858 0
    outer loop
      vertex -22 0.849999 19.3
      vertex -22.1109 0.842728 14.3
      vertex -22 0.849999 14.3
    endloop
  endfacet
  facet normal 0.997842 -0.0656552 0
    outer loop
      vertex -22.85 0 19.3
      vertex -22.8427 0.110947 14.3
      vertex -22.8427 0.110947 19.3
    endloop
  endfacet
  facet normal 0.997842 -0.0656552 0
    outer loop
      vertex -22.8427 0.110947 14.3
      vertex -22.85 0 19.3
      vertex -22.85 0 14.3
    endloop
  endfacet
  facet normal -0.659319 -0.751863 0
    outer loop
      vertex -21.4826 0.67435 14.3
      vertex -21.399 0.60104 19.3
      vertex -21.4826 0.67435 19.3
    endloop
  endfacet
  facet normal -0.659319 -0.751863 -0
    outer loop
      vertex -21.399 0.60104 19.3
      vertex -21.4826 0.67435 14.3
      vertex -21.399 0.60104 14.3
    endloop
  endfacet
  facet normal 0.896787 0.442463 0
    outer loop
      vertex -22.7361 -0.424999 19.3
      vertex -22.7853 -0.32528 14.3
      vertex -22.7853 -0.32528 19.3
    endloop
  endfacet
  facet normal 0.896787 0.442463 0
    outer loop
      vertex -22.7853 -0.32528 14.3
      vertex -22.7361 -0.424999 19.3
      vertex -22.7361 -0.424999 14.3
    endloop
  endfacet
  facet normal 0.442357 0.896839 -0
    outer loop
      vertex -22.3253 -0.785297 14.3
      vertex -22.425 -0.736121 19.3
      vertex -22.3253 -0.785297 19.3
    endloop
  endfacet
  facet normal 0.442357 0.896839 0
    outer loop
      vertex -22.425 -0.736121 19.3
      vertex -22.3253 -0.785297 14.3
      vertex -22.425 -0.736121 14.3
    endloop
  endfacet
  facet normal -0.659319 0.751863 0
    outer loop
      vertex -21.399 -0.60104 14.3
      vertex -21.4826 -0.67435 19.3
      vertex -21.399 -0.60104 19.3
    endloop
  endfacet
  facet normal -0.659319 0.751863 0
    outer loop
      vertex -21.4826 -0.67435 19.3
      vertex -21.399 -0.60104 14.3
      vertex -21.4826 -0.67435 14.3
    endloop
  endfacet
  facet normal 0.831768 0.555124 0
    outer loop
      vertex -22.6744 -0.517447 19.3
      vertex -22.7361 -0.424999 14.3
      vertex -22.7361 -0.424999 19.3
    endloop
  endfacet
  facet normal 0.831768 0.555124 0
    outer loop
      vertex -22.7361 -0.424999 14.3
      vertex -22.6744 -0.517447 19.3
      vertex -22.6744 -0.517447 14.3
    endloop
  endfacet
  facet normal -0.19501 -0.980801 0
    outer loop
      vertex 22.1109 0.842728 14.3
      vertex 22.22 0.821036 19.3
      vertex 22.1109 0.842728 19.3
    endloop
  endfacet
  facet normal -0.19501 -0.980801 -0
    outer loop
      vertex 22.22 0.821036 19.3
      vertex 22.1109 0.842728 14.3
      vertex 22.22 0.821036 14.3
    endloop
  endfacet
  facet normal -0.98077 -0.195168 0
    outer loop
      vertex 22.8427 0.110947 14.3
      vertex 22.821 0.219995 19.3
      vertex 22.821 0.219995 14.3
    endloop
  endfacet
  facet normal -0.98077 -0.195168 0
    outer loop
      vertex 22.821 0.219995 19.3
      vertex 22.8427 0.110947 14.3
      vertex 22.8427 0.110947 19.3
    endloop
  endfacet
  facet normal -0.997842 -0.0656552 0
    outer loop
      vertex 22.85 0 14.3
      vertex 22.8427 0.110947 19.3
      vertex 22.8427 0.110947 14.3
    endloop
  endfacet
  facet normal -0.997842 -0.0656552 0
    outer loop
      vertex 22.8427 0.110947 19.3
      vertex 22.85 0 14.3
      vertex 22.85 0 19.3
    endloop
  endfacet
  facet normal -0.947038 -0.321121 0
    outer loop
      vertex 22.821 0.219995 14.3
      vertex 22.7853 0.32528 19.3
      vertex 22.7853 0.32528 14.3
    endloop
  endfacet
  facet normal -0.947038 -0.321121 0
    outer loop
      vertex 22.7853 0.32528 19.3
      vertex 22.821 0.219995 14.3
      vertex 22.821 0.219995 19.3
    endloop
  endfacet
  facet normal -0.831768 -0.555124 0
    outer loop
      vertex 22.7361 0.424999 14.3
      vertex 22.6744 0.517447 19.3
      vertex 22.6744 0.517447 14.3
    endloop
  endfacet
  facet normal -0.831768 -0.555124 0
    outer loop
      vertex 22.6744 0.517447 19.3
      vertex 22.7361 0.424999 14.3
      vertex 22.7361 0.424999 19.3
    endloop
  endfacet
  facet normal -0.321395 -0.946945 0
    outer loop
      vertex 22.22 0.821036 14.3
      vertex 22.3253 0.785297 19.3
      vertex 22.22 0.821036 19.3
    endloop
  endfacet
  facet normal -0.321395 -0.946945 -0
    outer loop
      vertex 22.3253 0.785297 19.3
      vertex 22.22 0.821036 14.3
      vertex 22.3253 0.785297 14.3
    endloop
  endfacet
  facet normal 0.98077 0.195168 0
    outer loop
      vertex 21.179 -0.219995 19.3
      vertex 21.1573 -0.110947 14.3
      vertex 21.1573 -0.110947 19.3
    endloop
  endfacet
  facet normal 0.98077 0.195168 0
    outer loop
      vertex 21.1573 -0.110947 14.3
      vertex 21.179 -0.219995 19.3
      vertex 21.179 -0.219995 14.3
    endloop
  endfacet
  facet normal -0.997842 0.0656552 0
    outer loop
      vertex 22.8427 -0.110947 14.3
      vertex 22.85 0 19.3
      vertex 22.85 0 14.3
    endloop
  endfacet
  facet normal -0.997842 0.0656552 0
    outer loop
      vertex 22.85 0 19.3
      vertex 22.8427 -0.110947 14.3
      vertex 22.8427 -0.110947 19.3
    endloop
  endfacet
  facet normal 0.555765 0.83134 -0
    outer loop
      vertex 21.575 -0.736121 14.3
      vertex 21.4826 -0.67435 19.3
      vertex 21.575 -0.736121 19.3
    endloop
  endfacet
  facet normal 0.555765 0.83134 0
    outer loop
      vertex 21.4826 -0.67435 19.3
      vertex 21.575 -0.736121 14.3
      vertex 21.4826 -0.67435 14.3
    endloop
  endfacet
  facet normal 0.997842 0.0656552 0
    outer loop
      vertex 21.1573 -0.110947 19.3
      vertex 21.15 0 14.3
      vertex 21.15 0 19.3
    endloop
  endfacet
  facet normal 0.997842 0.0656552 0
    outer loop
      vertex 21.15 0 14.3
      vertex 21.1573 -0.110947 19.3
      vertex 21.1573 -0.110947 14.3
    endloop
  endfacet
  facet normal 0.321395 0.946945 -0
    outer loop
      vertex 21.78 -0.821036 14.3
      vertex 21.6747 -0.785297 19.3
      vertex 21.78 -0.821036 19.3
    endloop
  endfacet
  facet normal 0.321395 0.946945 0
    outer loop
      vertex 21.6747 -0.785297 19.3
      vertex 21.78 -0.821036 14.3
      vertex 21.6747 -0.785297 14.3
    endloop
  endfacet
  facet normal -0.896787 -0.442463 0
    outer loop
      vertex 22.7853 0.32528 14.3
      vertex 22.7361 0.424999 19.3
      vertex 22.7361 0.424999 14.3
    endloop
  endfacet
  facet normal -0.896787 -0.442463 0
    outer loop
      vertex 22.7361 0.424999 19.3
      vertex 22.7853 0.32528 14.3
      vertex 22.7853 0.32528 19.3
    endloop
  endfacet
  facet normal -0.751435 -0.659808 0
    outer loop
      vertex 22.6744 0.517447 14.3
      vertex 22.601 0.60104 19.3
      vertex 22.601 0.60104 14.3
    endloop
  endfacet
  facet normal -0.751435 -0.659808 0
    outer loop
      vertex 22.601 0.60104 19.3
      vertex 22.6744 0.517447 14.3
      vertex 22.6744 0.517447 19.3
    endloop
  endfacet
  facet normal -0.947038 0.321121 0
    outer loop
      vertex 22.7853 -0.32528 14.3
      vertex 22.821 -0.219995 19.3
      vertex 22.821 -0.219995 14.3
    endloop
  endfacet
  facet normal -0.947038 0.321121 0
    outer loop
      vertex 22.821 -0.219995 19.3
      vertex 22.7853 -0.32528 14.3
      vertex 22.7853 -0.32528 19.3
    endloop
  endfacet
  facet normal 0.751435 0.659808 0
    outer loop
      vertex 21.399 -0.60104 19.3
      vertex 21.3256 -0.517447 14.3
      vertex 21.3256 -0.517447 19.3
    endloop
  endfacet
  facet normal 0.751435 0.659808 0
    outer loop
      vertex 21.3256 -0.517447 14.3
      vertex 21.399 -0.60104 19.3
      vertex 21.399 -0.60104 14.3
    endloop
  endfacet
  facet normal -0.98077 0.195168 0
    outer loop
      vertex 22.821 -0.219995 14.3
      vertex 22.8427 -0.110947 19.3
      vertex 22.8427 -0.110947 14.3
    endloop
  endfacet
  facet normal -0.98077 0.195168 0
    outer loop
      vertex 22.8427 -0.110947 19.3
      vertex 22.821 -0.219995 14.3
      vertex 22.821 -0.219995 19.3
    endloop
  endfacet
  facet normal -0.0654231 0.997858 0
    outer loop
      vertex 22.1109 -0.842728 14.3
      vertex 22 -0.849999 19.3
      vertex 22.1109 -0.842728 19.3
    endloop
  endfacet
  facet normal -0.0654231 0.997858 0
    outer loop
      vertex 22 -0.849999 19.3
      vertex 22.1109 -0.842728 14.3
      vertex 22 -0.849999 14.3
    endloop
  endfacet
  facet normal 0.947038 0.321121 0
    outer loop
      vertex 21.2147 -0.32528 19.3
      vertex 21.179 -0.219995 14.3
      vertex 21.179 -0.219995 19.3
    endloop
  endfacet
  facet normal 0.947038 0.321121 0
    outer loop
      vertex 21.179 -0.219995 14.3
      vertex 21.2147 -0.32528 19.3
      vertex 21.2147 -0.32528 14.3
    endloop
  endfacet
  facet normal -0.831768 0.555124 0
    outer loop
      vertex 22.6744 -0.517447 14.3
      vertex 22.7361 -0.424999 19.3
      vertex 22.7361 -0.424999 14.3
    endloop
  endfacet
  facet normal -0.831768 0.555124 0
    outer loop
      vertex 22.7361 -0.424999 19.3
      vertex 22.6744 -0.517447 14.3
      vertex 22.6744 -0.517447 19.3
    endloop
  endfacet
  facet normal -0.442357 -0.896839 0
    outer loop
      vertex 22.3253 0.785297 14.3
      vertex 22.425 0.736121 19.3
      vertex 22.3253 0.785297 19.3
    endloop
  endfacet
  facet normal -0.442357 -0.896839 -0
    outer loop
      vertex 22.425 0.736121 19.3
      vertex 22.3253 0.785297 14.3
      vertex 22.425 0.736121 14.3
    endloop
  endfacet
  facet normal 0.442357 -0.896839 0
    outer loop
      vertex 21.575 0.736121 14.3
      vertex 21.6747 0.785297 19.3
      vertex 21.575 0.736121 19.3
    endloop
  endfacet
  facet normal 0.442357 -0.896839 0
    outer loop
      vertex 21.6747 0.785297 19.3
      vertex 21.575 0.736121 14.3
      vertex 21.6747 0.785297 14.3
    endloop
  endfacet
  facet normal -0.442357 0.896839 0
    outer loop
      vertex 22.425 -0.736121 14.3
      vertex 22.3253 -0.785297 19.3
      vertex 22.425 -0.736121 19.3
    endloop
  endfacet
  facet normal -0.442357 0.896839 0
    outer loop
      vertex 22.3253 -0.785297 19.3
      vertex 22.425 -0.736121 14.3
      vertex 22.3253 -0.785297 14.3
    endloop
  endfacet
  facet normal -0.321395 0.946945 0
    outer loop
      vertex 22.3253 -0.785297 14.3
      vertex 22.22 -0.821036 19.3
      vertex 22.3253 -0.785297 19.3
    endloop
  endfacet
  facet normal -0.321395 0.946945 0
    outer loop
      vertex 22.22 -0.821036 19.3
      vertex 22.3253 -0.785297 14.3
      vertex 22.22 -0.821036 14.3
    endloop
  endfacet
  facet normal 0.19501 0.980801 -0
    outer loop
      vertex 21.8891 -0.842728 14.3
      vertex 21.78 -0.821036 19.3
      vertex 21.8891 -0.842728 19.3
    endloop
  endfacet
  facet normal 0.19501 0.980801 0
    outer loop
      vertex 21.78 -0.821036 19.3
      vertex 21.8891 -0.842728 14.3
      vertex 21.78 -0.821036 14.3
    endloop
  endfacet
  facet normal 0.947038 -0.321121 0
    outer loop
      vertex 21.179 0.219995 19.3
      vertex 21.2147 0.32528 14.3
      vertex 21.2147 0.32528 19.3
    endloop
  endfacet
  facet normal 0.947038 -0.321121 0
    outer loop
      vertex 21.2147 0.32528 14.3
      vertex 21.179 0.219995 19.3
      vertex 21.179 0.219995 14.3
    endloop
  endfacet
  facet normal 0.19501 -0.980801 0
    outer loop
      vertex 21.78 0.821036 14.3
      vertex 21.8891 0.842728 19.3
      vertex 21.78 0.821036 19.3
    endloop
  endfacet
  facet normal 0.19501 -0.980801 0
    outer loop
      vertex 21.8891 0.842728 19.3
      vertex 21.78 0.821036 14.3
      vertex 21.8891 0.842728 14.3
    endloop
  endfacet
  facet normal 0.555765 -0.83134 0
    outer loop
      vertex 21.4826 0.67435 14.3
      vertex 21.575 0.736121 19.3
      vertex 21.4826 0.67435 19.3
    endloop
  endfacet
  facet normal 0.555765 -0.83134 0
    outer loop
      vertex 21.575 0.736121 19.3
      vertex 21.4826 0.67435 14.3
      vertex 21.575 0.736121 14.3
    endloop
  endfacet
  facet normal -0.555765 0.83134 0
    outer loop
      vertex 22.5174 -0.67435 14.3
      vertex 22.425 -0.736121 19.3
      vertex 22.5174 -0.67435 19.3
    endloop
  endfacet
  facet normal -0.555765 0.83134 0
    outer loop
      vertex 22.425 -0.736121 19.3
      vertex 22.5174 -0.67435 14.3
      vertex 22.425 -0.736121 14.3
    endloop
  endfacet
  facet normal -0.19501 0.980801 0
    outer loop
      vertex 22.22 -0.821036 14.3
      vertex 22.1109 -0.842728 19.3
      vertex 22.22 -0.821036 19.3
    endloop
  endfacet
  facet normal -0.19501 0.980801 0
    outer loop
      vertex 22.1109 -0.842728 19.3
      vertex 22.22 -0.821036 14.3
      vertex 22.1109 -0.842728 14.3
    endloop
  endfacet
  facet normal 0.896787 -0.442463 0
    outer loop
      vertex 21.2147 0.32528 19.3
      vertex 21.2639 0.424999 14.3
      vertex 21.2639 0.424999 19.3
    endloop
  endfacet
  facet normal 0.896787 -0.442463 0
    outer loop
      vertex 21.2639 0.424999 14.3
      vertex 21.2147 0.32528 19.3
      vertex 21.2147 0.32528 14.3
    endloop
  endfacet
  facet normal -0.659319 -0.751863 0
    outer loop
      vertex 22.5174 0.67435 14.3
      vertex 22.601 0.60104 19.3
      vertex 22.5174 0.67435 19.3
    endloop
  endfacet
  facet normal -0.659319 -0.751863 -0
    outer loop
      vertex 22.601 0.60104 19.3
      vertex 22.5174 0.67435 14.3
      vertex 22.601 0.60104 14.3
    endloop
  endfacet
  facet normal 0.831768 -0.555124 0
    outer loop
      vertex 21.2639 0.424999 19.3
      vertex 21.3256 0.517447 14.3
      vertex 21.3256 0.517447 19.3
    endloop
  endfacet
  facet normal 0.831768 -0.555124 0
    outer loop
      vertex 21.3256 0.517447 14.3
      vertex 21.2639 0.424999 19.3
      vertex 21.2639 0.424999 14.3
    endloop
  endfacet
  facet normal 0.0654231 0.997858 -0
    outer loop
      vertex 22 -0.849999 14.3
      vertex 21.8891 -0.842728 19.3
      vertex 22 -0.849999 19.3
    endloop
  endfacet
  facet normal 0.0654231 0.997858 0
    outer loop
      vertex 21.8891 -0.842728 19.3
      vertex 22 -0.849999 14.3
      vertex 21.8891 -0.842728 14.3
    endloop
  endfacet
  facet normal 0.0654231 -0.997858 0
    outer loop
      vertex 21.8891 0.842728 14.3
      vertex 22 0.849999 19.3
      vertex 21.8891 0.842728 19.3
    endloop
  endfacet
  facet normal 0.0654231 -0.997858 0
    outer loop
      vertex 22 0.849999 19.3
      vertex 21.8891 0.842728 14.3
      vertex 22 0.849999 14.3
    endloop
  endfacet
  facet normal 0.659319 -0.751863 0
    outer loop
      vertex 21.399 0.60104 14.3
      vertex 21.4826 0.67435 19.3
      vertex 21.399 0.60104 19.3
    endloop
  endfacet
  facet normal 0.659319 -0.751863 0
    outer loop
      vertex 21.4826 0.67435 19.3
      vertex 21.399 0.60104 14.3
      vertex 21.4826 0.67435 14.3
    endloop
  endfacet
  facet normal 0.659319 0.751863 -0
    outer loop
      vertex 21.4826 -0.67435 14.3
      vertex 21.399 -0.60104 19.3
      vertex 21.4826 -0.67435 19.3
    endloop
  endfacet
  facet normal 0.659319 0.751863 0
    outer loop
      vertex 21.399 -0.60104 19.3
      vertex 21.4826 -0.67435 14.3
      vertex 21.399 -0.60104 14.3
    endloop
  endfacet
  facet normal 0 0 1
    outer loop
      vertex 22.8427 0.110947 14.3
      vertex 22.8427 -0.110947 14.3
      vertex 22.85 0 14.3
    endloop
  endfacet
  facet normal 0 0 1
    outer loop
      vertex 22.821 0.219995 14.3
      vertex 22.8427 -0.110947 14.3
      vertex 22.8427 0.110947 14.3
    endloop
  endfacet
  facet normal 0 0 1
    outer loop
      vertex 22.821 0.219995 14.3
      vertex 22.821 -0.219995 14.3
      vertex 22.8427 -0.110947 14.3
    endloop
  endfacet
  facet normal 0 0 1
    outer loop
      vertex 22.7853 0.32528 14.3
      vertex 22.821 -0.219995 14.3
      vertex 22.821 0.219995 14.3
    endloop
  endfacet
  facet normal 0 0 1
    outer loop
      vertex 22.7853 0.32528 14.3
      vertex 22.7853 -0.32528 14.3
      vertex 22.821 -0.219995 14.3
    endloop
  endfacet
  facet normal 0 0 1
    outer loop
      vertex 22.7361 0.424999 14.3
      vertex 22.7853 -0.32528 14.3
      vertex 22.7853 0.32528 14.3
    endloop
  endfacet
  facet normal 0 0 1
    outer loop
      vertex 22.7361 0.424999 14.3
      vertex 22.7361 -0.424999 14.3
      vertex 22.7853 -0.32528 14.3
    endloop
  endfacet
  facet normal 0 0 1
    outer loop
      vertex 22.6744 0.517447 14.3
      vertex 22.7361 -0.424999 14.3
      vertex 22.7361 0.424999 14.3
    endloop
  endfacet
  facet normal 0 0 1
    outer loop
      vertex 22.6744 0.517447 14.3
      vertex 22.6744 -0.517447 14.3
      vertex 22.7361 -0.424999 14.3
    endloop
  endfacet
  facet normal 0 0 1
    outer loop
      vertex 22.601 0.60104 14.3
      vertex 22.6744 -0.517447 14.3
      vertex 22.6744 0.517447 14.3
    endloop
  endfacet
  facet normal 0 0 1
    outer loop
      vertex 22.601 0.60104 14.3
      vertex 22.601 -0.60104 14.3
      vertex 22.6744 -0.517447 14.3
    endloop
  endfacet
  facet normal 0 0 1
    outer loop
      vertex 22.5174 0.67435 14.3
      vertex 22.601 -0.60104 14.3
      vertex 22.601 0.60104 14.3
    endloop
  endfacet
  facet normal 0 0 1
    outer loop
      vertex 22.5174 0.67435 14.3
      vertex 22.5174 -0.67435 14.3
      vertex 22.601 -0.60104 14.3
    endloop
  endfacet
  facet normal 0 0 1
    outer loop
      vertex 22.425 0.736121 14.3
      vertex 22.5174 -0.67435 14.3
      vertex 22.5174 0.67435 14.3
    endloop
  endfacet
  facet normal 0 0 1
    outer loop
      vertex 22.425 0.736121 14.3
      vertex 22.425 -0.736121 14.3
      vertex 22.5174 -0.67435 14.3
    endloop
  endfacet
  facet normal 0 0 1
    outer loop
      vertex 22.3253 0.785297 14.3
      vertex 22.425 -0.736121 14.3
      vertex 22.425 0.736121 14.3
    endloop
  endfacet
  facet normal 0 0 1
    outer loop
      vertex 22.3253 0.785297 14.3
      vertex 22.3253 -0.785297 14.3
      vertex 22.425 -0.736121 14.3
    endloop
  endfacet
  facet normal 0 0 1
    outer loop
      vertex 22.22 0.821036 14.3
      vertex 22.3253 -0.785297 14.3
      vertex 22.3253 0.785297 14.3
    endloop
  endfacet
  facet normal 0 0 1
    outer loop
      vertex 22.22 0.821036 14.3
      vertex 22.22 -0.821036 14.3
      vertex 22.3253 -0.785297 14.3
    endloop
  endfacet
  facet normal 0 0 1
    outer loop
      vertex 22.1109 0.842728 14.3
      vertex 22.22 -0.821036 14.3
      vertex 22.22 0.821036 14.3
    endloop
  endfacet
  facet normal 0 0 1
    outer loop
      vertex 22.1109 0.842728 14.3
      vertex 22.1109 -0.842728 14.3
      vertex 22.22 -0.821036 14.3
    endloop
  endfacet
  facet normal 0 0 1
    outer loop
      vertex 22 0.849999 14.3
      vertex 22.1109 -0.842728 14.3
      vertex 22.1109 0.842728 14.3
    endloop
  endfacet
  facet normal 0 0 1
    outer loop
      vertex 22 0.849999 14.3
      vertex 22 -0.849999 14.3
      vertex 22.1109 -0.842728 14.3
    endloop
  endfacet
  facet normal -0 0 1
    outer loop
      vertex 21.8891 0.842728 14.3
      vertex 22 -0.849999 14.3
      vertex 22 0.849999 14.3
    endloop
  endfacet
  facet normal 0 0 1
    outer loop
      vertex 21.8891 0.842728 14.3
      vertex 21.8891 -0.842728 14.3
      vertex 22 -0.849999 14.3
    endloop
  endfacet
  facet normal -0 0 1
    outer loop
      vertex 21.78 0.821036 14.3
      vertex 21.8891 -0.842728 14.3
      vertex 21.8891 0.842728 14.3
    endloop
  endfacet
  facet normal 0 0 1
    outer loop
      vertex 21.78 0.821036 14.3
      vertex 21.78 -0.821036 14.3
      vertex 21.8891 -0.842728 14.3
    endloop
  endfacet
  facet normal -0 0 1
    outer loop
      vertex 21.6747 0.785297 14.3
      vertex 21.78 -0.821036 14.3
      vertex 21.78 0.821036 14.3
    endloop
  endfacet
  facet normal 0 0 1
    outer loop
      vertex 21.6747 0.785297 14.3
      vertex 21.6747 -0.785297 14.3
      vertex 21.78 -0.821036 14.3
    endloop
  endfacet
  facet normal -0 0 1
    outer loop
      vertex 21.575 0.736121 14.3
      vertex 21.6747 -0.785297 14.3
      vertex 21.6747 0.785297 14.3
    endloop
  endfacet
  facet normal 0 0 1
    outer loop
      vertex 21.575 0.736121 14.3
      vertex 21.575 -0.736121 14.3
      vertex 21.6747 -0.785297 14.3
    endloop
  endfacet
  facet normal -0 0 1
    outer loop
      vertex 21.4826 0.67435 14.3
      vertex 21.575 -0.736121 14.3
      vertex 21.575 0.736121 14.3
    endloop
  endfacet
  facet normal 0 0 1
    outer loop
      vertex 21.4826 0.67435 14.3
      vertex 21.4826 -0.67435 14.3
      vertex 21.575 -0.736121 14.3
    endloop
  endfacet
  facet normal -0 0 1
    outer loop
      vertex 21.399 0.60104 14.3
      vertex 21.4826 -0.67435 14.3
      vertex 21.4826 0.67435 14.3
    endloop
  endfacet
  facet normal 0 0 1
    outer loop
      vertex 21.399 0.60104 14.3
      vertex 21.399 -0.60104 14.3
      vertex 21.4826 -0.67435 14.3
    endloop
  endfacet
  facet normal -0 0 1
    outer loop
      vertex 21.3256 0.517447 14.3
      vertex 21.399 -0.60104 14.3
      vertex 21.399 0.60104 14.3
    endloop
  endfacet
  facet normal 0 0 1
    outer loop
      vertex 21.3256 0.517447 14.3
      vertex 21.3256 -0.517447 14.3
      vertex 21.399 -0.60104 14.3
    endloop
  endfacet
  facet normal -0 0 1
    outer loop
      vertex 21.2639 0.424999 14.3
      vertex 21.3256 -0.517447 14.3
      vertex 21.3256 0.517447 14.3
    endloop
  endfacet
  facet normal 0 0 1
    outer loop
      vertex 21.2639 0.424999 14.3
      vertex 21.2639 -0.424999 14.3
      vertex 21.3256 -0.517447 14.3
    endloop
  endfacet
  facet normal -0 0 1
    outer loop
      vertex 21.2147 0.32528 14.3
      vertex 21.2639 -0.424999 14.3
      vertex 21.2639 0.424999 14.3
    endloop
  endfacet
  facet normal 0 0 1
    outer loop
      vertex 21.2147 0.32528 14.3
      vertex 21.2147 -0.32528 14.3
      vertex 21.2639 -0.424999 14.3
    endloop
  endfacet
  facet normal -0 0 1
    outer loop
      vertex 21.179 0.219995 14.3
      vertex 21.2147 -0.32528 14.3
      vertex 21.2147 0.32528 14.3
    endloop
  endfacet
  facet normal 0 0 1
    outer loop
      vertex 21.179 0.219995 14.3
      vertex 21.179 -0.219995 14.3
      vertex 21.2147 -0.32528 14.3
    endloop
  endfacet
  facet normal -0 0 1
    outer loop
      vertex 21.1573 0.110947 14.3
      vertex 21.179 -0.219995 14.3
      vertex 21.179 0.219995 14.3
    endloop
  endfacet
  facet normal 0 0 1
    outer loop
      vertex 21.1573 0.110947 14.3
      vertex 21.1573 -0.110947 14.3
      vertex 21.179 -0.219995 14.3
    endloop
  endfacet
  facet normal 0 -0 1
    outer loop
      vertex 21.1573 -0.110947 14.3
      vertex 21.1573 0.110947 14.3
      vertex 21.15 0 14.3
    endloop
  endfacet
  facet normal 0.751435 -0.659808 0
    outer loop
      vertex 21.3256 0.517447 19.3
      vertex 21.399 0.60104 14.3
      vertex 21.399 0.60104 19.3
    endloop
  endfacet
  facet normal 0.751435 -0.659808 0
    outer loop
      vertex 21.399 0.60104 14.3
      vertex 21.3256 0.517447 19.3
      vertex 21.3256 0.517447 14.3
    endloop
  endfacet
  facet normal -0.751435 0.659808 0
    outer loop
      vertex 22.601 -0.60104 14.3
      vertex 22.6744 -0.517447 19.3
      vertex 22.6744 -0.517447 14.3
    endloop
  endfacet
  facet normal -0.751435 0.659808 0
    outer loop
      vertex 22.6744 -0.517447 19.3
      vertex 22.601 -0.60104 14.3
      vertex 22.601 -0.60104 19.3
    endloop
  endfacet
  facet normal -0.896787 0.442463 0
    outer loop
      vertex 22.7361 -0.424999 14.3
      vertex 22.7853 -0.32528 19.3
      vertex 22.7853 -0.32528 14.3
    endloop
  endfacet
  facet normal -0.896787 0.442463 0
    outer loop
      vertex 22.7853 -0.32528 19.3
      vertex 22.7361 -0.424999 14.3
      vertex 22.7361 -0.424999 19.3
    endloop
  endfacet
  facet normal 0.98077 -0.195168 0
    outer loop
      vertex 21.1573 0.110947 19.3
      vertex 21.179 0.219995 14.3
      vertex 21.179 0.219995 19.3
    endloop
  endfacet
  facet normal 0.98077 -0.195168 0
    outer loop
      vertex 21.179 0.219995 14.3
      vertex 21.1573 0.110947 19.3
      vertex 21.1573 0.110947 14.3
    endloop
  endfacet
  facet normal -0.0654231 -0.997858 0
    outer loop
      vertex 22 0.849999 14.3
      vertex 22.1109 0.842728 19.3
      vertex 22 0.849999 19.3
    endloop
  endfacet
  facet normal -0.0654231 -0.997858 -0
    outer loop
      vertex 22.1109 0.842728 19.3
      vertex 22 0.849999 14.3
      vertex 22.1109 0.842728 14.3
    endloop
  endfacet
  facet normal -0.555765 -0.83134 0
    outer loop
      vertex 22.425 0.736121 14.3
      vertex 22.5174 0.67435 19.3
      vertex 22.425 0.736121 19.3
    endloop
  endfacet
  facet normal -0.555765 -0.83134 -0
    outer loop
      vertex 22.5174 0.67435 19.3
      vertex 22.425 0.736121 14.3
      vertex 22.5174 0.67435 14.3
    endloop
  endfacet
  facet normal 0.321395 -0.946945 0
    outer loop
      vertex 21.6747 0.785297 14.3
      vertex 21.78 0.821036 19.3
      vertex 21.6747 0.785297 19.3
    endloop
  endfacet
  facet normal 0.321395 -0.946945 0
    outer loop
      vertex 21.78 0.821036 19.3
      vertex 21.6747 0.785297 14.3
      vertex 21.78 0.821036 14.3
    endloop
  endfacet
  facet normal 0.997842 -0.0656552 0
    outer loop
      vertex 21.15 0 19.3
      vertex 21.1573 0.110947 14.3
      vertex 21.1573 0.110947 19.3
    endloop
  endfacet
  facet normal 0.997842 -0.0656552 0
    outer loop
      vertex 21.1573 0.110947 14.3
      vertex 21.15 0 19.3
      vertex 21.15 0 14.3
    endloop
  endfacet
  facet normal 0.442357 0.896839 -0
    outer loop
      vertex 21.6747 -0.785297 14.3
      vertex 21.575 -0.736121 19.3
      vertex 21.6747 -0.785297 19.3
    endloop
  endfacet
  facet normal 0.442357 0.896839 0
    outer loop
      vertex 21.575 -0.736121 19.3
      vertex 21.6747 -0.785297 14.3
      vertex 21.575 -0.736121 14.3
    endloop
  endfacet
  facet normal -0.659319 0.751863 0
    outer loop
      vertex 22.601 -0.60104 14.3
      vertex 22.5174 -0.67435 19.3
      vertex 22.601 -0.60104 19.3
    endloop
  endfacet
  facet normal -0.659319 0.751863 0
    outer loop
      vertex 22.5174 -0.67435 19.3
      vertex 22.601 -0.60104 14.3
      vertex 22.5174 -0.67435 14.3
    endloop
  endfacet
  facet normal 0.831768 0.555124 0
    outer loop
      vertex 21.3256 -0.517447 19.3
      vertex 21.2639 -0.424999 14.3
      vertex 21.2639 -0.424999 19.3
    endloop
  endfacet
  facet normal 0.831768 0.555124 0
    outer loop
      vertex 21.2639 -0.424999 14.3
      vertex 21.3256 -0.517447 19.3
      vertex 21.3256 -0.517447 14.3
    endloop
  endfacet
  facet normal 0.896787 0.442463 0
    outer loop
      vertex 21.2639 -0.424999 19.3
      vertex 21.2147 -0.32528 14.3
      vertex 21.2147 -0.32528 19.3
    endloop
  endfacet
  facet normal 0.896787 0.442463 0
    outer loop
      vertex 21.2147 -0.32528 14.3
      vertex 21.2639 -0.424999 19.3
      vertex 21.2639 -0.424999 14.3
    endloop
  endfacet
  facet normal -0.98077 -0.195165 0
    outer loop
      vertex -21.3145 -15.7781 0
      vertex -21.3579 -15.56 26
      vertex -21.3579 -15.56 0
    endloop
  endfacet
  facet normal -0.98077 -0.195165 0
    outer loop
      vertex -21.3579 -15.56 26
      vertex -21.3145 -15.7781 0
      vertex -21.3145 -15.7781 26
    endloop
  endfacet
  facet normal -0.997872 -0.0652057 0
    outer loop
      vertex -21.3 -16 0
      vertex -21.3145 -15.7781 26
      vertex -21.3145 -15.7781 0
    endloop
  endfacet
  facet normal -0.997872 -0.0652057 0
    outer loop
      vertex -21.3145 -15.7781 26
      vertex -21.3 -16 0
      vertex -21.3 -16 26
    endloop
  endfacet
  facet normal -0.0652057 0.997872 0
    outer loop
      vertex -22.7781 -17.6855 0
      vertex -23 -17.7 26
      vertex -22.7781 -17.6855 26
    endloop
  endfacet
  facet normal -0.0652057 0.997872 0
    outer loop
      vertex -23 -17.7 26
      vertex -22.7781 -17.6855 0
      vertex -23 -17.7 0
    endloop
  endfacet
  facet normal 0.659268 -0.751908 0
    outer loop
      vertex -24.2021 -14.7979 0
      vertex -24.0349 -14.6513 26
      vertex -24.2021 -14.7979 26
    endloop
  endfacet
  facet normal 0.659268 -0.751908 0
    outer loop
      vertex -24.0349 -14.6513 26
      vertex -24.2021 -14.7979 0
      vertex -24.0349 -14.6513 0
    endloop
  endfacet
  facet normal 0.831566 0.555426 0
    outer loop
      vertex -24.3487 -17.0349 26
      vertex -24.4722 -16.85 0
      vertex -24.4722 -16.85 26
    endloop
  endfacet
  facet normal 0.831566 0.555426 0
    outer loop
      vertex -24.4722 -16.85 0
      vertex -24.3487 -17.0349 26
      vertex -24.3487 -17.0349 0
    endloop
  endfacet
  facet normal 0.195165 0.98077 -0
    outer loop
      vertex -23.2219 -17.6855 0
      vertex -23.44 -17.6421 26
      vertex -23.2219 -17.6855 26
    endloop
  endfacet
  facet normal 0.195165 0.98077 0
    outer loop
      vertex -23.44 -17.6421 26
      vertex -23.2219 -17.6855 0
      vertex -23.44 -17.6421 0
    endloop
  endfacet
  facet normal -0.659268 -0.751908 0
    outer loop
      vertex -21.9651 -14.6513 0
      vertex -21.7979 -14.7979 26
      vertex -21.9651 -14.6513 26
    endloop
  endfacet
  facet normal -0.659268 -0.751908 -0
    outer loop
      vertex -21.7979 -14.7979 26
      vertex -21.9651 -14.6513 0
      vertex -21.7979 -14.7979 0
    endloop
  endfacet
  facet normal -0.946915 0.321484 0
    outer loop
      vertex -21.4294 -16.6506 0
      vertex -21.3579 -16.44 26
      vertex -21.3579 -16.44 0
    endloop
  endfacet
  facet normal -0.946915 0.321484 0
    outer loop
      vertex -21.3579 -16.44 26
      vertex -21.4294 -16.6506 0
      vertex -21.4294 -16.6506 26
    endloop
  endfacet
  facet normal -0.751908 0.659268 0
    outer loop
      vertex -21.7979 -17.2021 0
      vertex -21.6513 -17.0349 26
      vertex -21.6513 -17.0349 0
    endloop
  endfacet
  facet normal -0.751908 0.659268 0
    outer loop
      vertex -21.6513 -17.0349 26
      vertex -21.7979 -17.2021 0
      vertex -21.7979 -17.2021 26
    endloop
  endfacet
  facet normal -0.751908 -0.659268 0
    outer loop
      vertex -21.6513 -14.9651 0
      vertex -21.7979 -14.7979 26
      vertex -21.7979 -14.7979 0
    endloop
  endfacet
  facet normal -0.751908 -0.659268 0
    outer loop
      vertex -21.7979 -14.7979 26
      vertex -21.6513 -14.9651 0
      vertex -21.6513 -14.9651 26
    endloop
  endfacet
  facet normal 0.946915 0.321484 0
    outer loop
      vertex -24.5706 -16.6506 26
      vertex -24.6421 -16.44 0
      vertex -24.6421 -16.44 26
    endloop
  endfacet
  facet normal 0.946915 0.321484 0
    outer loop
      vertex -24.6421 -16.44 0
      vertex -24.5706 -16.6506 26
      vertex -24.5706 -16.6506 0
    endloop
  endfacet
  facet normal -0.321484 0.946915 0
    outer loop
      vertex -22.3494 -17.5706 0
      vertex -22.56 -17.6421 26
      vertex -22.3494 -17.5706 26
    endloop
  endfacet
  facet normal -0.321484 0.946915 0
    outer loop
      vertex -22.56 -17.6421 26
      vertex -22.3494 -17.5706 0
      vertex -22.56 -17.6421 0
    endloop
  endfacet
  facet normal 0.0652057 0.997872 -0
    outer loop
      vertex -23 -17.7 0
      vertex -23.2219 -17.6855 26
      vertex -23 -17.7 26
    endloop
  endfacet
  facet normal 0.0652057 0.997872 0
    outer loop
      vertex -23.2219 -17.6855 26
      vertex -23 -17.7 0
      vertex -23.2219 -17.6855 0
    endloop
  endfacet
  facet normal 0.321484 -0.946915 0
    outer loop
      vertex -23.6506 -14.4294 0
      vertex -23.44 -14.3579 26
      vertex -23.6506 -14.4294 26
    endloop
  endfacet
  facet normal 0.321484 -0.946915 0
    outer loop
      vertex -23.44 -14.3579 26
      vertex -23.6506 -14.4294 0
      vertex -23.44 -14.3579 0
    endloop
  endfacet
  facet normal -0.946915 -0.321484 0
    outer loop
      vertex -21.3579 -15.56 0
      vertex -21.4294 -15.3494 26
      vertex -21.4294 -15.3494 0
    endloop
  endfacet
  facet normal -0.946915 -0.321484 0
    outer loop
      vertex -21.4294 -15.3494 26
      vertex -21.3579 -15.56 0
      vertex -21.3579 -15.56 26
    endloop
  endfacet
  facet normal 0.751908 -0.659268 0
    outer loop
      vertex -24.3487 -14.9651 26
      vertex -24.2021 -14.7979 0
      vertex -24.2021 -14.7979 26
    endloop
  endfacet
  facet normal 0.751908 -0.659268 0
    outer loop
      vertex -24.2021 -14.7979 0
      vertex -24.3487 -14.9651 26
      vertex -24.3487 -14.9651 0
    endloop
  endfacet
  facet normal 0.44253 0.896754 -0
    outer loop
      vertex -23.6506 -17.5706 0
      vertex -23.85 -17.4722 26
      vertex -23.6506 -17.5706 26
    endloop
  endfacet
  facet normal 0.44253 0.896754 0
    outer loop
      vertex -23.85 -17.4722 26
      vertex -23.6506 -17.5706 0
      vertex -23.85 -17.4722 0
    endloop
  endfacet
  facet normal 0.0652057 -0.997872 0
    outer loop
      vertex -23.2219 -14.3145 0
      vertex -23 -14.3 26
      vertex -23.2219 -14.3145 26
    endloop
  endfacet
  facet normal 0.0652057 -0.997872 0
    outer loop
      vertex -23 -14.3 26
      vertex -23.2219 -14.3145 0
      vertex -23 -14.3 0
    endloop
  endfacet
  facet normal -0.896754 0.44253 0
    outer loop
      vertex -21.5278 -16.85 0
      vertex -21.4294 -16.6506 26
      vertex -21.4294 -16.6506 0
    endloop
  endfacet
  facet normal -0.896754 0.44253 0
    outer loop
      vertex -21.4294 -16.6506 26
      vertex -21.5278 -16.85 0
      vertex -21.5278 -16.85 26
    endloop
  endfacet
  facet normal -0.555426 0.831566 0
    outer loop
      vertex -21.9651 -17.3487 0
      vertex -22.15 -17.4722 26
      vertex -21.9651 -17.3487 26
    endloop
  endfacet
  facet normal -0.555426 0.831566 0
    outer loop
      vertex -22.15 -17.4722 26
      vertex -21.9651 -17.3487 0
      vertex -22.15 -17.4722 0
    endloop
  endfacet
  facet normal 0.98077 0.195165 0
    outer loop
      vertex -24.6421 -16.44 26
      vertex -24.6855 -16.2219 0
      vertex -24.6855 -16.2219 26
    endloop
  endfacet
  facet normal 0.98077 0.195165 0
    outer loop
      vertex -24.6855 -16.2219 0
      vertex -24.6421 -16.44 26
      vertex -24.6421 -16.44 0
    endloop
  endfacet
  facet normal -0.195165 -0.98077 0
    outer loop
      vertex -22.7781 -14.3145 0
      vertex -22.56 -14.3579 26
      vertex -22.7781 -14.3145 26
    endloop
  endfacet
  facet normal -0.195165 -0.98077 -0
    outer loop
      vertex -22.56 -14.3579 26
      vertex -22.7781 -14.3145 0
      vertex -22.56 -14.3579 0
    endloop
  endfacet
  facet normal -0.831566 -0.555426 0
    outer loop
      vertex -21.5278 -15.15 0
      vertex -21.6513 -14.9651 26
      vertex -21.6513 -14.9651 0
    endloop
  endfacet
  facet normal -0.831566 -0.555426 0
    outer loop
      vertex -21.6513 -14.9651 26
      vertex -21.5278 -15.15 0
      vertex -21.5278 -15.15 26
    endloop
  endfacet
  facet normal -0.997872 0.0652057 0
    outer loop
      vertex -21.3145 -16.2219 0
      vertex -21.3 -16 26
      vertex -21.3 -16 0
    endloop
  endfacet
  facet normal -0.997872 0.0652057 0
    outer loop
      vertex -21.3 -16 26
      vertex -21.3145 -16.2219 0
      vertex -21.3145 -16.2219 26
    endloop
  endfacet
  facet normal -0.321484 -0.946915 0
    outer loop
      vertex -22.56 -14.3579 0
      vertex -22.3494 -14.4294 26
      vertex -22.56 -14.3579 26
    endloop
  endfacet
  facet normal -0.321484 -0.946915 -0
    outer loop
      vertex -22.3494 -14.4294 26
      vertex -22.56 -14.3579 0
      vertex -22.3494 -14.4294 0
    endloop
  endfacet
  facet normal -0.555426 -0.831566 0
    outer loop
      vertex -22.15 -14.5278 0
      vertex -21.9651 -14.6513 26
      vertex -22.15 -14.5278 26
    endloop
  endfacet
  facet normal -0.555426 -0.831566 -0
    outer loop
      vertex -21.9651 -14.6513 26
      vertex -22.15 -14.5278 0
      vertex -21.9651 -14.6513 0
    endloop
  endfacet
  facet normal 0.195165 -0.98077 0
    outer loop
      vertex -23.44 -14.3579 0
      vertex -23.2219 -14.3145 26
      vertex -23.44 -14.3579 26
    endloop
  endfacet
  facet normal 0.195165 -0.98077 0
    outer loop
      vertex -23.2219 -14.3145 26
      vertex -23.44 -14.3579 0
      vertex -23.2219 -14.3145 0
    endloop
  endfacet
  facet normal -0.659268 0.751908 0
    outer loop
      vertex -21.7979 -17.2021 0
      vertex -21.9651 -17.3487 26
      vertex -21.7979 -17.2021 26
    endloop
  endfacet
  facet normal -0.659268 0.751908 0
    outer loop
      vertex -21.9651 -17.3487 26
      vertex -21.7979 -17.2021 0
      vertex -21.9651 -17.3487 0
    endloop
  endfacet
  facet normal 0.896754 -0.44253 0
    outer loop
      vertex -24.5706 -15.3494 26
      vertex -24.4722 -15.15 0
      vertex -24.4722 -15.15 26
    endloop
  endfacet
  facet normal 0.896754 -0.44253 0
    outer loop
      vertex -24.4722 -15.15 0
      vertex -24.5706 -15.3494 26
      vertex -24.5706 -15.3494 0
    endloop
  endfacet
  facet normal -0.98077 0.195165 0
    outer loop
      vertex -21.3579 -16.44 0
      vertex -21.3145 -16.2219 26
      vertex -21.3145 -16.2219 0
    endloop
  endfacet
  facet normal -0.98077 0.195165 0
    outer loop
      vertex -21.3145 -16.2219 26
      vertex -21.3579 -16.44 0
      vertex -21.3579 -16.44 26
    endloop
  endfacet
  facet normal -0.195165 0.98077 0
    outer loop
      vertex -22.56 -17.6421 0
      vertex -22.7781 -17.6855 26
      vertex -22.56 -17.6421 26
    endloop
  endfacet
  facet normal -0.195165 0.98077 0
    outer loop
      vertex -22.7781 -17.6855 26
      vertex -22.56 -17.6421 0
      vertex -22.7781 -17.6855 0
    endloop
  endfacet
  facet normal 0.659268 0.751908 -0
    outer loop
      vertex -24.0349 -17.3487 0
      vertex -24.2021 -17.2021 26
      vertex -24.0349 -17.3487 26
    endloop
  endfacet
  facet normal 0.659268 0.751908 0
    outer loop
      vertex -24.2021 -17.2021 26
      vertex -24.0349 -17.3487 0
      vertex -24.2021 -17.2021 0
    endloop
  endfacet
  facet normal 0.751908 0.659268 0
    outer loop
      vertex -24.2021 -17.2021 26
      vertex -24.3487 -17.0349 0
      vertex -24.3487 -17.0349 26
    endloop
  endfacet
  facet normal 0.751908 0.659268 0
    outer loop
      vertex -24.3487 -17.0349 0
      vertex -24.2021 -17.2021 26
      vertex -24.2021 -17.2021 0
    endloop
  endfacet
  facet normal -0.0652057 -0.997872 0
    outer loop
      vertex -23 -14.3 0
      vertex -22.7781 -14.3145 26
      vertex -23 -14.3 26
    endloop
  endfacet
  facet normal -0.0652057 -0.997872 -0
    outer loop
      vertex -22.7781 -14.3145 26
      vertex -23 -14.3 0
      vertex -22.7781 -14.3145 0
    endloop
  endfacet
  facet normal -0.44253 -0.896754 0
    outer loop
      vertex -22.3494 -14.4294 0
      vertex -22.15 -14.5278 26
      vertex -22.3494 -14.4294 26
    endloop
  endfacet
  facet normal -0.44253 -0.896754 -0
    outer loop
      vertex -22.15 -14.5278 26
      vertex -22.3494 -14.4294 0
      vertex -22.15 -14.5278 0
    endloop
  endfacet
  facet normal -0.831566 0.555426 0
    outer loop
      vertex -21.6513 -17.0349 0
      vertex -21.5278 -16.85 26
      vertex -21.5278 -16.85 0
    endloop
  endfacet
  facet normal -0.831566 0.555426 0
    outer loop
      vertex -21.5278 -16.85 26
      vertex -21.6513 -17.0349 0
      vertex -21.6513 -17.0349 26
    endloop
  endfacet
  facet normal 0.997872 0.0652057 0
    outer loop
      vertex -24.6855 -16.2219 26
      vertex -24.7 -16 0
      vertex -24.7 -16 26
    endloop
  endfacet
  facet normal 0.997872 0.0652057 0
    outer loop
      vertex -24.7 -16 0
      vertex -24.6855 -16.2219 26
      vertex -24.6855 -16.2219 0
    endloop
  endfacet
  facet normal -0.44253 0.896754 0
    outer loop
      vertex -22.15 -17.4722 0
      vertex -22.3494 -17.5706 26
      vertex -22.15 -17.4722 26
    endloop
  endfacet
  facet normal -0.44253 0.896754 0
    outer loop
      vertex -22.3494 -17.5706 26
      vertex -22.15 -17.4722 0
      vertex -22.3494 -17.5706 0
    endloop
  endfacet
  facet normal 0.98077 -0.195165 0
    outer loop
      vertex -24.6855 -15.7781 26
      vertex -24.6421 -15.56 0
      vertex -24.6421 -15.56 26
    endloop
  endfacet
  facet normal 0.98077 -0.195165 0
    outer loop
      vertex -24.6421 -15.56 0
      vertex -24.6855 -15.7781 26
      vertex -24.6855 -15.7781 0
    endloop
  endfacet
  facet normal 0.896754 0.44253 0
    outer loop
      vertex -24.4722 -16.85 26
      vertex -24.5706 -16.6506 0
      vertex -24.5706 -16.6506 26
    endloop
  endfacet
  facet normal 0.896754 0.44253 0
    outer loop
      vertex -24.5706 -16.6506 0
      vertex -24.4722 -16.85 26
      vertex -24.4722 -16.85 0
    endloop
  endfacet
  facet normal 0.946915 -0.321484 0
    outer loop
      vertex -24.6421 -15.56 26
      vertex -24.5706 -15.3494 0
      vertex -24.5706 -15.3494 26
    endloop
  endfacet
  facet normal 0.946915 -0.321484 0
    outer loop
      vertex -24.5706 -15.3494 0
      vertex -24.6421 -15.56 26
      vertex -24.6421 -15.56 0
    endloop
  endfacet
  facet normal -0.896754 -0.44253 0
    outer loop
      vertex -21.4294 -15.3494 0
      vertex -21.5278 -15.15 26
      vertex -21.5278 -15.15 0
    endloop
  endfacet
  facet normal -0.896754 -0.44253 0
    outer loop
      vertex -21.5278 -15.15 26
      vertex -21.4294 -15.3494 0
      vertex -21.4294 -15.3494 26
    endloop
  endfacet
  facet normal 0.997872 -0.0652057 0
    outer loop
      vertex -24.7 -16 26
      vertex -24.6855 -15.7781 0
      vertex -24.6855 -15.7781 26
    endloop
  endfacet
  facet normal 0.997872 -0.0652057 0
    outer loop
      vertex -24.6855 -15.7781 0
      vertex -24.7 -16 26
      vertex -24.7 -16 0
    endloop
  endfacet
  facet normal 0.321484 0.946915 -0
    outer loop
      vertex -23.44 -17.6421 0
      vertex -23.6506 -17.5706 26
      vertex -23.44 -17.6421 26
    endloop
  endfacet
  facet normal 0.321484 0.946915 0
    outer loop
      vertex -23.6506 -17.5706 26
      vertex -23.44 -17.6421 0
      vertex -23.6506 -17.5706 0
    endloop
  endfacet
  facet normal 0.44253 -0.896754 0
    outer loop
      vertex -23.85 -14.5278 0
      vertex -23.6506 -14.4294 26
      vertex -23.85 -14.5278 26
    endloop
  endfacet
  facet normal 0.44253 -0.896754 0
    outer loop
      vertex -23.6506 -14.4294 26
      vertex -23.85 -14.5278 0
      vertex -23.6506 -14.4294 0
    endloop
  endfacet
  facet normal 0.555426 -0.831566 0
    outer loop
      vertex -24.0349 -14.6513 0
      vertex -23.85 -14.5278 26
      vertex -24.0349 -14.6513 26
    endloop
  endfacet
  facet normal 0.555426 -0.831566 0
    outer loop
      vertex -23.85 -14.5278 26
      vertex -24.0349 -14.6513 0
      vertex -23.85 -14.5278 0
    endloop
  endfacet
  facet normal 0.831566 -0.555426 0
    outer loop
      vertex -24.4722 -15.15 26
      vertex -24.3487 -14.9651 0
      vertex -24.3487 -14.9651 26
    endloop
  endfacet
  facet normal 0.831566 -0.555426 0
    outer loop
      vertex -24.3487 -14.9651 0
      vertex -24.4722 -15.15 26
      vertex -24.4722 -15.15 0
    endloop
  endfacet
  facet normal 0.555426 0.831566 -0
    outer loop
      vertex -23.85 -17.4722 0
      vertex -24.0349 -17.3487 26
      vertex -23.85 -17.4722 26
    endloop
  endfacet
  facet normal 0.555426 0.831566 0
    outer loop
      vertex -24.0349 -17.3487 26
      vertex -23.85 -17.4722 0
      vertex -24.0349 -17.3487 0
    endloop
  endfacet
  facet normal -0.98077 -0.195165 0
    outer loop
      vertex -21.3145 16.2219 0
      vertex -21.3579 16.44 26
      vertex -21.3579 16.44 0
    endloop
  endfacet
  facet normal -0.98077 -0.195165 0
    outer loop
      vertex -21.3579 16.44 26
      vertex -21.3145 16.2219 0
      vertex -21.3145 16.2219 26
    endloop
  endfacet
  facet normal -0.997872 -0.0652057 0
    outer loop
      vertex -21.3 16 0
      vertex -21.3145 16.2219 26
      vertex -21.3145 16.2219 0
    endloop
  endfacet
  facet normal -0.997872 -0.0652057 0
    outer loop
      vertex -21.3145 16.2219 26
      vertex -21.3 16 0
      vertex -21.3 16 26
    endloop
  endfacet
  facet normal 0.44253 -0.896754 0
    outer loop
      vertex -23.85 17.4722 0
      vertex -23.6506 17.5706 26
      vertex -23.85 17.4722 26
    endloop
  endfacet
  facet normal 0.44253 -0.896754 0
    outer loop
      vertex -23.6506 17.5706 26
      vertex -23.85 17.4722 0
      vertex -23.6506 17.5706 0
    endloop
  endfacet
  facet normal -0.555426 -0.831566 0
    outer loop
      vertex -22.15 17.4722 0
      vertex -21.9651 17.3487 26
      vertex -22.15 17.4722 26
    endloop
  endfacet
  facet normal -0.555426 -0.831566 -0
    outer loop
      vertex -21.9651 17.3487 26
      vertex -22.15 17.4722 0
      vertex -21.9651 17.3487 0
    endloop
  endfacet
  facet normal 0.659268 -0.751908 0
    outer loop
      vertex -24.2021 17.2021 0
      vertex -24.0349 17.3487 26
      vertex -24.2021 17.2021 26
    endloop
  endfacet
  facet normal 0.659268 -0.751908 0
    outer loop
      vertex -24.0349 17.3487 26
      vertex -24.2021 17.2021 0
      vertex -24.0349 17.3487 0
    endloop
  endfacet
  facet normal -0.321484 0.946915 0
    outer loop
      vertex -22.3494 14.4294 0
      vertex -22.56 14.3579 26
      vertex -22.3494 14.4294 26
    endloop
  endfacet
  facet normal -0.321484 0.946915 0
    outer loop
      vertex -22.56 14.3579 26
      vertex -22.3494 14.4294 0
      vertex -22.56 14.3579 0
    endloop
  endfacet
  facet normal -0.946915 0.321484 0
    outer loop
      vertex -21.4294 15.3494 0
      vertex -21.3579 15.56 26
      vertex -21.3579 15.56 0
    endloop
  endfacet
  facet normal -0.946915 0.321484 0
    outer loop
      vertex -21.3579 15.56 26
      vertex -21.4294 15.3494 0
      vertex -21.4294 15.3494 26
    endloop
  endfacet
  facet normal -0.321484 -0.946915 0
    outer loop
      vertex -22.56 17.6421 0
      vertex -22.3494 17.5706 26
      vertex -22.56 17.6421 26
    endloop
  endfacet
  facet normal -0.321484 -0.946915 -0
    outer loop
      vertex -22.3494 17.5706 26
      vertex -22.56 17.6421 0
      vertex -22.3494 17.5706 0
    endloop
  endfacet
  facet normal -0.195165 -0.98077 0
    outer loop
      vertex -22.7781 17.6855 0
      vertex -22.56 17.6421 26
      vertex -22.7781 17.6855 26
    endloop
  endfacet
  facet normal -0.195165 -0.98077 -0
    outer loop
      vertex -22.56 17.6421 26
      vertex -22.7781 17.6855 0
      vertex -22.56 17.6421 0
    endloop
  endfacet
  facet normal 0.555426 -0.831566 0
    outer loop
      vertex -24.0349 17.3487 0
      vertex -23.85 17.4722 26
      vertex -24.0349 17.3487 26
    endloop
  endfacet
  facet normal 0.555426 -0.831566 0
    outer loop
      vertex -23.85 17.4722 26
      vertex -24.0349 17.3487 0
      vertex -23.85 17.4722 0
    endloop
  endfacet
  facet normal -0.896754 0.44253 0
    outer loop
      vertex -21.5278 15.15 0
      vertex -21.4294 15.3494 26
      vertex -21.4294 15.3494 0
    endloop
  endfacet
  facet normal -0.896754 0.44253 0
    outer loop
      vertex -21.4294 15.3494 26
      vertex -21.5278 15.15 0
      vertex -21.5278 15.15 26
    endloop
  endfacet
  facet normal -0.659268 -0.751908 0
    outer loop
      vertex -21.9651 17.3487 0
      vertex -21.7979 17.2021 26
      vertex -21.9651 17.3487 26
    endloop
  endfacet
  facet normal -0.659268 -0.751908 -0
    outer loop
      vertex -21.7979 17.2021 26
      vertex -21.9651 17.3487 0
      vertex -21.7979 17.2021 0
    endloop
  endfacet
  facet normal -0.555426 0.831566 0
    outer loop
      vertex -21.9651 14.6513 0
      vertex -22.15 14.5278 26
      vertex -21.9651 14.6513 26
    endloop
  endfacet
  facet normal -0.555426 0.831566 0
    outer loop
      vertex -22.15 14.5278 26
      vertex -21.9651 14.6513 0
      vertex -22.15 14.5278 0
    endloop
  endfacet
  facet normal -0.44253 -0.896754 0
    outer loop
      vertex -22.3494 17.5706 0
      vertex -22.15 17.4722 26
      vertex -22.3494 17.5706 26
    endloop
  endfacet
  facet normal -0.44253 -0.896754 -0
    outer loop
      vertex -22.15 17.4722 26
      vertex -22.3494 17.5706 0
      vertex -22.15 17.4722 0
    endloop
  endfacet
  facet normal 0.659268 0.751908 -0
    outer loop
      vertex -24.0349 14.6513 0
      vertex -24.2021 14.7979 26
      vertex -24.0349 14.6513 26
    endloop
  endfacet
  facet normal 0.659268 0.751908 0
    outer loop
      vertex -24.2021 14.7979 26
      vertex -24.0349 14.6513 0
      vertex -24.2021 14.7979 0
    endloop
  endfacet
  facet normal 0.751908 0.659268 0
    outer loop
      vertex -24.2021 14.7979 26
      vertex -24.3487 14.9651 0
      vertex -24.3487 14.9651 26
    endloop
  endfacet
  facet normal 0.751908 0.659268 0
    outer loop
      vertex -24.3487 14.9651 0
      vertex -24.2021 14.7979 26
      vertex -24.2021 14.7979 0
    endloop
  endfacet
  facet normal 0.831566 0.555426 0
    outer loop
      vertex -24.3487 14.9651 26
      vertex -24.4722 15.15 0
      vertex -24.4722 15.15 26
    endloop
  endfacet
  facet normal 0.831566 0.555426 0
    outer loop
      vertex -24.4722 15.15 0
      vertex -24.3487 14.9651 26
      vertex -24.3487 14.9651 0
    endloop
  endfacet
  facet normal -0.831566 -0.555426 0
    outer loop
      vertex -21.5278 16.85 0
      vertex -21.6513 17.0349 26
      vertex -21.6513 17.0349 0
    endloop
  endfacet
  facet normal -0.831566 -0.555426 0
    outer loop
      vertex -21.6513 17.0349 26
      vertex -21.5278 16.85 0
      vertex -21.5278 16.85 26
    endloop
  endfacet
  facet normal -0.195165 0.98077 0
    outer loop
      vertex -22.56 14.3579 0
      vertex -22.7781 14.3145 26
      vertex -22.56 14.3579 26
    endloop
  endfacet
  facet normal -0.195165 0.98077 0
    outer loop
      vertex -22.7781 14.3145 26
      vertex -22.56 14.3579 0
      vertex -22.7781 14.3145 0
    endloop
  endfacet
  facet normal -0.98077 0.195165 0
    outer loop
      vertex -21.3579 15.56 0
      vertex -21.3145 15.7781 26
      vertex -21.3145 15.7781 0
    endloop
  endfacet
  facet normal -0.98077 0.195165 0
    outer loop
      vertex -21.3145 15.7781 26
      vertex -21.3579 15.56 0
      vertex -21.3579 15.56 26
    endloop
  endfacet
  facet normal 0.946915 0.321484 0
    outer loop
      vertex -24.5706 15.3494 26
      vertex -24.6421 15.56 0
      vertex -24.6421 15.56 26
    endloop
  endfacet
  facet normal 0.946915 0.321484 0
    outer loop
      vertex -24.6421 15.56 0
      vertex -24.5706 15.3494 26
      vertex -24.5706 15.3494 0
    endloop
  endfacet
  facet normal -0.44253 0.896754 0
    outer loop
      vertex -22.15 14.5278 0
      vertex -22.3494 14.4294 26
      vertex -22.15 14.5278 26
    endloop
  endfacet
  facet normal -0.44253 0.896754 0
    outer loop
      vertex -22.3494 14.4294 26
      vertex -22.15 14.5278 0
      vertex -22.3494 14.4294 0
    endloop
  endfacet
  facet normal -0.0652057 -0.997872 0
    outer loop
      vertex -23 17.7 0
      vertex -22.7781 17.6855 26
      vertex -23 17.7 26
    endloop
  endfacet
  facet normal -0.0652057 -0.997872 -0
    outer loop
      vertex -22.7781 17.6855 26
      vertex -23 17.7 0
      vertex -22.7781 17.6855 0
    endloop
  endfacet
  facet normal 0.321484 -0.946915 0
    outer loop
      vertex -23.6506 17.5706 0
      vertex -23.44 17.6421 26
      vertex -23.6506 17.5706 26
    endloop
  endfacet
  facet normal 0.321484 -0.946915 0
    outer loop
      vertex -23.44 17.6421 26
      vertex -23.6506 17.5706 0
      vertex -23.44 17.6421 0
    endloop
  endfacet
  facet normal 0.195165 -0.98077 0
    outer loop
      vertex -23.44 17.6421 0
      vertex -23.2219 17.6855 26
      vertex -23.44 17.6421 26
    endloop
  endfacet
  facet normal 0.195165 -0.98077 0
    outer loop
      vertex -23.2219 17.6855 26
      vertex -23.44 17.6421 0
      vertex -23.2219 17.6855 0
    endloop
  endfacet
  facet normal -0.896754 -0.44253 0
    outer loop
      vertex -21.4294 16.6506 0
      vertex -21.5278 16.85 26
      vertex -21.5278 16.85 0
    endloop
  endfacet
  facet normal -0.896754 -0.44253 0
    outer loop
      vertex -21.5278 16.85 26
      vertex -21.4294 16.6506 0
      vertex -21.4294 16.6506 26
    endloop
  endfacet
  facet normal -0.997872 0.0652057 0
    outer loop
      vertex -21.3145 15.7781 0
      vertex -21.3 16 26
      vertex -21.3 16 0
    endloop
  endfacet
  facet normal -0.997872 0.0652057 0
    outer loop
      vertex -21.3 16 26
      vertex -21.3145 15.7781 0
      vertex -21.3145 15.7781 26
    endloop
  endfacet
  facet normal -0.0652057 0.997872 0
    outer loop
      vertex -22.7781 14.3145 0
      vertex -23 14.3 26
      vertex -22.7781 14.3145 26
    endloop
  endfacet
  facet normal -0.0652057 0.997872 0
    outer loop
      vertex -23 14.3 26
      vertex -22.7781 14.3145 0
      vertex -23 14.3 0
    endloop
  endfacet
  facet normal -0.751908 -0.659268 0
    outer loop
      vertex -21.6513 17.0349 0
      vertex -21.7979 17.2021 26
      vertex -21.7979 17.2021 0
    endloop
  endfacet
  facet normal -0.751908 -0.659268 0
    outer loop
      vertex -21.7979 17.2021 26
      vertex -21.6513 17.0349 0
      vertex -21.6513 17.0349 26
    endloop
  endfacet
  facet normal 0.997872 0.0652057 0
    outer loop
      vertex -24.6855 15.7781 26
      vertex -24.7 16 0
      vertex -24.7 16 26
    endloop
  endfacet
  facet normal 0.997872 0.0652057 0
    outer loop
      vertex -24.7 16 0
      vertex -24.6855 15.7781 26
      vertex -24.6855 15.7781 0
    endloop
  endfacet
  facet normal -0.751908 0.659268 0
    outer loop
      vertex -21.7979 14.7979 0
      vertex -21.6513 14.9651 26
      vertex -21.6513 14.9651 0
    endloop
  endfacet
  facet normal -0.751908 0.659268 0
    outer loop
      vertex -21.6513 14.9651 26
      vertex -21.7979 14.7979 0
      vertex -21.7979 14.7979 26
    endloop
  endfacet
  facet normal 0.751908 -0.659268 0
    outer loop
      vertex -24.3487 17.0349 26
      vertex -24.2021 17.2021 0
      vertex -24.2021 17.2021 26
    endloop
  endfacet
  facet normal 0.751908 -0.659268 0
    outer loop
      vertex -24.2021 17.2021 0
      vertex -24.3487 17.0349 26
      vertex -24.3487 17.0349 0
    endloop
  endfacet
  facet normal 0.831566 -0.555426 0
    outer loop
      vertex -24.4722 16.85 26
      vertex -24.3487 17.0349 0
      vertex -24.3487 17.0349 26
    endloop
  endfacet
  facet normal 0.831566 -0.555426 0
    outer loop
      vertex -24.3487 17.0349 0
      vertex -24.4722 16.85 26
      vertex -24.4722 16.85 0
    endloop
  endfacet
  facet normal 0.0652057 -0.997872 0
    outer loop
      vertex -23.2219 17.6855 0
      vertex -23 17.7 26
      vertex -23.2219 17.6855 26
    endloop
  endfacet
  facet normal 0.0652057 -0.997872 0
    outer loop
      vertex -23 17.7 26
      vertex -23.2219 17.6855 0
      vertex -23 17.7 0
    endloop
  endfacet
  facet normal 0.98077 0.195165 0
    outer loop
      vertex -24.6421 15.56 26
      vertex -24.6855 15.7781 0
      vertex -24.6855 15.7781 26
    endloop
  endfacet
  facet normal 0.98077 0.195165 0
    outer loop
      vertex -24.6855 15.7781 0
      vertex -24.6421 15.56 26
      vertex -24.6421 15.56 0
    endloop
  endfacet
  facet normal 0.321484 0.946915 -0
    outer loop
      vertex -23.44 14.3579 0
      vertex -23.6506 14.4294 26
      vertex -23.44 14.3579 26
    endloop
  endfacet
  facet normal 0.321484 0.946915 0
    outer loop
      vertex -23.6506 14.4294 26
      vertex -23.44 14.3579 0
      vertex -23.6506 14.4294 0
    endloop
  endfacet
  facet normal -0.946915 -0.321484 0
    outer loop
      vertex -21.3579 16.44 0
      vertex -21.4294 16.6506 26
      vertex -21.4294 16.6506 0
    endloop
  endfacet
  facet normal -0.946915 -0.321484 0
    outer loop
      vertex -21.4294 16.6506 26
      vertex -21.3579 16.44 0
      vertex -21.3579 16.44 26
    endloop
  endfacet
  facet normal 0.44253 0.896754 -0
    outer loop
      vertex -23.6506 14.4294 0
      vertex -23.85 14.5278 26
      vertex -23.6506 14.4294 26
    endloop
  endfacet
  facet normal 0.44253 0.896754 0
    outer loop
      vertex -23.85 14.5278 26
      vertex -23.6506 14.4294 0
      vertex -23.85 14.5278 0
    endloop
  endfacet
  facet normal -0.831566 0.555426 0
    outer loop
      vertex -21.6513 14.9651 0
      vertex -21.5278 15.15 26
      vertex -21.5278 15.15 0
    endloop
  endfacet
  facet normal -0.831566 0.555426 0
    outer loop
      vertex -21.5278 15.15 26
      vertex -21.6513 14.9651 0
      vertex -21.6513 14.9651 26
    endloop
  endfacet
  facet normal 0.555426 0.831566 -0
    outer loop
      vertex -23.85 14.5278 0
      vertex -24.0349 14.6513 26
      vertex -23.85 14.5278 26
    endloop
  endfacet
  facet normal 0.555426 0.831566 0
    outer loop
      vertex -24.0349 14.6513 26
      vertex -23.85 14.5278 0
      vertex -24.0349 14.6513 0
    endloop
  endfacet
  facet normal 0.0652057 0.997872 -0
    outer loop
      vertex -23 14.3 0
      vertex -23.2219 14.3145 26
      vertex -23 14.3 26
    endloop
  endfacet
  facet normal 0.0652057 0.997872 0
    outer loop
      vertex -23.2219 14.3145 26
      vertex -23 14.3 0
      vertex -23.2219 14.3145 0
    endloop
  endfacet
  facet normal 0.195165 0.98077 -0
    outer loop
      vertex -23.2219 14.3145 0
      vertex -23.44 14.3579 26
      vertex -23.2219 14.3145 26
    endloop
  endfacet
  facet normal 0.195165 0.98077 0
    outer loop
      vertex -23.44 14.3579 26
      vertex -23.2219 14.3145 0
      vertex -23.44 14.3579 0
    endloop
  endfacet
  facet normal 0.896754 -0.44253 0
    outer loop
      vertex -24.5706 16.6506 26
      vertex -24.4722 16.85 0
      vertex -24.4722 16.85 26
    endloop
  endfacet
  facet normal 0.896754 -0.44253 0
    outer loop
      vertex -24.4722 16.85 0
      vertex -24.5706 16.6506 26
      vertex -24.5706 16.6506 0
    endloop
  endfacet
  facet normal 0.896754 0.44253 0
    outer loop
      vertex -24.4722 15.15 26
      vertex -24.5706 15.3494 0
      vertex -24.5706 15.3494 26
    endloop
  endfacet
  facet normal 0.896754 0.44253 0
    outer loop
      vertex -24.5706 15.3494 0
      vertex -24.4722 15.15 26
      vertex -24.4722 15.15 0
    endloop
  endfacet
  facet normal 0.997872 -0.0652057 0
    outer loop
      vertex -24.7 16 26
      vertex -24.6855 16.2219 0
      vertex -24.6855 16.2219 26
    endloop
  endfacet
  facet normal 0.997872 -0.0652057 0
    outer loop
      vertex -24.6855 16.2219 0
      vertex -24.7 16 26
      vertex -24.7 16 0
    endloop
  endfacet
  facet normal 0.98077 -0.195165 0
    outer loop
      vertex -24.6855 16.2219 26
      vertex -24.6421 16.44 0
      vertex -24.6421 16.44 26
    endloop
  endfacet
  facet normal 0.98077 -0.195165 0
    outer loop
      vertex -24.6421 16.44 0
      vertex -24.6855 16.2219 26
      vertex -24.6855 16.2219 0
    endloop
  endfacet
  facet normal 0.946915 -0.321484 0
    outer loop
      vertex -24.6421 16.44 26
      vertex -24.5706 16.6506 0
      vertex -24.5706 16.6506 26
    endloop
  endfacet
  facet normal 0.946915 -0.321484 0
    outer loop
      vertex -24.5706 16.6506 0
      vertex -24.6421 16.44 26
      vertex -24.6421 16.44 0
    endloop
  endfacet
  facet normal -0.659268 0.751908 0
    outer loop
      vertex -21.7979 14.7979 0
      vertex -21.9651 14.6513 26
      vertex -21.7979 14.7979 26
    endloop
  endfacet
  facet normal -0.659268 0.751908 0
    outer loop
      vertex -21.9651 14.6513 26
      vertex -21.7979 14.7979 0
      vertex -21.9651 14.6513 0
    endloop
  endfacet
  facet normal -0.98077 -0.195165 0
    outer loop
      vertex 24.6855 -15.7781 0
      vertex 24.6421 -15.56 26
      vertex 24.6421 -15.56 0
    endloop
  endfacet
  facet normal -0.98077 -0.195165 0
    outer loop
      vertex 24.6421 -15.56 26
      vertex 24.6855 -15.7781 0
      vertex 24.6855 -15.7781 26
    endloop
  endfacet
  facet normal -0.997872 -0.0652057 0
    outer loop
      vertex 24.7 -16 0
      vertex 24.6855 -15.7781 26
      vertex 24.6855 -15.7781 0
    endloop
  endfacet
  facet normal -0.997872 -0.0652057 0
    outer loop
      vertex 24.6855 -15.7781 26
      vertex 24.7 -16 0
      vertex 24.7 -16 26
    endloop
  endfacet
  facet normal -0.0652057 0.997872 0
    outer loop
      vertex 23.2219 -17.6855 0
      vertex 23 -17.7 26
      vertex 23.2219 -17.6855 26
    endloop
  endfacet
  facet normal -0.0652057 0.997872 0
    outer loop
      vertex 23 -17.7 26
      vertex 23.2219 -17.6855 0
      vertex 23 -17.7 0
    endloop
  endfacet
  facet normal 0.659268 -0.751908 0
    outer loop
      vertex 21.7979 -14.7979 0
      vertex 21.9651 -14.6513 26
      vertex 21.7979 -14.7979 26
    endloop
  endfacet
  facet normal 0.659268 -0.751908 0
    outer loop
      vertex 21.9651 -14.6513 26
      vertex 21.7979 -14.7979 0
      vertex 21.9651 -14.6513 0
    endloop
  endfacet
  facet normal 0.831566 0.555426 0
    outer loop
      vertex 21.6513 -17.0349 26
      vertex 21.5278 -16.85 0
      vertex 21.5278 -16.85 26
    endloop
  endfacet
  facet normal 0.831566 0.555426 0
    outer loop
      vertex 21.5278 -16.85 0
      vertex 21.6513 -17.0349 26
      vertex 21.6513 -17.0349 0
    endloop
  endfacet
  facet normal 0.195165 0.98077 -0
    outer loop
      vertex 22.7781 -17.6855 0
      vertex 22.56 -17.6421 26
      vertex 22.7781 -17.6855 26
    endloop
  endfacet
  facet normal 0.195165 0.98077 0
    outer loop
      vertex 22.56 -17.6421 26
      vertex 22.7781 -17.6855 0
      vertex 22.56 -17.6421 0
    endloop
  endfacet
  facet normal -0.659268 -0.751908 0
    outer loop
      vertex 24.0349 -14.6513 0
      vertex 24.2021 -14.7979 26
      vertex 24.0349 -14.6513 26
    endloop
  endfacet
  facet normal -0.659268 -0.751908 -0
    outer loop
      vertex 24.2021 -14.7979 26
      vertex 24.0349 -14.6513 0
      vertex 24.2021 -14.7979 0
    endloop
  endfacet
  facet normal -0.946915 0.321484 0
    outer loop
      vertex 24.5706 -16.6506 0
      vertex 24.6421 -16.44 26
      vertex 24.6421 -16.44 0
    endloop
  endfacet
  facet normal -0.946915 0.321484 0
    outer loop
      vertex 24.6421 -16.44 26
      vertex 24.5706 -16.6506 0
      vertex 24.5706 -16.6506 26
    endloop
  endfacet
  facet normal -0.751908 0.659268 0
    outer loop
      vertex 24.2021 -17.2021 0
      vertex 24.3487 -17.0349 26
      vertex 24.3487 -17.0349 0
    endloop
  endfacet
  facet normal -0.751908 0.659268 0
    outer loop
      vertex 24.3487 -17.0349 26
      vertex 24.2021 -17.2021 0
      vertex 24.2021 -17.2021 26
    endloop
  endfacet
  facet normal -0.751908 -0.659268 0
    outer loop
      vertex 24.3487 -14.9651 0
      vertex 24.2021 -14.7979 26
      vertex 24.2021 -14.7979 0
    endloop
  endfacet
  facet normal -0.751908 -0.659268 0
    outer loop
      vertex 24.2021 -14.7979 26
      vertex 24.3487 -14.9651 0
      vertex 24.3487 -14.9651 26
    endloop
  endfacet
  facet normal 0.946915 0.321484 0
    outer loop
      vertex 21.4294 -16.6506 26
      vertex 21.3579 -16.44 0
      vertex 21.3579 -16.44 26
    endloop
  endfacet
  facet normal 0.946915 0.321484 0
    outer loop
      vertex 21.3579 -16.44 0
      vertex 21.4294 -16.6506 26
      vertex 21.4294 -16.6506 0
    endloop
  endfacet
  facet normal -0.321484 0.946915 0
    outer loop
      vertex 23.6506 -17.5706 0
      vertex 23.44 -17.6421 26
      vertex 23.6506 -17.5706 26
    endloop
  endfacet
  facet normal -0.321484 0.946915 0
    outer loop
      vertex 23.44 -17.6421 26
      vertex 23.6506 -17.5706 0
      vertex 23.44 -17.6421 0
    endloop
  endfacet
  facet normal 0.0652057 0.997872 -0
    outer loop
      vertex 23 -17.7 0
      vertex 22.7781 -17.6855 26
      vertex 23 -17.7 26
    endloop
  endfacet
  facet normal 0.0652057 0.997872 0
    outer loop
      vertex 22.7781 -17.6855 26
      vertex 23 -17.7 0
      vertex 22.7781 -17.6855 0
    endloop
  endfacet
  facet normal 0.321484 -0.946915 0
    outer loop
      vertex 22.3494 -14.4294 0
      vertex 22.56 -14.3579 26
      vertex 22.3494 -14.4294 26
    endloop
  endfacet
  facet normal 0.321484 -0.946915 0
    outer loop
      vertex 22.56 -14.3579 26
      vertex 22.3494 -14.4294 0
      vertex 22.56 -14.3579 0
    endloop
  endfacet
  facet normal 0.751908 -0.659268 0
    outer loop
      vertex 21.6513 -14.9651 26
      vertex 21.7979 -14.7979 0
      vertex 21.7979 -14.7979 26
    endloop
  endfacet
  facet normal 0.751908 -0.659268 0
    outer loop
      vertex 21.7979 -14.7979 0
      vertex 21.6513 -14.9651 26
      vertex 21.6513 -14.9651 0
    endloop
  endfacet
  facet normal 0.44253 0.896754 -0
    outer loop
      vertex 22.3494 -17.5706 0
      vertex 22.15 -17.4722 26
      vertex 22.3494 -17.5706 26
    endloop
  endfacet
  facet normal 0.44253 0.896754 0
    outer loop
      vertex 22.15 -17.4722 26
      vertex 22.3494 -17.5706 0
      vertex 22.15 -17.4722 0
    endloop
  endfacet
  facet normal 0.0652057 -0.997872 0
    outer loop
      vertex 22.7781 -14.3145 0
      vertex 23 -14.3 26
      vertex 22.7781 -14.3145 26
    endloop
  endfacet
  facet normal 0.0652057 -0.997872 0
    outer loop
      vertex 23 -14.3 26
      vertex 22.7781 -14.3145 0
      vertex 23 -14.3 0
    endloop
  endfacet
  facet normal -0.896754 0.44253 0
    outer loop
      vertex 24.4722 -16.85 0
      vertex 24.5706 -16.6506 26
      vertex 24.5706 -16.6506 0
    endloop
  endfacet
  facet normal -0.896754 0.44253 0
    outer loop
      vertex 24.5706 -16.6506 26
      vertex 24.4722 -16.85 0
      vertex 24.4722 -16.85 26
    endloop
  endfacet
  facet normal -0.555426 0.831566 0
    outer loop
      vertex 24.0349 -17.3487 0
      vertex 23.85 -17.4722 26
      vertex 24.0349 -17.3487 26
    endloop
  endfacet
  facet normal -0.555426 0.831566 0
    outer loop
      vertex 23.85 -17.4722 26
      vertex 24.0349 -17.3487 0
      vertex 23.85 -17.4722 0
    endloop
  endfacet
  facet normal 0.98077 0.195165 0
    outer loop
      vertex 21.3579 -16.44 26
      vertex 21.3145 -16.2219 0
      vertex 21.3145 -16.2219 26
    endloop
  endfacet
  facet normal 0.98077 0.195165 0
    outer loop
      vertex 21.3145 -16.2219 0
      vertex 21.3579 -16.44 26
      vertex 21.3579 -16.44 0
    endloop
  endfacet
  facet normal -0.195165 -0.98077 0
    outer loop
      vertex 23.2219 -14.3145 0
      vertex 23.44 -14.3579 26
      vertex 23.2219 -14.3145 26
    endloop
  endfacet
  facet normal -0.195165 -0.98077 -0
    outer loop
      vertex 23.44 -14.3579 26
      vertex 23.2219 -14.3145 0
      vertex 23.44 -14.3579 0
    endloop
  endfacet
  facet normal -0.831566 -0.555426 0
    outer loop
      vertex 24.4722 -15.15 0
      vertex 24.3487 -14.9651 26
      vertex 24.3487 -14.9651 0
    endloop
  endfacet
  facet normal -0.831566 -0.555426 0
    outer loop
      vertex 24.3487 -14.9651 26
      vertex 24.4722 -15.15 0
      vertex 24.4722 -15.15 26
    endloop
  endfacet
  facet normal -0.997872 0.0652057 0
    outer loop
      vertex 24.6855 -16.2219 0
      vertex 24.7 -16 26
      vertex 24.7 -16 0
    endloop
  endfacet
  facet normal -0.997872 0.0652057 0
    outer loop
      vertex 24.7 -16 26
      vertex 24.6855 -16.2219 0
      vertex 24.6855 -16.2219 26
    endloop
  endfacet
  facet normal -0.321484 -0.946915 0
    outer loop
      vertex 23.44 -14.3579 0
      vertex 23.6506 -14.4294 26
      vertex 23.44 -14.3579 26
    endloop
  endfacet
  facet normal -0.321484 -0.946915 -0
    outer loop
      vertex 23.6506 -14.4294 26
      vertex 23.44 -14.3579 0
      vertex 23.6506 -14.4294 0
    endloop
  endfacet
  facet normal -0.555426 -0.831566 0
    outer loop
      vertex 23.85 -14.5278 0
      vertex 24.0349 -14.6513 26
      vertex 23.85 -14.5278 26
    endloop
  endfacet
  facet normal -0.555426 -0.831566 -0
    outer loop
      vertex 24.0349 -14.6513 26
      vertex 23.85 -14.5278 0
      vertex 24.0349 -14.6513 0
    endloop
  endfacet
  facet normal 0.195165 -0.98077 0
    outer loop
      vertex 22.56 -14.3579 0
      vertex 22.7781 -14.3145 26
      vertex 22.56 -14.3579 26
    endloop
  endfacet
  facet normal 0.195165 -0.98077 0
    outer loop
      vertex 22.7781 -14.3145 26
      vertex 22.56 -14.3579 0
      vertex 22.7781 -14.3145 0
    endloop
  endfacet
  facet normal -0.659268 0.751908 0
    outer loop
      vertex 24.2021 -17.2021 0
      vertex 24.0349 -17.3487 26
      vertex 24.2021 -17.2021 26
    endloop
  endfacet
  facet normal -0.659268 0.751908 0
    outer loop
      vertex 24.0349 -17.3487 26
      vertex 24.2021 -17.2021 0
      vertex 24.0349 -17.3487 0
    endloop
  endfacet
  facet normal 0.896754 -0.44253 0
    outer loop
      vertex 21.4294 -15.3494 26
      vertex 21.5278 -15.15 0
      vertex 21.5278 -15.15 26
    endloop
  endfacet
  facet normal 0.896754 -0.44253 0
    outer loop
      vertex 21.5278 -15.15 0
      vertex 21.4294 -15.3494 26
      vertex 21.4294 -15.3494 0
    endloop
  endfacet
  facet normal -0.98077 0.195165 0
    outer loop
      vertex 24.6421 -16.44 0
      vertex 24.6855 -16.2219 26
      vertex 24.6855 -16.2219 0
    endloop
  endfacet
  facet normal -0.98077 0.195165 0
    outer loop
      vertex 24.6855 -16.2219 26
      vertex 24.6421 -16.44 0
      vertex 24.6421 -16.44 26
    endloop
  endfacet
  facet normal -0.195165 0.98077 0
    outer loop
      vertex 23.44 -17.6421 0
      vertex 23.2219 -17.6855 26
      vertex 23.44 -17.6421 26
    endloop
  endfacet
  facet normal -0.195165 0.98077 0
    outer loop
      vertex 23.2219 -17.6855 26
      vertex 23.44 -17.6421 0
      vertex 23.2219 -17.6855 0
    endloop
  endfacet
  facet normal 0.659268 0.751908 -0
    outer loop
      vertex 21.9651 -17.3487 0
      vertex 21.7979 -17.2021 26
      vertex 21.9651 -17.3487 26
    endloop
  endfacet
  facet normal 0.659268 0.751908 0
    outer loop
      vertex 21.7979 -17.2021 26
      vertex 21.9651 -17.3487 0
      vertex 21.7979 -17.2021 0
    endloop
  endfacet
  facet normal 0.751908 0.659268 0
    outer loop
      vertex 21.7979 -17.2021 26
      vertex 21.6513 -17.0349 0
      vertex 21.6513 -17.0349 26
    endloop
  endfacet
  facet normal 0.751908 0.659268 0
    outer loop
      vertex 21.6513 -17.0349 0
      vertex 21.7979 -17.2021 26
      vertex 21.7979 -17.2021 0
    endloop
  endfacet
  facet normal -0.0652057 -0.997872 0
    outer loop
      vertex 23 -14.3 0
      vertex 23.2219 -14.3145 26
      vertex 23 -14.3 26
    endloop
  endfacet
  facet normal -0.0652057 -0.997872 -0
    outer loop
      vertex 23.2219 -14.3145 26
      vertex 23 -14.3 0
      vertex 23.2219 -14.3145 0
    endloop
  endfacet
  facet normal -0.44253 -0.896754 0
    outer loop
      vertex 23.6506 -14.4294 0
      vertex 23.85 -14.5278 26
      vertex 23.6506 -14.4294 26
    endloop
  endfacet
  facet normal -0.44253 -0.896754 -0
    outer loop
      vertex 23.85 -14.5278 26
      vertex 23.6506 -14.4294 0
      vertex 23.85 -14.5278 0
    endloop
  endfacet
  facet normal -0.831566 0.555426 0
    outer loop
      vertex 24.3487 -17.0349 0
      vertex 24.4722 -16.85 26
      vertex 24.4722 -16.85 0
    endloop
  endfacet
  facet normal -0.831566 0.555426 0
    outer loop
      vertex 24.4722 -16.85 26
      vertex 24.3487 -17.0349 0
      vertex 24.3487 -17.0349 26
    endloop
  endfacet
  facet normal 0.997872 0.0652057 0
    outer loop
      vertex 21.3145 -16.2219 26
      vertex 21.3 -16 0
      vertex 21.3 -16 26
    endloop
  endfacet
  facet normal 0.997872 0.0652057 0
    outer loop
      vertex 21.3 -16 0
      vertex 21.3145 -16.2219 26
      vertex 21.3145 -16.2219 0
    endloop
  endfacet
  facet normal -0.44253 0.896754 0
    outer loop
      vertex 23.85 -17.4722 0
      vertex 23.6506 -17.5706 26
      vertex 23.85 -17.4722 26
    endloop
  endfacet
  facet normal -0.44253 0.896754 0
    outer loop
      vertex 23.6506 -17.5706 26
      vertex 23.85 -17.4722 0
      vertex 23.6506 -17.5706 0
    endloop
  endfacet
  facet normal 0.98077 -0.195165 0
    outer loop
      vertex 21.3145 -15.7781 26
      vertex 21.3579 -15.56 0
      vertex 21.3579 -15.56 26
    endloop
  endfacet
  facet normal 0.98077 -0.195165 0
    outer loop
      vertex 21.3579 -15.56 0
      vertex 21.3145 -15.7781 26
      vertex 21.3145 -15.7781 0
    endloop
  endfacet
  facet normal 0.896754 0.44253 0
    outer loop
      vertex 21.5278 -16.85 26
      vertex 21.4294 -16.6506 0
      vertex 21.4294 -16.6506 26
    endloop
  endfacet
  facet normal 0.896754 0.44253 0
    outer loop
      vertex 21.4294 -16.6506 0
      vertex 21.5278 -16.85 26
      vertex 21.5278 -16.85 0
    endloop
  endfacet
  facet normal 0.946915 -0.321484 0
    outer loop
      vertex 21.3579 -15.56 26
      vertex 21.4294 -15.3494 0
      vertex 21.4294 -15.3494 26
    endloop
  endfacet
  facet normal 0.946915 -0.321484 0
    outer loop
      vertex 21.4294 -15.3494 0
      vertex 21.3579 -15.56 26
      vertex 21.3579 -15.56 0
    endloop
  endfacet
  facet normal 0.555426 -0.831566 0
    outer loop
      vertex 21.9651 -14.6513 0
      vertex 22.15 -14.5278 26
      vertex 21.9651 -14.6513 26
    endloop
  endfacet
  facet normal 0.555426 -0.831566 0
    outer loop
      vertex 22.15 -14.5278 26
      vertex 21.9651 -14.6513 0
      vertex 22.15 -14.5278 0
    endloop
  endfacet
  facet normal -0.896754 -0.44253 0
    outer loop
      vertex 24.5706 -15.3494 0
      vertex 24.4722 -15.15 26
      vertex 24.4722 -15.15 0
    endloop
  endfacet
  facet normal -0.896754 -0.44253 0
    outer loop
      vertex 24.4722 -15.15 26
      vertex 24.5706 -15.3494 0
      vertex 24.5706 -15.3494 26
    endloop
  endfacet
  facet normal -0.946915 -0.321484 0
    outer loop
      vertex 24.6421 -15.56 0
      vertex 24.5706 -15.3494 26
      vertex 24.5706 -15.3494 0
    endloop
  endfacet
  facet normal -0.946915 -0.321484 0
    outer loop
      vertex 24.5706 -15.3494 26
      vertex 24.6421 -15.56 0
      vertex 24.6421 -15.56 26
    endloop
  endfacet
  facet normal 0.997872 -0.0652057 0
    outer loop
      vertex 21.3 -16 26
      vertex 21.3145 -15.7781 0
      vertex 21.3145 -15.7781 26
    endloop
  endfacet
  facet normal 0.997872 -0.0652057 0
    outer loop
      vertex 21.3145 -15.7781 0
      vertex 21.3 -16 26
      vertex 21.3 -16 0
    endloop
  endfacet
  facet normal 0.321484 0.946915 -0
    outer loop
      vertex 22.56 -17.6421 0
      vertex 22.3494 -17.5706 26
      vertex 22.56 -17.6421 26
    endloop
  endfacet
  facet normal 0.321484 0.946915 0
    outer loop
      vertex 22.3494 -17.5706 26
      vertex 22.56 -17.6421 0
      vertex 22.3494 -17.5706 0
    endloop
  endfacet
  facet normal 0.44253 -0.896754 0
    outer loop
      vertex 22.15 -14.5278 0
      vertex 22.3494 -14.4294 26
      vertex 22.15 -14.5278 26
    endloop
  endfacet
  facet normal 0.44253 -0.896754 0
    outer loop
      vertex 22.3494 -14.4294 26
      vertex 22.15 -14.5278 0
      vertex 22.3494 -14.4294 0
    endloop
  endfacet
  facet normal 0.831566 -0.555426 0
    outer loop
      vertex 21.5278 -15.15 26
      vertex 21.6513 -14.9651 0
      vertex 21.6513 -14.9651 26
    endloop
  endfacet
  facet normal 0.831566 -0.555426 0
    outer loop
      vertex 21.6513 -14.9651 0
      vertex 21.5278 -15.15 26
      vertex 21.5278 -15.15 0
    endloop
  endfacet
  facet normal 0.555426 0.831566 -0
    outer loop
      vertex 22.15 -17.4722 0
      vertex 21.9651 -17.3487 26
      vertex 22.15 -17.4722 26
    endloop
  endfacet
  facet normal 0.555426 0.831566 0
    outer loop
      vertex 21.9651 -17.3487 26
      vertex 22.15 -17.4722 0
      vertex 21.9651 -17.3487 0
    endloop
  endfacet
  facet normal -0.98077 -0.195165 0
    outer loop
      vertex 24.6855 16.2219 0
      vertex 24.6421 16.44 26
      vertex 24.6421 16.44 0
    endloop
  endfacet
  facet normal -0.98077 -0.195165 0
    outer loop
      vertex 24.6421 16.44 26
      vertex 24.6855 16.2219 0
      vertex 24.6855 16.2219 26
    endloop
  endfacet
  facet normal -0.997872 -0.0652057 0
    outer loop
      vertex 24.7 16 0
      vertex 24.6855 16.2219 26
      vertex 24.6855 16.2219 0
    endloop
  endfacet
  facet normal -0.997872 -0.0652057 0
    outer loop
      vertex 24.6855 16.2219 26
      vertex 24.7 16 0
      vertex 24.7 16 26
    endloop
  endfacet
  facet normal 0.44253 -0.896754 0
    outer loop
      vertex 22.15 17.4722 0
      vertex 22.3494 17.5706 26
      vertex 22.15 17.4722 26
    endloop
  endfacet
  facet normal 0.44253 -0.896754 0
    outer loop
      vertex 22.3494 17.5706 26
      vertex 22.15 17.4722 0
      vertex 22.3494 17.5706 0
    endloop
  endfacet
  facet normal -0.555426 -0.831566 0
    outer loop
      vertex 23.85 17.4722 0
      vertex 24.0349 17.3487 26
      vertex 23.85 17.4722 26
    endloop
  endfacet
  facet normal -0.555426 -0.831566 -0
    outer loop
      vertex 24.0349 17.3487 26
      vertex 23.85 17.4722 0
      vertex 24.0349 17.3487 0
    endloop
  endfacet
  facet normal 0.659268 -0.751908 0
    outer loop
      vertex 21.7979 17.2021 0
      vertex 21.9651 17.3487 26
      vertex 21.7979 17.2021 26
    endloop
  endfacet
  facet normal 0.659268 -0.751908 0
    outer loop
      vertex 21.9651 17.3487 26
      vertex 21.7979 17.2021 0
      vertex 21.9651 17.3487 0
    endloop
  endfacet
  facet normal -0.321484 0.946915 0
    outer loop
      vertex 23.6506 14.4294 0
      vertex 23.44 14.3579 26
      vertex 23.6506 14.4294 26
    endloop
  endfacet
  facet normal -0.321484 0.946915 0
    outer loop
      vertex 23.44 14.3579 26
      vertex 23.6506 14.4294 0
      vertex 23.44 14.3579 0
    endloop
  endfacet
  facet normal -0.946915 0.321484 0
    outer loop
      vertex 24.5706 15.3494 0
      vertex 24.6421 15.56 26
      vertex 24.6421 15.56 0
    endloop
  endfacet
  facet normal -0.946915 0.321484 0
    outer loop
      vertex 24.6421 15.56 26
      vertex 24.5706 15.3494 0
      vertex 24.5706 15.3494 26
    endloop
  endfacet
  facet normal -0.321484 -0.946915 0
    outer loop
      vertex 23.44 17.6421 0
      vertex 23.6506 17.5706 26
      vertex 23.44 17.6421 26
    endloop
  endfacet
  facet normal -0.321484 -0.946915 -0
    outer loop
      vertex 23.6506 17.5706 26
      vertex 23.44 17.6421 0
      vertex 23.6506 17.5706 0
    endloop
  endfacet
  facet normal -0.195165 -0.98077 0
    outer loop
      vertex 23.2219 17.6855 0
      vertex 23.44 17.6421 26
      vertex 23.2219 17.6855 26
    endloop
  endfacet
  facet normal -0.195165 -0.98077 -0
    outer loop
      vertex 23.44 17.6421 26
      vertex 23.2219 17.6855 0
      vertex 23.44 17.6421 0
    endloop
  endfacet
  facet normal 0.555426 -0.831566 0
    outer loop
      vertex 21.9651 17.3487 0
      vertex 22.15 17.4722 26
      vertex 21.9651 17.3487 26
    endloop
  endfacet
  facet normal 0.555426 -0.831566 0
    outer loop
      vertex 22.15 17.4722 26
      vertex 21.9651 17.3487 0
      vertex 22.15 17.4722 0
    endloop
  endfacet
  facet normal -0.896754 0.44253 0
    outer loop
      vertex 24.4722 15.15 0
      vertex 24.5706 15.3494 26
      vertex 24.5706 15.3494 0
    endloop
  endfacet
  facet normal -0.896754 0.44253 0
    outer loop
      vertex 24.5706 15.3494 26
      vertex 24.4722 15.15 0
      vertex 24.4722 15.15 26
    endloop
  endfacet
  facet normal -0.659268 -0.751908 0
    outer loop
      vertex 24.0349 17.3487 0
      vertex 24.2021 17.2021 26
      vertex 24.0349 17.3487 26
    endloop
  endfacet
  facet normal -0.659268 -0.751908 -0
    outer loop
      vertex 24.2021 17.2021 26
      vertex 24.0349 17.3487 0
      vertex 24.2021 17.2021 0
    endloop
  endfacet
  facet normal -0.555426 0.831566 0
    outer loop
      vertex 24.0349 14.6513 0
      vertex 23.85 14.5278 26
      vertex 24.0349 14.6513 26
    endloop
  endfacet
  facet normal -0.555426 0.831566 0
    outer loop
      vertex 23.85 14.5278 26
      vertex 24.0349 14.6513 0
      vertex 23.85 14.5278 0
    endloop
  endfacet
  facet normal -0.44253 -0.896754 0
    outer loop
      vertex 23.6506 17.5706 0
      vertex 23.85 17.4722 26
      vertex 23.6506 17.5706 26
    endloop
  endfacet
  facet normal -0.44253 -0.896754 -0
    outer loop
      vertex 23.85 17.4722 26
      vertex 23.6506 17.5706 0
      vertex 23.85 17.4722 0
    endloop
  endfacet
  facet normal 0.659268 0.751908 -0
    outer loop
      vertex 21.9651 14.6513 0
      vertex 21.7979 14.7979 26
      vertex 21.9651 14.6513 26
    endloop
  endfacet
  facet normal 0.659268 0.751908 0
    outer loop
      vertex 21.7979 14.7979 26
      vertex 21.9651 14.6513 0
      vertex 21.7979 14.7979 0
    endloop
  endfacet
  facet normal 0.751908 0.659268 0
    outer loop
      vertex 21.7979 14.7979 26
      vertex 21.6513 14.9651 0
      vertex 21.6513 14.9651 26
    endloop
  endfacet
  facet normal 0.751908 0.659268 0
    outer loop
      vertex 21.6513 14.9651 0
      vertex 21.7979 14.7979 26
      vertex 21.7979 14.7979 0
    endloop
  endfacet
  facet normal 0.831566 0.555426 0
    outer loop
      vertex 21.6513 14.9651 26
      vertex 21.5278 15.15 0
      vertex 21.5278 15.15 26
    endloop
  endfacet
  facet normal 0.831566 0.555426 0
    outer loop
      vertex 21.5278 15.15 0
      vertex 21.6513 14.9651 26
      vertex 21.6513 14.9651 0
    endloop
  endfacet
  facet normal -0.831566 -0.555426 0
    outer loop
      vertex 24.4722 16.85 0
      vertex 24.3487 17.0349 26
      vertex 24.3487 17.0349 0
    endloop
  endfacet
  facet normal -0.831566 -0.555426 0
    outer loop
      vertex 24.3487 17.0349 26
      vertex 24.4722 16.85 0
      vertex 24.4722 16.85 26
    endloop
  endfacet
  facet normal -0.195165 0.98077 0
    outer loop
      vertex 23.44 14.3579 0
      vertex 23.2219 14.3145 26
      vertex 23.44 14.3579 26
    endloop
  endfacet
  facet normal -0.195165 0.98077 0
    outer loop
      vertex 23.2219 14.3145 26
      vertex 23.44 14.3579 0
      vertex 23.2219 14.3145 0
    endloop
  endfacet
  facet normal -0.98077 0.195165 0
    outer loop
      vertex 24.6421 15.56 0
      vertex 24.6855 15.7781 26
      vertex 24.6855 15.7781 0
    endloop
  endfacet
  facet normal -0.98077 0.195165 0
    outer loop
      vertex 24.6855 15.7781 26
      vertex 24.6421 15.56 0
      vertex 24.6421 15.56 26
    endloop
  endfacet
  facet normal 0.946915 0.321484 0
    outer loop
      vertex 21.4294 15.3494 26
      vertex 21.3579 15.56 0
      vertex 21.3579 15.56 26
    endloop
  endfacet
  facet normal 0.946915 0.321484 0
    outer loop
      vertex 21.3579 15.56 0
      vertex 21.4294 15.3494 26
      vertex 21.4294 15.3494 0
    endloop
  endfacet
  facet normal -0.44253 0.896754 0
    outer loop
      vertex 23.85 14.5278 0
      vertex 23.6506 14.4294 26
      vertex 23.85 14.5278 26
    endloop
  endfacet
  facet normal -0.44253 0.896754 0
    outer loop
      vertex 23.6506 14.4294 26
      vertex 23.85 14.5278 0
      vertex 23.6506 14.4294 0
    endloop
  endfacet
  facet normal -0.0652057 -0.997872 0
    outer loop
      vertex 23 17.7 0
      vertex 23.2219 17.6855 26
      vertex 23 17.7 26
    endloop
  endfacet
  facet normal -0.0652057 -0.997872 -0
    outer loop
      vertex 23.2219 17.6855 26
      vertex 23 17.7 0
      vertex 23.2219 17.6855 0
    endloop
  endfacet
  facet normal 0.321484 -0.946915 0
    outer loop
      vertex 22.3494 17.5706 0
      vertex 22.56 17.6421 26
      vertex 22.3494 17.5706 26
    endloop
  endfacet
  facet normal 0.321484 -0.946915 0
    outer loop
      vertex 22.56 17.6421 26
      vertex 22.3494 17.5706 0
      vertex 22.56 17.6421 0
    endloop
  endfacet
  facet normal 0.195165 -0.98077 0
    outer loop
      vertex 22.56 17.6421 0
      vertex 22.7781 17.6855 26
      vertex 22.56 17.6421 26
    endloop
  endfacet
  facet normal 0.195165 -0.98077 0
    outer loop
      vertex 22.7781 17.6855 26
      vertex 22.56 17.6421 0
      vertex 22.7781 17.6855 0
    endloop
  endfacet
  facet normal -0.896754 -0.44253 0
    outer loop
      vertex 24.5706 16.6506 0
      vertex 24.4722 16.85 26
      vertex 24.4722 16.85 0
    endloop
  endfacet
  facet normal -0.896754 -0.44253 0
    outer loop
      vertex 24.4722 16.85 26
      vertex 24.5706 16.6506 0
      vertex 24.5706 16.6506 26
    endloop
  endfacet
  facet normal -0.997872 0.0652057 0
    outer loop
      vertex 24.6855 15.7781 0
      vertex 24.7 16 26
      vertex 24.7 16 0
    endloop
  endfacet
  facet normal -0.997872 0.0652057 0
    outer loop
      vertex 24.7 16 26
      vertex 24.6855 15.7781 0
      vertex 24.6855 15.7781 26
    endloop
  endfacet
  facet normal -0.0652057 0.997872 0
    outer loop
      vertex 23.2219 14.3145 0
      vertex 23 14.3 26
      vertex 23.2219 14.3145 26
    endloop
  endfacet
  facet normal -0.0652057 0.997872 0
    outer loop
      vertex 23 14.3 26
      vertex 23.2219 14.3145 0
      vertex 23 14.3 0
    endloop
  endfacet
  facet normal -0.751908 -0.659268 0
    outer loop
      vertex 24.3487 17.0349 0
      vertex 24.2021 17.2021 26
      vertex 24.2021 17.2021 0
    endloop
  endfacet
  facet normal -0.751908 -0.659268 0
    outer loop
      vertex 24.2021 17.2021 26
      vertex 24.3487 17.0349 0
      vertex 24.3487 17.0349 26
    endloop
  endfacet
  facet normal 0.997872 0.0652057 0
    outer loop
      vertex 21.3145 15.7781 26
      vertex 21.3 16 0
      vertex 21.3 16 26
    endloop
  endfacet
  facet normal 0.997872 0.0652057 0
    outer loop
      vertex 21.3 16 0
      vertex 21.3145 15.7781 26
      vertex 21.3145 15.7781 0
    endloop
  endfacet
  facet normal -0.751908 0.659268 0
    outer loop
      vertex 24.2021 14.7979 0
      vertex 24.3487 14.9651 26
      vertex 24.3487 14.9651 0
    endloop
  endfacet
  facet normal -0.751908 0.659268 0
    outer loop
      vertex 24.3487 14.9651 26
      vertex 24.2021 14.7979 0
      vertex 24.2021 14.7979 26
    endloop
  endfacet
  facet normal 0.751908 -0.659268 0
    outer loop
      vertex 21.6513 17.0349 26
      vertex 21.7979 17.2021 0
      vertex 21.7979 17.2021 26
    endloop
  endfacet
  facet normal 0.751908 -0.659268 0
    outer loop
      vertex 21.7979 17.2021 0
      vertex 21.6513 17.0349 26
      vertex 21.6513 17.0349 0
    endloop
  endfacet
  facet normal 0.831566 -0.555426 0
    outer loop
      vertex 21.5278 16.85 26
      vertex 21.6513 17.0349 0
      vertex 21.6513 17.0349 26
    endloop
  endfacet
  facet normal 0.831566 -0.555426 0
    outer loop
      vertex 21.6513 17.0349 0
      vertex 21.5278 16.85 26
      vertex 21.5278 16.85 0
    endloop
  endfacet
  facet normal 0.0652057 -0.997872 0
    outer loop
      vertex 22.7781 17.6855 0
      vertex 23 17.7 26
      vertex 22.7781 17.6855 26
    endloop
  endfacet
  facet normal 0.0652057 -0.997872 0
    outer loop
      vertex 23 17.7 26
      vertex 22.7781 17.6855 0
      vertex 23 17.7 0
    endloop
  endfacet
  facet normal 0.98077 0.195165 0
    outer loop
      vertex 21.3579 15.56 26
      vertex 21.3145 15.7781 0
      vertex 21.3145 15.7781 26
    endloop
  endfacet
  facet normal 0.98077 0.195165 0
    outer loop
      vertex 21.3145 15.7781 0
      vertex 21.3579 15.56 26
      vertex 21.3579 15.56 0
    endloop
  endfacet
  facet normal 0.321484 0.946915 -0
    outer loop
      vertex 22.56 14.3579 0
      vertex 22.3494 14.4294 26
      vertex 22.56 14.3579 26
    endloop
  endfacet
  facet normal 0.321484 0.946915 0
    outer loop
      vertex 22.3494 14.4294 26
      vertex 22.56 14.3579 0
      vertex 22.3494 14.4294 0
    endloop
  endfacet
  facet normal -0.946915 -0.321484 0
    outer loop
      vertex 24.6421 16.44 0
      vertex 24.5706 16.6506 26
      vertex 24.5706 16.6506 0
    endloop
  endfacet
  facet normal -0.946915 -0.321484 0
    outer loop
      vertex 24.5706 16.6506 26
      vertex 24.6421 16.44 0
      vertex 24.6421 16.44 26
    endloop
  endfacet
  facet normal 0.44253 0.896754 -0
    outer loop
      vertex 22.3494 14.4294 0
      vertex 22.15 14.5278 26
      vertex 22.3494 14.4294 26
    endloop
  endfacet
  facet normal 0.44253 0.896754 0
    outer loop
      vertex 22.15 14.5278 26
      vertex 22.3494 14.4294 0
      vertex 22.15 14.5278 0
    endloop
  endfacet
  facet normal -0.831566 0.555426 0
    outer loop
      vertex 24.3487 14.9651 0
      vertex 24.4722 15.15 26
      vertex 24.4722 15.15 0
    endloop
  endfacet
  facet normal -0.831566 0.555426 0
    outer loop
      vertex 24.4722 15.15 26
      vertex 24.3487 14.9651 0
      vertex 24.3487 14.9651 26
    endloop
  endfacet
  facet normal 0.555426 0.831566 -0
    outer loop
      vertex 22.15 14.5278 0
      vertex 21.9651 14.6513 26
      vertex 22.15 14.5278 26
    endloop
  endfacet
  facet normal 0.555426 0.831566 0
    outer loop
      vertex 21.9651 14.6513 26
      vertex 22.15 14.5278 0
      vertex 21.9651 14.6513 0
    endloop
  endfacet
  facet normal 0.0652057 0.997872 -0
    outer loop
      vertex 23 14.3 0
      vertex 22.7781 14.3145 26
      vertex 23 14.3 26
    endloop
  endfacet
  facet normal 0.0652057 0.997872 0
    outer loop
      vertex 22.7781 14.3145 26
      vertex 23 14.3 0
      vertex 22.7781 14.3145 0
    endloop
  endfacet
  facet normal 0.195165 0.98077 -0
    outer loop
      vertex 22.7781 14.3145 0
      vertex 22.56 14.3579 26
      vertex 22.7781 14.3145 26
    endloop
  endfacet
  facet normal 0.195165 0.98077 0
    outer loop
      vertex 22.56 14.3579 26
      vertex 22.7781 14.3145 0
      vertex 22.56 14.3579 0
    endloop
  endfacet
  facet normal 0.896754 -0.44253 0
    outer loop
      vertex 21.4294 16.6506 26
      vertex 21.5278 16.85 0
      vertex 21.5278 16.85 26
    endloop
  endfacet
  facet normal 0.896754 -0.44253 0
    outer loop
      vertex 21.5278 16.85 0
      vertex 21.4294 16.6506 26
      vertex 21.4294 16.6506 0
    endloop
  endfacet
  facet normal 0.896754 0.44253 0
    outer loop
      vertex 21.5278 15.15 26
      vertex 21.4294 15.3494 0
      vertex 21.4294 15.3494 26
    endloop
  endfacet
  facet normal 0.896754 0.44253 0
    outer loop
      vertex 21.4294 15.3494 0
      vertex 21.5278 15.15 26
      vertex 21.5278 15.15 0
    endloop
  endfacet
  facet normal 0.997872 -0.0652057 0
    outer loop
      vertex 21.3 16 26
      vertex 21.3145 16.2219 0
      vertex 21.3145 16.2219 26
    endloop
  endfacet
  facet normal 0.997872 -0.0652057 0
    outer loop
      vertex 21.3145 16.2219 0
      vertex 21.3 16 26
      vertex 21.3 16 0
    endloop
  endfacet
  facet normal 0.98077 -0.195165 0
    outer loop
      vertex 21.3145 16.2219 26
      vertex 21.3579 16.44 0
      vertex 21.3579 16.44 26
    endloop
  endfacet
  facet normal 0.98077 -0.195165 0
    outer loop
      vertex 21.3579 16.44 0
      vertex 21.3145 16.2219 26
      vertex 21.3145 16.2219 0
    endloop
  endfacet
  facet normal 0.946915 -0.321484 0
    outer loop
      vertex 21.3579 16.44 26
      vertex 21.4294 16.6506 0
      vertex 21.4294 16.6506 26
    endloop
  endfacet
  facet normal 0.946915 -0.321484 0
    outer loop
      vertex 21.4294 16.6506 0
      vertex 21.3579 16.44 26
      vertex 21.3579 16.44 0
    endloop
  endfacet
  facet normal -0.659268 0.751908 0
    outer loop
      vertex 24.2021 14.7979 0
      vertex 24.0349 14.6513 26
      vertex 24.2021 14.7979 26
    endloop
  endfacet
  facet normal -0.659268 0.751908 0
    outer loop
      vertex 24.0349 14.6513 26
      vertex 24.2021 14.7979 0
      vertex 24.0349 14.6513 0
    endloop
  endfacet
  facet normal 1 0 0
    outer loop
      vertex 29 -9 26
      vertex 29 -21 26
      vertex 29 -9 22.75
    endloop
  endfacet
  facet normal 1 0 0
    outer loop
      vertex 29 9 22.75
      vertex 29 -3.2 5.01
      vertex 29 3.2 5.01
    endloop
  endfacet
  facet normal 1 -0 0
    outer loop
      vertex 29 -9 22.75
      vertex 29 -3.2 5.01
      vertex 29 9 22.75
    endloop
  endfacet
  facet normal 1 0 0
    outer loop
      vertex 29 -21 0
      vertex 29 -3.2 5.01
      vertex 29 -9 22.75
    endloop
  endfacet
  facet normal 1 0 0
    outer loop
      vertex 29 -21 0
      vertex 29 -9 22.75
      vertex 29 -21 26
    endloop
  endfacet
  facet normal 1 0 0
    outer loop
      vertex 29 -3.2 5.01
      vertex 29 -21 0
      vertex 29 -3.2 0
    endloop
  endfacet
  facet normal 1 0 0
    outer loop
      vertex 29 9 22.75
      vertex 29 21 26
      vertex 29 9 26
    endloop
  endfacet
  facet normal 1 0 0
    outer loop
      vertex 29 21 26
      vertex 29 9 22.75
      vertex 29 21 0
    endloop
  endfacet
  facet normal 1 -0 0
    outer loop
      vertex 29 3.2 5.01
      vertex 29 21 0
      vertex 29 9 22.75
    endloop
  endfacet
  facet normal 1 0 0
    outer loop
      vertex 29 21 0
      vertex 29 3.2 5.01
      vertex 29 3.2 0
    endloop
  endfacet
  facet normal 0 0 1
    outer loop
      vertex 24.6855 15.7781 26
      vertex 29 21 26
      vertex 24.7 16 26
    endloop
  endfacet
  facet normal 0 0 1
    outer loop
      vertex 29 21 26
      vertex 24.6855 16.2219 26
      vertex 24.7 16 26
    endloop
  endfacet
  facet normal 0 0 1
    outer loop
      vertex 29 21 26
      vertex 24.6421 16.44 26
      vertex 24.6855 16.2219 26
    endloop
  endfacet
  facet normal 0 0 1
    outer loop
      vertex 29 21 26
      vertex 24.5706 16.6506 26
      vertex 24.6421 16.44 26
    endloop
  endfacet
  facet normal 0 0 1
    outer loop
      vertex 29 21 26
      vertex 24.4722 16.85 26
      vertex 24.5706 16.6506 26
    endloop
  endfacet
  facet normal 0 0 1
    outer loop
      vertex 29 21 26
      vertex 24.3487 17.0349 26
      vertex 24.4722 16.85 26
    endloop
  endfacet
  facet normal 0 0 1
    outer loop
      vertex 29 21 26
      vertex 24.2021 17.2021 26
      vertex 24.3487 17.0349 26
    endloop
  endfacet
  facet normal 0 0 1
    outer loop
      vertex 29 21 26
      vertex 24.0349 17.3487 26
      vertex 24.2021 17.2021 26
    endloop
  endfacet
  facet normal 0 0 1
    outer loop
      vertex 29 21 26
      vertex 23.85 17.4722 26
      vertex 24.0349 17.3487 26
    endloop
  endfacet
  facet normal 0 0 1
    outer loop
      vertex 29 21 26
      vertex 23.6506 17.5706 26
      vertex 23.85 17.4722 26
    endloop
  endfacet
  facet normal 0 0 1
    outer loop
      vertex 29 21 26
      vertex 23.44 17.6421 26
      vertex 23.6506 17.5706 26
    endloop
  endfacet
  facet normal 0 0 1
    outer loop
      vertex 29 21 26
      vertex 23.2219 17.6855 26
      vertex 23.44 17.6421 26
    endloop
  endfacet
  facet normal 0 0 1
    outer loop
      vertex 29 21 26
      vertex 23 17.7 26
      vertex 23.2219 17.6855 26
    endloop
  endfacet
  facet normal 0 0 1
    outer loop
      vertex 29 21 26
      vertex 22.7781 17.6855 26
      vertex 23 17.7 26
    endloop
  endfacet
  facet normal 0 0 1
    outer loop
      vertex 29 21 26
      vertex 22.56 17.6421 26
      vertex 22.7781 17.6855 26
    endloop
  endfacet
  facet normal 0 0 1
    outer loop
      vertex 29 21 26
      vertex 22.3494 17.5706 26
      vertex 22.56 17.6421 26
    endloop
  endfacet
  facet normal 0 0 1
    outer loop
      vertex -22.3494 17.5706 26
      vertex 22.3494 17.5706 26
      vertex 29 21 26
    endloop
  endfacet
  facet normal 0 0 1
    outer loop
      vertex 21.3145 16.2219 26
      vertex 15.75 12.3 26
      vertex 21.3 16 26
    endloop
  endfacet
  facet normal 0 0 1
    outer loop
      vertex 21.3579 16.44 26
      vertex 15.75 12.3 26
      vertex 21.3145 16.2219 26
    endloop
  endfacet
  facet normal 0 0 1
    outer loop
      vertex 21.4294 16.6506 26
      vertex 15.75 12.3 26
      vertex 21.3579 16.44 26
    endloop
  endfacet
  facet normal 0 0 1
    outer loop
      vertex 21.5278 16.85 26
      vertex 15.75 12.3 26
      vertex 21.4294 16.6506 26
    endloop
  endfacet
  facet normal 0 0 1
    outer loop
      vertex 21.6513 17.0349 26
      vertex 15.75 12.3 26
      vertex 21.5278 16.85 26
    endloop
  endfacet
  facet normal 0 0 1
    outer loop
      vertex 21.7979 17.2021 26
      vertex 15.75 12.3 26
      vertex 21.6513 17.0349 26
    endloop
  endfacet
  facet normal 0 0 1
    outer loop
      vertex -21.7979 17.2021 26
      vertex 21.7979 17.2021 26
      vertex 21.9651 17.3487 26
    endloop
  endfacet
  facet normal 0 0 1
    outer loop
      vertex 21.7979 17.2021 26
      vertex -15.75 12.3 26
      vertex 15.75 12.3 26
    endloop
  endfacet
  facet normal 0 0 1
    outer loop
      vertex -21.9651 17.3487 26
      vertex 21.9651 17.3487 26
      vertex 22.15 17.4722 26
    endloop
  endfacet
  facet normal 0 0 1
    outer loop
      vertex 22.3494 17.5706 26
      vertex -22.3494 17.5706 26
      vertex 22.15 17.4722 26
    endloop
  endfacet
  facet normal -0 0 1
    outer loop
      vertex -21.3145 15.7781 26
      vertex -15.75 12.3 26
      vertex -21.3 16 26
    endloop
  endfacet
  facet normal 0 0 1
    outer loop
      vertex 21.7979 17.2021 26
      vertex -21.7979 17.2021 26
      vertex -15.75 12.3 26
    endloop
  endfacet
  facet normal 0 0 1
    outer loop
      vertex -15.75 12.3 26
      vertex -21.3145 16.2219 26
      vertex -21.3 16 26
    endloop
  endfacet
  facet normal 0 0 1
    outer loop
      vertex -15.75 12.3 26
      vertex -21.3579 16.44 26
      vertex -21.3145 16.2219 26
    endloop
  endfacet
  facet normal 0 0 1
    outer loop
      vertex -15.75 12.3 26
      vertex -21.4294 16.6506 26
      vertex -21.3579 16.44 26
    endloop
  endfacet
  facet normal 0 0 1
    outer loop
      vertex -15.75 12.3 26
      vertex -21.5278 16.85 26
      vertex -21.4294 16.6506 26
    endloop
  endfacet
  facet normal 0 0 1
    outer loop
      vertex -15.75 12.3 26
      vertex -21.6513 17.0349 26
      vertex -21.5278 16.85 26
    endloop
  endfacet
  facet normal 0 0 1
    outer loop
      vertex -15.75 12.3 26
      vertex -21.7979 17.2021 26
      vertex -21.6513 17.0349 26
    endloop
  endfacet
  facet normal 0 0 1
    outer loop
      vertex 21.9651 17.3487 26
      vertex -21.9651 17.3487 26
      vertex -21.7979 17.2021 26
    endloop
  endfacet
  facet normal 0 0 1
    outer loop
      vertex 22.15 17.4722 26
      vertex -22.15 17.4722 26
      vertex -21.9651 17.3487 26
    endloop
  endfacet
  facet normal 0 0 1
    outer loop
      vertex 22.15 17.4722 26
      vertex -22.3494 17.5706 26
      vertex -22.15 17.4722 26
    endloop
  endfacet
  facet normal -0 0 1
    outer loop
      vertex -29 21 26
      vertex -22.3494 17.5706 26
      vertex 29 21 26
    endloop
  endfacet
  facet normal 0 0 1
    outer loop
      vertex -22.3494 17.5706 26
      vertex -29 21 26
      vertex -22.56 17.6421 26
    endloop
  endfacet
  facet normal 0 0 1
    outer loop
      vertex -22.56 17.6421 26
      vertex -29 21 26
      vertex -22.7781 17.6855 26
    endloop
  endfacet
  facet normal 0 0 1
    outer loop
      vertex -24.6855 16.2219 26
      vertex -29 21 26
      vertex -24.7 16 26
    endloop
  endfacet
  facet normal 0 0 1
    outer loop
      vertex -24.6421 16.44 26
      vertex -29 21 26
      vertex -24.6855 16.2219 26
    endloop
  endfacet
  facet normal 0 0 1
    outer loop
      vertex -24.5706 16.6506 26
      vertex -29 21 26
      vertex -24.6421 16.44 26
    endloop
  endfacet
  facet normal 0 0 1
    outer loop
      vertex -24.4722 16.85 26
      vertex -29 21 26
      vertex -24.5706 16.6506 26
    endloop
  endfacet
  facet normal 0 0 1
    outer loop
      vertex -24.3487 17.0349 26
      vertex -29 21 26
      vertex -24.4722 16.85 26
    endloop
  endfacet
  facet normal 0 0 1
    outer loop
      vertex -24.2021 17.2021 26
      vertex -29 21 26
      vertex -24.3487 17.0349 26
    endloop
  endfacet
  facet normal 0 0 1
    outer loop
      vertex -24.0349 17.3487 26
      vertex -29 21 26
      vertex -24.2021 17.2021 26
    endloop
  endfacet
  facet normal 0 0 1
    outer loop
      vertex -23.85 17.4722 26
      vertex -29 21 26
      vertex -24.0349 17.3487 26
    endloop
  endfacet
  facet normal 0 0 1
    outer loop
      vertex -23.6506 17.5706 26
      vertex -29 21 26
      vertex -23.85 17.4722 26
    endloop
  endfacet
  facet normal 0 0 1
    outer loop
      vertex -23.44 17.6421 26
      vertex -29 21 26
      vertex -23.6506 17.5706 26
    endloop
  endfacet
  facet normal 0 0 1
    outer loop
      vertex -23.2219 17.6855 26
      vertex -29 21 26
      vertex -23.44 17.6421 26
    endloop
  endfacet
  facet normal 0 0 1
    outer loop
      vertex -23 17.7 26
      vertex -29 21 26
      vertex -23.2219 17.6855 26
    endloop
  endfacet
  facet normal 0 0 1
    outer loop
      vertex -22.7781 17.6855 26
      vertex -29 21 26
      vertex -23 17.7 26
    endloop
  endfacet
  facet normal 0 0 1
    outer loop
      vertex 29 21 26
      vertex 24.6855 15.7781 26
      vertex 29 9 26
    endloop
  endfacet
  facet normal -0 0 1
    outer loop
      vertex 24.6421 15.56 26
      vertex 29 9 26
      vertex 24.6855 15.7781 26
    endloop
  endfacet
  facet normal -0 0 1
    outer loop
      vertex 24.5706 15.3494 26
      vertex 29 9 26
      vertex 24.6421 15.56 26
    endloop
  endfacet
  facet normal -0 0 1
    outer loop
      vertex 24.4722 15.15 26
      vertex 29 9 26
      vertex 24.5706 15.3494 26
    endloop
  endfacet
  facet normal -0 0 1
    outer loop
      vertex 24.3487 14.9651 26
      vertex 29 9 26
      vertex 24.4722 15.15 26
    endloop
  endfacet
  facet normal -0 0 1
    outer loop
      vertex 24.2021 14.7979 26
      vertex 29 9 26
      vertex 24.3487 14.9651 26
    endloop
  endfacet
  facet normal -0 0 1
    outer loop
      vertex 24.0349 14.6513 26
      vertex 29 9 26
      vertex 24.2021 14.7979 26
    endloop
  endfacet
  facet normal -0 0 1
    outer loop
      vertex 23.85 14.5278 26
      vertex 29 9 26
      vertex 24.0349 14.6513 26
    endloop
  endfacet
  facet normal -0 0 1
    outer loop
      vertex 23.6506 14.4294 26
      vertex 29 9 26
      vertex 23.85 14.5278 26
    endloop
  endfacet
  facet normal -0 0 1
    outer loop
      vertex 23.44 14.3579 26
      vertex 29 9 26
      vertex 23.6506 14.4294 26
    endloop
  endfacet
  facet normal -0 0 1
    outer loop
      vertex 23.2219 14.3145 26
      vertex 29 9 26
      vertex 23.44 14.3579 26
    endloop
  endfacet
  facet normal -0 0 1
    outer loop
      vertex 23 14.3 26
      vertex 29 9 26
      vertex 23.2219 14.3145 26
    endloop
  endfacet
  facet normal 0 0 1
    outer loop
      vertex 22.7781 14.3145 26
      vertex 29 9 26
      vertex 23 14.3 26
    endloop
  endfacet
  facet normal 0 0 1
    outer loop
      vertex 15.75 9 26
      vertex 22.7781 14.3145 26
      vertex 22.56 14.3579 26
    endloop
  endfacet
  facet normal 0 0 1
    outer loop
      vertex 15.75 9 26
      vertex 22.56 14.3579 26
      vertex 22.3494 14.4294 26
    endloop
  endfacet
  facet normal 0 0 1
    outer loop
      vertex 15.75 9 26
      vertex 22.3494 14.4294 26
      vertex 22.15 14.5278 26
    endloop
  endfacet
  facet normal 0 0 1
    outer loop
      vertex 15.75 12.3 26
      vertex 22.15 14.5278 26
      vertex 21.9651 14.6513 26
    endloop
  endfacet
  facet normal 0 0 1
    outer loop
      vertex 15.75 12.3 26
      vertex 21.3145 15.7781 26
      vertex 21.3 16 26
    endloop
  endfacet
  facet normal 0 0 1
    outer loop
      vertex 15.75 12.3 26
      vertex 21.3579 15.56 26
      vertex 21.3145 15.7781 26
    endloop
  endfacet
  facet normal 0 0 1
    outer loop
      vertex 15.75 12.3 26
      vertex 21.4294 15.3494 26
      vertex 21.3579 15.56 26
    endloop
  endfacet
  facet normal 0 0 1
    outer loop
      vertex 15.75 12.3 26
      vertex 21.5278 15.15 26
      vertex 21.4294 15.3494 26
    endloop
  endfacet
  facet normal 0 0 1
    outer loop
      vertex 15.75 12.3 26
      vertex 21.6513 14.9651 26
      vertex 21.5278 15.15 26
    endloop
  endfacet
  facet normal 0 0 1
    outer loop
      vertex 15.75 12.3 26
      vertex 21.7979 14.7979 26
      vertex 21.6513 14.9651 26
    endloop
  endfacet
  facet normal 0 0 1
    outer loop
      vertex 15.75 12.3 26
      vertex 21.9651 14.6513 26
      vertex 21.7979 14.7979 26
    endloop
  endfacet
  facet normal 0 0 1
    outer loop
      vertex 22.15 14.5278 26
      vertex 15.75 12.3 26
      vertex 15.75 9 26
    endloop
  endfacet
  facet normal 0 0 1
    outer loop
      vertex 22.7781 14.3145 26
      vertex 15.75 9 26
      vertex 29 9 26
    endloop
  endfacet
  facet normal -0 0 1
    outer loop
      vertex -21.3579 15.56 26
      vertex -15.75 12.3 26
      vertex -21.3145 15.7781 26
    endloop
  endfacet
  facet normal -0 0 1
    outer loop
      vertex -21.4294 15.3494 26
      vertex -15.75 12.3 26
      vertex -21.3579 15.56 26
    endloop
  endfacet
  facet normal -0 0 1
    outer loop
      vertex -21.5278 15.15 26
      vertex -15.75 12.3 26
      vertex -21.4294 15.3494 26
    endloop
  endfacet
  facet normal -0 0 1
    outer loop
      vertex -21.6513 14.9651 26
      vertex -15.75 12.3 26
      vertex -21.5278 15.15 26
    endloop
  endfacet
  facet normal -0 0 1
    outer loop
      vertex -21.7979 14.7979 26
      vertex -15.75 12.3 26
      vertex -21.6513 14.9651 26
    endloop
  endfacet
  facet normal -0 0 1
    outer loop
      vertex -21.9651 14.6513 26
      vertex -15.75 12.3 26
      vertex -21.7979 14.7979 26
    endloop
  endfacet
  facet normal -0 0 1
    outer loop
      vertex -22.15 14.5278 26
      vertex -15.75 12.3 26
      vertex -21.9651 14.6513 26
    endloop
  endfacet
  facet normal 0 0 1
    outer loop
      vertex -15.75 12.3 26
      vertex -22.15 14.5278 26
      vertex -15.75 9 26
    endloop
  endfacet
  facet normal -0 0 1
    outer loop
      vertex -22.3494 14.4294 26
      vertex -15.75 9 26
      vertex -22.15 14.5278 26
    endloop
  endfacet
  facet normal -0 0 1
    outer loop
      vertex -22.56 14.3579 26
      vertex -15.75 9 26
      vertex -22.3494 14.4294 26
    endloop
  endfacet
  facet normal -0 0 1
    outer loop
      vertex -22.7781 14.3145 26
      vertex -15.75 9 26
      vertex -22.56 14.3579 26
    endloop
  endfacet
  facet normal 0 0 1
    outer loop
      vertex -29 9 26
      vertex -22.7781 14.3145 26
      vertex -23 14.3 26
    endloop
  endfacet
  facet normal 0 0 1
    outer loop
      vertex -29 9 26
      vertex -23 14.3 26
      vertex -23.2219 14.3145 26
    endloop
  endfacet
  facet normal 0 0 1
    outer loop
      vertex -29 9 26
      vertex -23.2219 14.3145 26
      vertex -23.44 14.3579 26
    endloop
  endfacet
  facet normal 0 0 1
    outer loop
      vertex -29 9 26
      vertex -23.44 14.3579 26
      vertex -23.6506 14.4294 26
    endloop
  endfacet
  facet normal 0 0 1
    outer loop
      vertex -29 9 26
      vertex -23.6506 14.4294 26
      vertex -23.85 14.5278 26
    endloop
  endfacet
  facet normal 0 0 1
    outer loop
      vertex -29 9 26
      vertex -23.85 14.5278 26
      vertex -24.0349 14.6513 26
    endloop
  endfacet
  facet normal 0 0 1
    outer loop
      vertex -29 21 26
      vertex -24.6855 15.7781 26
      vertex -24.7 16 26
    endloop
  endfacet
  facet normal 0 0 1
    outer loop
      vertex -29 9 26
      vertex -24.6855 15.7781 26
      vertex -29 21 26
    endloop
  endfacet
  facet normal 0 0 1
    outer loop
      vertex -24.6855 15.7781 26
      vertex -29 9 26
      vertex -24.6421 15.56 26
    endloop
  endfacet
  facet normal 0 0 1
    outer loop
      vertex -24.6421 15.56 26
      vertex -29 9 26
      vertex -24.5706 15.3494 26
    endloop
  endfacet
  facet normal 0 0 1
    outer loop
      vertex -24.5706 15.3494 26
      vertex -29 9 26
      vertex -24.4722 15.15 26
    endloop
  endfacet
  facet normal 0 0 1
    outer loop
      vertex -22.7781 14.3145 26
      vertex -29 9 26
      vertex -15.75 9 26
    endloop
  endfacet
  facet normal 0 0 1
    outer loop
      vertex -24.2021 14.7979 26
      vertex -29 9 26
      vertex -24.0349 14.6513 26
    endloop
  endfacet
  facet normal 0 0 1
    outer loop
      vertex -24.3487 14.9651 26
      vertex -29 9 26
      vertex -24.2021 14.7979 26
    endloop
  endfacet
  facet normal 0 0 1
    outer loop
      vertex -24.4722 15.15 26
      vertex -29 9 26
      vertex -24.3487 14.9651 26
    endloop
  endfacet
  facet normal 0 0 1
    outer loop
      vertex -22.15 -14.5278 26
      vertex -15.75 -12.3 26
      vertex -15.75 -9 26
    endloop
  endfacet
  facet normal 0 0 1
    outer loop
      vertex -15.75 -12.3 26
      vertex -21.3145 -15.7781 26
      vertex -21.3 -16 26
    endloop
  endfacet
  facet normal 0 0 1
    outer loop
      vertex -15.75 -12.3 26
      vertex -21.3579 -15.56 26
      vertex -21.3145 -15.7781 26
    endloop
  endfacet
  facet normal 0 0 1
    outer loop
      vertex -15.75 -12.3 26
      vertex -21.4294 -15.3494 26
      vertex -21.3579 -15.56 26
    endloop
  endfacet
  facet normal 0 0 1
    outer loop
      vertex -15.75 -12.3 26
      vertex -21.5278 -15.15 26
      vertex -21.4294 -15.3494 26
    endloop
  endfacet
  facet normal 0 0 1
    outer loop
      vertex -15.75 -12.3 26
      vertex -21.6513 -14.9651 26
      vertex -21.5278 -15.15 26
    endloop
  endfacet
  facet normal 0 0 1
    outer loop
      vertex -15.75 -12.3 26
      vertex -21.7979 -14.7979 26
      vertex -21.6513 -14.9651 26
    endloop
  endfacet
  facet normal 0 0 1
    outer loop
      vertex -15.75 -12.3 26
      vertex -21.9651 -14.6513 26
      vertex -21.7979 -14.7979 26
    endloop
  endfacet
  facet normal 0 0 1
    outer loop
      vertex -15.75 -12.3 26
      vertex -22.15 -14.5278 26
      vertex -21.9651 -14.6513 26
    endloop
  endfacet
  facet normal 0 0 1
    outer loop
      vertex -15.75 -9 26
      vertex -22.3494 -14.4294 26
      vertex -22.15 -14.5278 26
    endloop
  endfacet
  facet normal 0 0 1
    outer loop
      vertex -15.75 -9 26
      vertex -22.56 -14.3579 26
      vertex -22.3494 -14.4294 26
    endloop
  endfacet
  facet normal 0 0 1
    outer loop
      vertex -15.75 -9 26
      vertex -22.7781 -14.3145 26
      vertex -22.56 -14.3579 26
    endloop
  endfacet
  facet normal -0 0 1
    outer loop
      vertex -29 -9 26
      vertex -22.7781 -14.3145 26
      vertex -15.75 -9 26
    endloop
  endfacet
  facet normal 0 0 1
    outer loop
      vertex -22.7781 -14.3145 26
      vertex -29 -9 26
      vertex -23 -14.3 26
    endloop
  endfacet
  facet normal 0 0 1
    outer loop
      vertex -23 -14.3 26
      vertex -29 -9 26
      vertex -23.2219 -14.3145 26
    endloop
  endfacet
  facet normal 0 0 1
    outer loop
      vertex -23.2219 -14.3145 26
      vertex -29 -9 26
      vertex -23.44 -14.3579 26
    endloop
  endfacet
  facet normal 0 0 1
    outer loop
      vertex -23.44 -14.3579 26
      vertex -29 -9 26
      vertex -23.6506 -14.4294 26
    endloop
  endfacet
  facet normal 0 0 1
    outer loop
      vertex -23.6506 -14.4294 26
      vertex -29 -9 26
      vertex -23.85 -14.5278 26
    endloop
  endfacet
  facet normal 0 0 1
    outer loop
      vertex -29 -21 26
      vertex -24.6855 -15.7781 26
      vertex -29 -9 26
    endloop
  endfacet
  facet normal 0 0 1
    outer loop
      vertex -24.6421 -15.56 26
      vertex -29 -9 26
      vertex -24.6855 -15.7781 26
    endloop
  endfacet
  facet normal 0 0 1
    outer loop
      vertex -24.5706 -15.3494 26
      vertex -29 -9 26
      vertex -24.6421 -15.56 26
    endloop
  endfacet
  facet normal 0 0 1
    outer loop
      vertex -24.4722 -15.15 26
      vertex -29 -9 26
      vertex -24.5706 -15.3494 26
    endloop
  endfacet
  facet normal 0 0 1
    outer loop
      vertex -24.3487 -14.9651 26
      vertex -29 -9 26
      vertex -24.4722 -15.15 26
    endloop
  endfacet
  facet normal 0 0 1
    outer loop
      vertex -24.2021 -14.7979 26
      vertex -29 -9 26
      vertex -24.3487 -14.9651 26
    endloop
  endfacet
  facet normal 0 0 1
    outer loop
      vertex -24.0349 -14.6513 26
      vertex -29 -9 26
      vertex -24.2021 -14.7979 26
    endloop
  endfacet
  facet normal 0 0 1
    outer loop
      vertex -23.85 -14.5278 26
      vertex -29 -9 26
      vertex -24.0349 -14.6513 26
    endloop
  endfacet
  facet normal -0 0 1
    outer loop
      vertex 24.6855 -15.7781 26
      vertex 29 -21 26
      vertex 29 -9 26
    endloop
  endfacet
  facet normal 0 0 1
    outer loop
      vertex 29 -21 26
      vertex 24.6855 -15.7781 26
      vertex 24.7 -16 26
    endloop
  endfacet
  facet normal 0 0 1
    outer loop
      vertex 29 -9 26
      vertex 24.6421 -15.56 26
      vertex 24.6855 -15.7781 26
    endloop
  endfacet
  facet normal 0 0 1
    outer loop
      vertex 29 -9 26
      vertex 24.5706 -15.3494 26
      vertex 24.6421 -15.56 26
    endloop
  endfacet
  facet normal 0 0 1
    outer loop
      vertex 29 -9 26
      vertex 24.4722 -15.15 26
      vertex 24.5706 -15.3494 26
    endloop
  endfacet
  facet normal 0 0 1
    outer loop
      vertex 29 -9 26
      vertex 24.3487 -14.9651 26
      vertex 24.4722 -15.15 26
    endloop
  endfacet
  facet normal 0 0 1
    outer loop
      vertex 29 -9 26
      vertex 24.2021 -14.7979 26
      vertex 24.3487 -14.9651 26
    endloop
  endfacet
  facet normal 0 0 1
    outer loop
      vertex 29 -9 26
      vertex 24.0349 -14.6513 26
      vertex 24.2021 -14.7979 26
    endloop
  endfacet
  facet normal 0 0 1
    outer loop
      vertex 29 -9 26
      vertex 23.85 -14.5278 26
      vertex 24.0349 -14.6513 26
    endloop
  endfacet
  facet normal 0 0 1
    outer loop
      vertex 29 -9 26
      vertex 23.6506 -14.4294 26
      vertex 23.85 -14.5278 26
    endloop
  endfacet
  facet normal 0 0 1
    outer loop
      vertex 29 -9 26
      vertex 23.44 -14.3579 26
      vertex 23.6506 -14.4294 26
    endloop
  endfacet
  facet normal 0 0 1
    outer loop
      vertex 29 -9 26
      vertex 23.2219 -14.3145 26
      vertex 23.44 -14.3579 26
    endloop
  endfacet
  facet normal 0 0 1
    outer loop
      vertex 29 -9 26
      vertex 23 -14.3 26
      vertex 23.2219 -14.3145 26
    endloop
  endfacet
  facet normal 0 0 1
    outer loop
      vertex 29 -9 26
      vertex 22.7781 -14.3145 26
      vertex 23 -14.3 26
    endloop
  endfacet
  facet normal -0 0 1
    outer loop
      vertex 15.75 -9 26
      vertex 22.7781 -14.3145 26
      vertex 29 -9 26
    endloop
  endfacet
  facet normal 0 0 1
    outer loop
      vertex 22.7781 -14.3145 26
      vertex 15.75 -9 26
      vertex 22.56 -14.3579 26
    endloop
  endfacet
  facet normal 0 0 1
    outer loop
      vertex 22.56 -14.3579 26
      vertex 15.75 -9 26
      vertex 22.3494 -14.4294 26
    endloop
  endfacet
  facet normal 0 0 1
    outer loop
      vertex 22.3494 -14.4294 26
      vertex 15.75 -9 26
      vertex 22.15 -14.5278 26
    endloop
  endfacet
  facet normal 0 0 1
    outer loop
      vertex 21.3579 -15.56 26
      vertex 15.75 -12.3 26
      vertex 21.3145 -15.7781 26
    endloop
  endfacet
  facet normal 0 0 1
    outer loop
      vertex 21.4294 -15.3494 26
      vertex 15.75 -12.3 26
      vertex 21.3579 -15.56 26
    endloop
  endfacet
  facet normal 0 0 1
    outer loop
      vertex 21.5278 -15.15 26
      vertex 15.75 -12.3 26
      vertex 21.4294 -15.3494 26
    endloop
  endfacet
  facet normal 0 0 1
    outer loop
      vertex 21.6513 -14.9651 26
      vertex 15.75 -12.3 26
      vertex 21.5278 -15.15 26
    endloop
  endfacet
  facet normal 0 0 1
    outer loop
      vertex 21.7979 -14.7979 26
      vertex 15.75 -12.3 26
      vertex 21.6513 -14.9651 26
    endloop
  endfacet
  facet normal 0 0 1
    outer loop
      vertex 21.9651 -14.6513 26
      vertex 15.75 -12.3 26
      vertex 21.7979 -14.7979 26
    endloop
  endfacet
  facet normal 0 0 1
    outer loop
      vertex 22.15 -14.5278 26
      vertex 15.75 -12.3 26
      vertex 21.9651 -14.6513 26
    endloop
  endfacet
  facet normal -0 0 1
    outer loop
      vertex 15.75 -12.3 26
      vertex 22.15 -14.5278 26
      vertex 15.75 -9 26
    endloop
  endfacet
  facet normal -0 0 1
    outer loop
      vertex 24.6855 -16.2219 26
      vertex 29 -21 26
      vertex 24.7 -16 26
    endloop
  endfacet
  facet normal -0 0 1
    outer loop
      vertex 24.6421 -16.44 26
      vertex 29 -21 26
      vertex 24.6855 -16.2219 26
    endloop
  endfacet
  facet normal -0 0 1
    outer loop
      vertex 24.5706 -16.6506 26
      vertex 29 -21 26
      vertex 24.6421 -16.44 26
    endloop
  endfacet
  facet normal -0 0 1
    outer loop
      vertex 24.4722 -16.85 26
      vertex 29 -21 26
      vertex 24.5706 -16.6506 26
    endloop
  endfacet
  facet normal -0 0 1
    outer loop
      vertex 24.3487 -17.0349 26
      vertex 29 -21 26
      vertex 24.4722 -16.85 26
    endloop
  endfacet
  facet normal -0 0 1
    outer loop
      vertex 24.2021 -17.2021 26
      vertex 29 -21 26
      vertex 24.3487 -17.0349 26
    endloop
  endfacet
  facet normal -0 0 1
    outer loop
      vertex 24.0349 -17.3487 26
      vertex 29 -21 26
      vertex 24.2021 -17.2021 26
    endloop
  endfacet
  facet normal -0 0 1
    outer loop
      vertex 23.85 -17.4722 26
      vertex 29 -21 26
      vertex 24.0349 -17.3487 26
    endloop
  endfacet
  facet normal -0 0 1
    outer loop
      vertex 23.6506 -17.5706 26
      vertex 29 -21 26
      vertex 23.85 -17.4722 26
    endloop
  endfacet
  facet normal -0 0 1
    outer loop
      vertex 23.44 -17.6421 26
      vertex 29 -21 26
      vertex 23.6506 -17.5706 26
    endloop
  endfacet
  facet normal -0 0 1
    outer loop
      vertex 23.2219 -17.6855 26
      vertex 29 -21 26
      vertex 23.44 -17.6421 26
    endloop
  endfacet
  facet normal -0 0 1
    outer loop
      vertex 23 -17.7 26
      vertex 29 -21 26
      vertex 23.2219 -17.6855 26
    endloop
  endfacet
  facet normal 0 0 1
    outer loop
      vertex 22.7781 -17.6855 26
      vertex 29 -21 26
      vertex 23 -17.7 26
    endloop
  endfacet
  facet normal 0 0 1
    outer loop
      vertex 22.56 -17.6421 26
      vertex 29 -21 26
      vertex 22.7781 -17.6855 26
    endloop
  endfacet
  facet normal 0 0 1
    outer loop
      vertex 22.3494 -17.5706 26
      vertex 29 -21 26
      vertex 22.56 -17.6421 26
    endloop
  endfacet
  facet normal 0 0 1
    outer loop
      vertex -22.3494 -17.5706 26
      vertex 22.3494 -17.5706 26
      vertex 22.15 -17.4722 26
    endloop
  endfacet
  facet normal 0 0 1
    outer loop
      vertex 21.3145 -15.7781 26
      vertex 15.75 -12.3 26
      vertex 21.3 -16 26
    endloop
  endfacet
  facet normal 0 0 1
    outer loop
      vertex 21.3 -16 26
      vertex 15.75 -12.3 26
      vertex 21.3145 -16.2219 26
    endloop
  endfacet
  facet normal 0 0 1
    outer loop
      vertex 21.3145 -16.2219 26
      vertex 15.75 -12.3 26
      vertex 21.3579 -16.44 26
    endloop
  endfacet
  facet normal 0 0 1
    outer loop
      vertex 21.3579 -16.44 26
      vertex 15.75 -12.3 26
      vertex 21.4294 -16.6506 26
    endloop
  endfacet
  facet normal 0 0 1
    outer loop
      vertex 21.4294 -16.6506 26
      vertex 15.75 -12.3 26
      vertex 21.5278 -16.85 26
    endloop
  endfacet
  facet normal 0 0 1
    outer loop
      vertex 21.5278 -16.85 26
      vertex 15.75 -12.3 26
      vertex 21.6513 -17.0349 26
    endloop
  endfacet
  facet normal 0 0 1
    outer loop
      vertex 15.75 -12.3 26
      vertex 21.7979 -17.2021 26
      vertex 21.6513 -17.0349 26
    endloop
  endfacet
  facet normal -0 0 1
    outer loop
      vertex -15.75 -12.3 26
      vertex 21.7979 -17.2021 26
      vertex 15.75 -12.3 26
    endloop
  endfacet
  facet normal 0 0 1
    outer loop
      vertex -21.7979 -17.2021 26
      vertex 21.7979 -17.2021 26
      vertex -15.75 -12.3 26
    endloop
  endfacet
  facet normal 0 0 1
    outer loop
      vertex 21.7979 -17.2021 26
      vertex -21.7979 -17.2021 26
      vertex 21.9651 -17.3487 26
    endloop
  endfacet
  facet normal 0 0 1
    outer loop
      vertex -21.9651 -17.3487 26
      vertex 21.9651 -17.3487 26
      vertex -21.7979 -17.2021 26
    endloop
  endfacet
  facet normal 0 0 1
    outer loop
      vertex -21.3145 -16.2219 26
      vertex -15.75 -12.3 26
      vertex -21.3 -16 26
    endloop
  endfacet
  facet normal 0 0 1
    outer loop
      vertex -21.3579 -16.44 26
      vertex -15.75 -12.3 26
      vertex -21.3145 -16.2219 26
    endloop
  endfacet
  facet normal 0 0 1
    outer loop
      vertex -21.4294 -16.6506 26
      vertex -15.75 -12.3 26
      vertex -21.3579 -16.44 26
    endloop
  endfacet
  facet normal 0 0 1
    outer loop
      vertex -21.5278 -16.85 26
      vertex -15.75 -12.3 26
      vertex -21.4294 -16.6506 26
    endloop
  endfacet
  facet normal 0 0 1
    outer loop
      vertex -21.6513 -17.0349 26
      vertex -15.75 -12.3 26
      vertex -21.5278 -16.85 26
    endloop
  endfacet
  facet normal 0 0 1
    outer loop
      vertex -21.7979 -17.2021 26
      vertex -15.75 -12.3 26
      vertex -21.6513 -17.0349 26
    endloop
  endfacet
  facet normal 0 0 1
    outer loop
      vertex 21.9651 -17.3487 26
      vertex -21.9651 -17.3487 26
      vertex 22.15 -17.4722 26
    endloop
  endfacet
  facet normal 0 0 1
    outer loop
      vertex -22.15 -17.4722 26
      vertex 22.15 -17.4722 26
      vertex -21.9651 -17.3487 26
    endloop
  endfacet
  facet normal 0 0 1
    outer loop
      vertex -22.3494 -17.5706 26
      vertex 22.15 -17.4722 26
      vertex -22.15 -17.4722 26
    endloop
  endfacet
  facet normal 0 0 1
    outer loop
      vertex 22.3494 -17.5706 26
      vertex -22.3494 -17.5706 26
      vertex 29 -21 26
    endloop
  endfacet
  facet normal 0 0 1
    outer loop
      vertex -29 -21 26
      vertex -22.3494 -17.5706 26
      vertex -22.56 -17.6421 26
    endloop
  endfacet
  facet normal 0 0 1
    outer loop
      vertex -29 -21 26
      vertex -22.56 -17.6421 26
      vertex -22.7781 -17.6855 26
    endloop
  endfacet
  facet normal 0 0 1
    outer loop
      vertex -29 -21 26
      vertex -22.7781 -17.6855 26
      vertex -23 -17.7 26
    endloop
  endfacet
  facet normal 0 0 1
    outer loop
      vertex -24.6855 -15.7781 26
      vertex -29 -21 26
      vertex -24.7 -16 26
    endloop
  endfacet
  facet normal 0 0 1
    outer loop
      vertex -24.7 -16 26
      vertex -29 -21 26
      vertex -24.6855 -16.2219 26
    endloop
  endfacet
  facet normal 0 0 1
    outer loop
      vertex -24.6855 -16.2219 26
      vertex -29 -21 26
      vertex -24.6421 -16.44 26
    endloop
  endfacet
  facet normal 0 0 1
    outer loop
      vertex -24.6421 -16.44 26
      vertex -29 -21 26
      vertex -24.5706 -16.6506 26
    endloop
  endfacet
  facet normal 0 0 1
    outer loop
      vertex -22.3494 -17.5706 26
      vertex -29 -21 26
      vertex 29 -21 26
    endloop
  endfacet
  facet normal 0 0 1
    outer loop
      vertex -23.2219 -17.6855 26
      vertex -29 -21 26
      vertex -23 -17.7 26
    endloop
  endfacet
  facet normal 0 0 1
    outer loop
      vertex -23.44 -17.6421 26
      vertex -29 -21 26
      vertex -23.2219 -17.6855 26
    endloop
  endfacet
  facet normal 0 0 1
    outer loop
      vertex -23.6506 -17.5706 26
      vertex -29 -21 26
      vertex -23.44 -17.6421 26
    endloop
  endfacet
  facet normal 0 0 1
    outer loop
      vertex -23.85 -17.4722 26
      vertex -29 -21 26
      vertex -23.6506 -17.5706 26
    endloop
  endfacet
  facet normal 0 0 1
    outer loop
      vertex -24.0349 -17.3487 26
      vertex -29 -21 26
      vertex -23.85 -17.4722 26
    endloop
  endfacet
  facet normal 0 0 1
    outer loop
      vertex -24.2021 -17.2021 26
      vertex -29 -21 26
      vertex -24.0349 -17.3487 26
    endloop
  endfacet
  facet normal 0 0 1
    outer loop
      vertex -24.3487 -17.0349 26
      vertex -29 -21 26
      vertex -24.2021 -17.2021 26
    endloop
  endfacet
  facet normal 0 0 1
    outer loop
      vertex -24.4722 -16.85 26
      vertex -29 -21 26
      vertex -24.3487 -17.0349 26
    endloop
  endfacet
  facet normal 0 0 1
    outer loop
      vertex -24.5706 -16.6506 26
      vertex -29 -21 26
      vertex -24.4722 -16.85 26
    endloop
  endfacet
  facet normal 0 0 -1
    outer loop
      vertex -22.7781 14.3145 0
      vertex -20 14 0
      vertex -20 3.2 0
    endloop
  endfacet
  facet normal 0 0 -1
    outer loop
      vertex -20 14 0
      vertex -21.3145 15.7781 0
      vertex -21.3 16 0
    endloop
  endfacet
  facet normal 0 0 -1
    outer loop
      vertex -20 14 0
      vertex -21.3579 15.56 0
      vertex -21.3145 15.7781 0
    endloop
  endfacet
  facet normal 0 0 -1
    outer loop
      vertex -20 14 0
      vertex -21.4294 15.3494 0
      vertex -21.3579 15.56 0
    endloop
  endfacet
  facet normal 0 0 -1
    outer loop
      vertex -20 14 0
      vertex -21.5278 15.15 0
      vertex -21.4294 15.3494 0
    endloop
  endfacet
  facet normal 0 0 -1
    outer loop
      vertex -20 14 0
      vertex -21.6513 14.9651 0
      vertex -21.5278 15.15 0
    endloop
  endfacet
  facet normal 0 0 -1
    outer loop
      vertex -20 14 0
      vertex -21.7979 14.7979 0
      vertex -21.6513 14.9651 0
    endloop
  endfacet
  facet normal 0 0 -1
    outer loop
      vertex -20 14 0
      vertex -21.9651 14.6513 0
      vertex -21.7979 14.7979 0
    endloop
  endfacet
  facet normal 0 0 -1
    outer loop
      vertex -20 14 0
      vertex -22.15 14.5278 0
      vertex -21.9651 14.6513 0
    endloop
  endfacet
  facet normal 0 0 -1
    outer loop
      vertex -20 14 0
      vertex -22.3494 14.4294 0
      vertex -22.15 14.5278 0
    endloop
  endfacet
  facet normal 0 0 -1
    outer loop
      vertex -20 14 0
      vertex -22.56 14.3579 0
      vertex -22.3494 14.4294 0
    endloop
  endfacet
  facet normal 0 0 -1
    outer loop
      vertex -20 14 0
      vertex -22.7781 14.3145 0
      vertex -22.56 14.3579 0
    endloop
  endfacet
  facet normal 0 0 -1
    outer loop
      vertex -20 3.2 0
      vertex -23 14.3 0
      vertex -22.7781 14.3145 0
    endloop
  endfacet
  facet normal 0 0 -1
    outer loop
      vertex -20 3.2 0
      vertex -23.2219 14.3145 0
      vertex -23 14.3 0
    endloop
  endfacet
  facet normal 0 0 -1
    outer loop
      vertex -29 3.2 0
      vertex -23.2219 14.3145 0
      vertex -20 3.2 0
    endloop
  endfacet
  facet normal -0 0 -1
    outer loop
      vertex -23.2219 14.3145 0
      vertex -29 3.2 0
      vertex -23.44 14.3579 0
    endloop
  endfacet
  facet normal -0 0 -1
    outer loop
      vertex -23.44 14.3579 0
      vertex -29 3.2 0
      vertex -23.6506 14.4294 0
    endloop
  endfacet
  facet normal -0 0 -1
    outer loop
      vertex -23.6506 14.4294 0
      vertex -29 3.2 0
      vertex -23.85 14.5278 0
    endloop
  endfacet
  facet normal -0 0 -1
    outer loop
      vertex -23.85 14.5278 0
      vertex -29 3.2 0
      vertex -24.0349 14.6513 0
    endloop
  endfacet
  facet normal -0 0 -1
    outer loop
      vertex -24.0349 14.6513 0
      vertex -29 3.2 0
      vertex -24.2021 14.7979 0
    endloop
  endfacet
  facet normal -0 0 -1
    outer loop
      vertex -24.2021 14.7979 0
      vertex -29 3.2 0
      vertex -24.3487 14.9651 0
    endloop
  endfacet
  facet normal -0 0 -1
    outer loop
      vertex -24.3487 14.9651 0
      vertex -29 3.2 0
      vertex -24.4722 15.15 0
    endloop
  endfacet
  facet normal 0 0 -1
    outer loop
      vertex -24.6421 15.56 0
      vertex -29 21 0
      vertex -24.6855 15.7781 0
    endloop
  endfacet
  facet normal 0 0 -1
    outer loop
      vertex -29 21 0
      vertex -24.6421 15.56 0
      vertex -29 3.2 0
    endloop
  endfacet
  facet normal -0 0 -1
    outer loop
      vertex -24.5706 15.3494 0
      vertex -29 3.2 0
      vertex -24.6421 15.56 0
    endloop
  endfacet
  facet normal -0 0 -1
    outer loop
      vertex -24.4722 15.15 0
      vertex -29 3.2 0
      vertex -24.5706 15.3494 0
    endloop
  endfacet
  facet normal 0 0 -1
    outer loop
      vertex 24.6421 15.56 0
      vertex 29 21 0
      vertex 29 3.2 0
    endloop
  endfacet
  facet normal 0 0 -1
    outer loop
      vertex 29 21 0
      vertex 24.6855 15.7781 0
      vertex 24.7 16 0
    endloop
  endfacet
  facet normal 0 0 -1
    outer loop
      vertex 29 21 0
      vertex 24.6421 15.56 0
      vertex 24.6855 15.7781 0
    endloop
  endfacet
  facet normal 0 0 -1
    outer loop
      vertex 29 3.2 0
      vertex 24.5706 15.3494 0
      vertex 24.6421 15.56 0
    endloop
  endfacet
  facet normal 0 0 -1
    outer loop
      vertex 29 3.2 0
      vertex 24.4722 15.15 0
      vertex 24.5706 15.3494 0
    endloop
  endfacet
  facet normal 0 0 -1
    outer loop
      vertex 29 3.2 0
      vertex 24.3487 14.9651 0
      vertex 24.4722 15.15 0
    endloop
  endfacet
  facet normal 0 0 -1
    outer loop
      vertex 29 3.2 0
      vertex 24.2021 14.7979 0
      vertex 24.3487 14.9651 0
    endloop
  endfacet
  facet normal 0 0 -1
    outer loop
      vertex 29 3.2 0
      vertex 24.0349 14.6513 0
      vertex 24.2021 14.7979 0
    endloop
  endfacet
  facet normal 0 0 -1
    outer loop
      vertex 29 3.2 0
      vertex 23.85 14.5278 0
      vertex 24.0349 14.6513 0
    endloop
  endfacet
  facet normal 0 0 -1
    outer loop
      vertex 29 3.2 0
      vertex 23.6506 14.4294 0
      vertex 23.85 14.5278 0
    endloop
  endfacet
  facet normal 0 0 -1
    outer loop
      vertex 29 3.2 0
      vertex 23.44 14.3579 0
      vertex 23.6506 14.4294 0
    endloop
  endfacet
  facet normal 0 0 -1
    outer loop
      vertex 29 3.2 0
      vertex 23.2219 14.3145 0
      vertex 23.44 14.3579 0
    endloop
  endfacet
  facet normal 0 0 -1
    outer loop
      vertex 20 3.2 0
      vertex 23.2219 14.3145 0
      vertex 29 3.2 0
    endloop
  endfacet
  facet normal 0 0 -1
    outer loop
      vertex 23.2219 14.3145 0
      vertex 20 3.2 0
      vertex 23 14.3 0
    endloop
  endfacet
  facet normal -0 0 -1
    outer loop
      vertex 23 14.3 0
      vertex 20 3.2 0
      vertex 22.7781 14.3145 0
    endloop
  endfacet
  facet normal 0 0 -1
    outer loop
      vertex 20 14 0
      vertex 22.7781 14.3145 0
      vertex 20 3.2 0
    endloop
  endfacet
  facet normal -0 0 -1
    outer loop
      vertex 22.7781 14.3145 0
      vertex 20 14 0
      vertex 22.56 14.3579 0
    endloop
  endfacet
  facet normal -0 0 -1
    outer loop
      vertex 22.56 14.3579 0
      vertex 20 14 0
      vertex 22.3494 14.4294 0
    endloop
  endfacet
  facet normal -0 0 -1
    outer loop
      vertex 22.3494 14.4294 0
      vertex 20 14 0
      vertex 22.15 14.5278 0
    endloop
  endfacet
  facet normal -0 0 -1
    outer loop
      vertex 22.15 14.5278 0
      vertex 20 14 0
      vertex 21.9651 14.6513 0
    endloop
  endfacet
  facet normal -0 0 -1
    outer loop
      vertex 21.9651 14.6513 0
      vertex 20 14 0
      vertex 21.7979 14.7979 0
    endloop
  endfacet
  facet normal -0 0 -1
    outer loop
      vertex 21.3579 15.56 0
      vertex 20 14 0
      vertex 21.3145 15.7781 0
    endloop
  endfacet
  facet normal -0 0 -1
    outer loop
      vertex 21.4294 15.3494 0
      vertex 20 14 0
      vertex 21.3579 15.56 0
    endloop
  endfacet
  facet normal -0 0 -1
    outer loop
      vertex 21.5278 15.15 0
      vertex 20 14 0
      vertex 21.4294 15.3494 0
    endloop
  endfacet
  facet normal -0 0 -1
    outer loop
      vertex 21.6513 14.9651 0
      vertex 20 14 0
      vertex 21.5278 15.15 0
    endloop
  endfacet
  facet normal -0 0 -1
    outer loop
      vertex 21.7979 14.7979 0
      vertex 20 14 0
      vertex 21.6513 14.9651 0
    endloop
  endfacet
  facet normal 0 0 -1
    outer loop
      vertex 24.6855 16.2219 0
      vertex 29 21 0
      vertex 24.7 16 0
    endloop
  endfacet
  facet normal 0 0 -1
    outer loop
      vertex 24.6421 16.44 0
      vertex 29 21 0
      vertex 24.6855 16.2219 0
    endloop
  endfacet
  facet normal 0 0 -1
    outer loop
      vertex 24.5706 16.6506 0
      vertex 29 21 0
      vertex 24.6421 16.44 0
    endloop
  endfacet
  facet normal 0 0 -1
    outer loop
      vertex 24.4722 16.85 0
      vertex 29 21 0
      vertex 24.5706 16.6506 0
    endloop
  endfacet
  facet normal 0 0 -1
    outer loop
      vertex 24.3487 17.0349 0
      vertex 29 21 0
      vertex 24.4722 16.85 0
    endloop
  endfacet
  facet normal 0 0 -1
    outer loop
      vertex 24.2021 17.2021 0
      vertex 29 21 0
      vertex 24.3487 17.0349 0
    endloop
  endfacet
  facet normal 0 0 -1
    outer loop
      vertex 24.0349 17.3487 0
      vertex 29 21 0
      vertex 24.2021 17.2021 0
    endloop
  endfacet
  facet normal 0 0 -1
    outer loop
      vertex 23.85 17.4722 0
      vertex 29 21 0
      vertex 24.0349 17.3487 0
    endloop
  endfacet
  facet normal 0 0 -1
    outer loop
      vertex 23.6506 17.5706 0
      vertex 29 21 0
      vertex 23.85 17.4722 0
    endloop
  endfacet
  facet normal 0 0 -1
    outer loop
      vertex 23.44 17.6421 0
      vertex 29 21 0
      vertex 23.6506 17.5706 0
    endloop
  endfacet
  facet normal 0 0 -1
    outer loop
      vertex 23.2219 17.6855 0
      vertex 29 21 0
      vertex 23.44 17.6421 0
    endloop
  endfacet
  facet normal 0 0 -1
    outer loop
      vertex 23 17.7 0
      vertex 29 21 0
      vertex 23.2219 17.6855 0
    endloop
  endfacet
  facet normal 0 0 -1
    outer loop
      vertex 22.7781 17.6855 0
      vertex 29 21 0
      vertex 23 17.7 0
    endloop
  endfacet
  facet normal 0 0 -1
    outer loop
      vertex 22.56 17.6421 0
      vertex 29 21 0
      vertex 22.7781 17.6855 0
    endloop
  endfacet
  facet normal 0 0 -1
    outer loop
      vertex 22.3494 17.5706 0
      vertex 29 21 0
      vertex 22.56 17.6421 0
    endloop
  endfacet
  facet normal 0 0 -1
    outer loop
      vertex -22.3494 17.5706 0
      vertex 22.3494 17.5706 0
      vertex 22.15 17.4722 0
    endloop
  endfacet
  facet normal -0 0 -1
    outer loop
      vertex 21.3145 15.7781 0
      vertex 20 14 0
      vertex 21.3 16 0
    endloop
  endfacet
  facet normal -0 0 -1
    outer loop
      vertex 21.3 16 0
      vertex 20 14 0
      vertex 21.3145 16.2219 0
    endloop
  endfacet
  facet normal 0 0 -1
    outer loop
      vertex 20 14 0
      vertex 21.3579 16.44 0
      vertex 21.3145 16.2219 0
    endloop
  endfacet
  facet normal 0 0 -1
    outer loop
      vertex 20 14 0
      vertex 21.4294 16.6506 0
      vertex 21.3579 16.44 0
    endloop
  endfacet
  facet normal 0 0 -1
    outer loop
      vertex -20 14 0
      vertex 21.4294 16.6506 0
      vertex 20 14 0
    endloop
  endfacet
  facet normal 0 0 -1
    outer loop
      vertex -21.4294 16.6506 0
      vertex 21.4294 16.6506 0
      vertex -20 14 0
    endloop
  endfacet
  facet normal 0 0 -1
    outer loop
      vertex 21.4294 16.6506 0
      vertex -21.4294 16.6506 0
      vertex 21.5278 16.85 0
    endloop
  endfacet
  facet normal 0 0 -1
    outer loop
      vertex -21.5278 16.85 0
      vertex 21.5278 16.85 0
      vertex -21.4294 16.6506 0
    endloop
  endfacet
  facet normal 0 0 -1
    outer loop
      vertex 21.5278 16.85 0
      vertex -21.5278 16.85 0
      vertex 21.6513 17.0349 0
    endloop
  endfacet
  facet normal 0 0 -1
    outer loop
      vertex -21.6513 17.0349 0
      vertex 21.6513 17.0349 0
      vertex -21.5278 16.85 0
    endloop
  endfacet
  facet normal 0 0 -1
    outer loop
      vertex 21.6513 17.0349 0
      vertex -21.6513 17.0349 0
      vertex 21.7979 17.2021 0
    endloop
  endfacet
  facet normal 0 0 -1
    outer loop
      vertex -21.3145 16.2219 0
      vertex -20 14 0
      vertex -21.3 16 0
    endloop
  endfacet
  facet normal 0 0 -1
    outer loop
      vertex -21.3579 16.44 0
      vertex -20 14 0
      vertex -21.3145 16.2219 0
    endloop
  endfacet
  facet normal 0 0 -1
    outer loop
      vertex -21.4294 16.6506 0
      vertex -20 14 0
      vertex -21.3579 16.44 0
    endloop
  endfacet
  facet normal 0 0 -1
    outer loop
      vertex -21.7979 17.2021 0
      vertex 21.7979 17.2021 0
      vertex -21.6513 17.0349 0
    endloop
  endfacet
  facet normal 0 0 -1
    outer loop
      vertex 21.7979 17.2021 0
      vertex -21.7979 17.2021 0
      vertex 21.9651 17.3487 0
    endloop
  endfacet
  facet normal 0 0 -1
    outer loop
      vertex -21.9651 17.3487 0
      vertex 21.9651 17.3487 0
      vertex -21.7979 17.2021 0
    endloop
  endfacet
  facet normal 0 0 -1
    outer loop
      vertex 21.9651 17.3487 0
      vertex -21.9651 17.3487 0
      vertex 22.15 17.4722 0
    endloop
  endfacet
  facet normal 0 0 -1
    outer loop
      vertex -22.15 17.4722 0
      vertex 22.15 17.4722 0
      vertex -21.9651 17.3487 0
    endloop
  endfacet
  facet normal 0 0 -1
    outer loop
      vertex -22.3494 17.5706 0
      vertex 22.15 17.4722 0
      vertex -22.15 17.4722 0
    endloop
  endfacet
  facet normal 0 0 -1
    outer loop
      vertex 22.3494 17.5706 0
      vertex -22.3494 17.5706 0
      vertex 29 21 0
    endloop
  endfacet
  facet normal 0 0 -1
    outer loop
      vertex -29 21 0
      vertex -22.3494 17.5706 0
      vertex -22.56 17.6421 0
    endloop
  endfacet
  facet normal 0 0 -1
    outer loop
      vertex -29 21 0
      vertex -22.56 17.6421 0
      vertex -22.7781 17.6855 0
    endloop
  endfacet
  facet normal 0 0 -1
    outer loop
      vertex -29 21 0
      vertex -22.7781 17.6855 0
      vertex -23 17.7 0
    endloop
  endfacet
  facet normal 0 0 -1
    outer loop
      vertex -24.6855 15.7781 0
      vertex -29 21 0
      vertex -24.7 16 0
    endloop
  endfacet
  facet normal 0 0 -1
    outer loop
      vertex -24.7 16 0
      vertex -29 21 0
      vertex -24.6855 16.2219 0
    endloop
  endfacet
  facet normal 0 0 -1
    outer loop
      vertex -22.3494 17.5706 0
      vertex -29 21 0
      vertex 29 21 0
    endloop
  endfacet
  facet normal 0 0 -1
    outer loop
      vertex -23.2219 17.6855 0
      vertex -29 21 0
      vertex -23 17.7 0
    endloop
  endfacet
  facet normal 0 0 -1
    outer loop
      vertex -23.44 17.6421 0
      vertex -29 21 0
      vertex -23.2219 17.6855 0
    endloop
  endfacet
  facet normal 0 0 -1
    outer loop
      vertex -23.6506 17.5706 0
      vertex -29 21 0
      vertex -23.44 17.6421 0
    endloop
  endfacet
  facet normal 0 0 -1
    outer loop
      vertex -23.85 17.4722 0
      vertex -29 21 0
      vertex -23.6506 17.5706 0
    endloop
  endfacet
  facet normal 0 0 -1
    outer loop
      vertex -24.0349 17.3487 0
      vertex -29 21 0
      vertex -23.85 17.4722 0
    endloop
  endfacet
  facet normal 0 0 -1
    outer loop
      vertex -24.2021 17.2021 0
      vertex -29 21 0
      vertex -24.0349 17.3487 0
    endloop
  endfacet
  facet normal 0 0 -1
    outer loop
      vertex -24.3487 17.0349 0
      vertex -29 21 0
      vertex -24.2021 17.2021 0
    endloop
  endfacet
  facet normal 0 0 -1
    outer loop
      vertex -24.4722 16.85 0
      vertex -29 21 0
      vertex -24.3487 17.0349 0
    endloop
  endfacet
  facet normal 0 0 -1
    outer loop
      vertex -24.5706 16.6506 0
      vertex -29 21 0
      vertex -24.4722 16.85 0
    endloop
  endfacet
  facet normal 0 0 -1
    outer loop
      vertex -24.6421 16.44 0
      vertex -29 21 0
      vertex -24.5706 16.6506 0
    endloop
  endfacet
  facet normal 0 0 -1
    outer loop
      vertex -24.6855 16.2219 0
      vertex -29 21 0
      vertex -24.6421 16.44 0
    endloop
  endfacet
  facet normal 0 0 -1
    outer loop
      vertex 24.6855 -15.7781 0
      vertex 29 -21 0
      vertex 24.7 -16 0
    endloop
  endfacet
  facet normal 0 0 -1
    outer loop
      vertex 29 -21 0
      vertex 24.6855 -16.2219 0
      vertex 24.7 -16 0
    endloop
  endfacet
  facet normal 0 0 -1
    outer loop
      vertex 29 -21 0
      vertex 24.6421 -16.44 0
      vertex 24.6855 -16.2219 0
    endloop
  endfacet
  facet normal 0 0 -1
    outer loop
      vertex 29 -21 0
      vertex 24.5706 -16.6506 0
      vertex 24.6421 -16.44 0
    endloop
  endfacet
  facet normal 0 0 -1
    outer loop
      vertex 29 -21 0
      vertex 24.4722 -16.85 0
      vertex 24.5706 -16.6506 0
    endloop
  endfacet
  facet normal 0 0 -1
    outer loop
      vertex 29 -21 0
      vertex 24.3487 -17.0349 0
      vertex 24.4722 -16.85 0
    endloop
  endfacet
  facet normal 0 0 -1
    outer loop
      vertex 29 -21 0
      vertex 24.2021 -17.2021 0
      vertex 24.3487 -17.0349 0
    endloop
  endfacet
  facet normal 0 0 -1
    outer loop
      vertex 29 -21 0
      vertex 24.0349 -17.3487 0
      vertex 24.2021 -17.2021 0
    endloop
  endfacet
  facet normal 0 0 -1
    outer loop
      vertex 29 -21 0
      vertex 23.85 -17.4722 0
      vertex 24.0349 -17.3487 0
    endloop
  endfacet
  facet normal 0 0 -1
    outer loop
      vertex 29 -21 0
      vertex 23.6506 -17.5706 0
      vertex 23.85 -17.4722 0
    endloop
  endfacet
  facet normal 0 0 -1
    outer loop
      vertex 29 -21 0
      vertex 23.44 -17.6421 0
      vertex 23.6506 -17.5706 0
    endloop
  endfacet
  facet normal 0 0 -1
    outer loop
      vertex 29 -21 0
      vertex 23.2219 -17.6855 0
      vertex 23.44 -17.6421 0
    endloop
  endfacet
  facet normal 0 0 -1
    outer loop
      vertex 29 -21 0
      vertex 23 -17.7 0
      vertex 23.2219 -17.6855 0
    endloop
  endfacet
  facet normal 0 0 -1
    outer loop
      vertex 29 -21 0
      vertex 22.7781 -17.6855 0
      vertex 23 -17.7 0
    endloop
  endfacet
  facet normal 0 0 -1
    outer loop
      vertex 29 -21 0
      vertex 22.56 -17.6421 0
      vertex 22.7781 -17.6855 0
    endloop
  endfacet
  facet normal 0 0 -1
    outer loop
      vertex 29 -21 0
      vertex 22.3494 -17.5706 0
      vertex 22.56 -17.6421 0
    endloop
  endfacet
  facet normal 0 0 -1
    outer loop
      vertex -22.3494 -17.5706 0
      vertex 22.3494 -17.5706 0
      vertex 29 -21 0
    endloop
  endfacet
  facet normal 0 0 -1
    outer loop
      vertex 21.3145 -16.2219 0
      vertex 20 -14 0
      vertex 21.3 -16 0
    endloop
  endfacet
  facet normal 0 0 -1
    outer loop
      vertex 21.3579 -16.44 0
      vertex 20 -14 0
      vertex 21.3145 -16.2219 0
    endloop
  endfacet
  facet normal 0 0 -1
    outer loop
      vertex 21.4294 -16.6506 0
      vertex 20 -14 0
      vertex 21.3579 -16.44 0
    endloop
  endfacet
  facet normal 0 0 -1
    outer loop
      vertex -21.4294 -16.6506 0
      vertex 21.4294 -16.6506 0
      vertex 21.5278 -16.85 0
    endloop
  endfacet
  facet normal 0 0 -1
    outer loop
      vertex 21.4294 -16.6506 0
      vertex -20 -14 0
      vertex 20 -14 0
    endloop
  endfacet
  facet normal 0 0 -1
    outer loop
      vertex -21.5278 -16.85 0
      vertex 21.5278 -16.85 0
      vertex 21.6513 -17.0349 0
    endloop
  endfacet
  facet normal 0 0 -1
    outer loop
      vertex -21.6513 -17.0349 0
      vertex 21.6513 -17.0349 0
      vertex 21.7979 -17.2021 0
    endloop
  endfacet
  facet normal 0 0 -1
    outer loop
      vertex -21.7979 -17.2021 0
      vertex 21.7979 -17.2021 0
      vertex 21.9651 -17.3487 0
    endloop
  endfacet
  facet normal 0 0 -1
    outer loop
      vertex -21.9651 -17.3487 0
      vertex 21.9651 -17.3487 0
      vertex 22.15 -17.4722 0
    endloop
  endfacet
  facet normal 0 0 -1
    outer loop
      vertex 22.3494 -17.5706 0
      vertex -22.3494 -17.5706 0
      vertex 22.15 -17.4722 0
    endloop
  endfacet
  facet normal 0 0 -1
    outer loop
      vertex -21.3145 -15.7781 0
      vertex -20 -14 0
      vertex -21.3 -16 0
    endloop
  endfacet
  facet normal 0 0 -1
    outer loop
      vertex 21.4294 -16.6506 0
      vertex -21.4294 -16.6506 0
      vertex -20 -14 0
    endloop
  endfacet
  facet normal 0 0 -1
    outer loop
      vertex -20 -14 0
      vertex -21.3145 -16.2219 0
      vertex -21.3 -16 0
    endloop
  endfacet
  facet normal 0 0 -1
    outer loop
      vertex -20 -14 0
      vertex -21.3579 -16.44 0
      vertex -21.3145 -16.2219 0
    endloop
  endfacet
  facet normal 0 0 -1
    outer loop
      vertex -20 -14 0
      vertex -21.4294 -16.6506 0
      vertex -21.3579 -16.44 0
    endloop
  endfacet
  facet normal 0 0 -1
    outer loop
      vertex 21.5278 -16.85 0
      vertex -21.5278 -16.85 0
      vertex -21.4294 -16.6506 0
    endloop
  endfacet
  facet normal 0 0 -1
    outer loop
      vertex 21.6513 -17.0349 0
      vertex -21.6513 -17.0349 0
      vertex -21.5278 -16.85 0
    endloop
  endfacet
  facet normal 0 0 -1
    outer loop
      vertex 21.7979 -17.2021 0
      vertex -21.7979 -17.2021 0
      vertex -21.6513 -17.0349 0
    endloop
  endfacet
  facet normal 0 0 -1
    outer loop
      vertex 21.9651 -17.3487 0
      vertex -21.9651 -17.3487 0
      vertex -21.7979 -17.2021 0
    endloop
  endfacet
  facet normal 0 0 -1
    outer loop
      vertex 22.15 -17.4722 0
      vertex -22.15 -17.4722 0
      vertex -21.9651 -17.3487 0
    endloop
  endfacet
  facet normal -0 0 -1
    outer loop
      vertex 22.15 -17.4722 0
      vertex -22.3494 -17.5706 0
      vertex -22.15 -17.4722 0
    endloop
  endfacet
  facet normal 0 0 -1
    outer loop
      vertex -29 -21 0
      vertex -22.3494 -17.5706 0
      vertex 29 -21 0
    endloop
  endfacet
  facet normal 0 0 -1
    outer loop
      vertex -22.3494 -17.5706 0
      vertex -29 -21 0
      vertex -22.56 -17.6421 0
    endloop
  endfacet
  facet normal 0 0 -1
    outer loop
      vertex -22.56 -17.6421 0
      vertex -29 -21 0
      vertex -22.7781 -17.6855 0
    endloop
  endfacet
  facet normal -0 0 -1
    outer loop
      vertex -24.6855 -16.2219 0
      vertex -29 -21 0
      vertex -24.7 -16 0
    endloop
  endfacet
  facet normal -0 0 -1
    outer loop
      vertex -24.6421 -16.44 0
      vertex -29 -21 0
      vertex -24.6855 -16.2219 0
    endloop
  endfacet
  facet normal -0 0 -1
    outer loop
      vertex -24.5706 -16.6506 0
      vertex -29 -21 0
      vertex -24.6421 -16.44 0
    endloop
  endfacet
  facet normal -0 0 -1
    outer loop
      vertex -24.4722 -16.85 0
      vertex -29 -21 0
      vertex -24.5706 -16.6506 0
    endloop
  endfacet
  facet normal -0 0 -1
    outer loop
      vertex -24.3487 -17.0349 0
      vertex -29 -21 0
      vertex -24.4722 -16.85 0
    endloop
  endfacet
  facet normal -0 0 -1
    outer loop
      vertex -24.2021 -17.2021 0
      vertex -29 -21 0
      vertex -24.3487 -17.0349 0
    endloop
  endfacet
  facet normal -0 0 -1
    outer loop
      vertex -24.0349 -17.3487 0
      vertex -29 -21 0
      vertex -24.2021 -17.2021 0
    endloop
  endfacet
  facet normal -0 0 -1
    outer loop
      vertex -23.85 -17.4722 0
      vertex -29 -21 0
      vertex -24.0349 -17.3487 0
    endloop
  endfacet
  facet normal -0 0 -1
    outer loop
      vertex -23.6506 -17.5706 0
      vertex -29 -21 0
      vertex -23.85 -17.4722 0
    endloop
  endfacet
  facet normal -0 0 -1
    outer loop
      vertex -23.44 -17.6421 0
      vertex -29 -21 0
      vertex -23.6506 -17.5706 0
    endloop
  endfacet
  facet normal -0 0 -1
    outer loop
      vertex -23.2219 -17.6855 0
      vertex -29 -21 0
      vertex -23.44 -17.6421 0
    endloop
  endfacet
  facet normal -0 0 -1
    outer loop
      vertex -23 -17.7 0
      vertex -29 -21 0
      vertex -23.2219 -17.6855 0
    endloop
  endfacet
  facet normal 0 0 -1
    outer loop
      vertex -22.7781 -17.6855 0
      vertex -29 -21 0
      vertex -23 -17.7 0
    endloop
  endfacet
  facet normal 0 0 -1
    outer loop
      vertex 24.6421 -15.56 0
      vertex 29 -21 0
      vertex 24.6855 -15.7781 0
    endloop
  endfacet
  facet normal 0 0 -1
    outer loop
      vertex 29 -21 0
      vertex 24.6421 -15.56 0
      vertex 29 -3.2 0
    endloop
  endfacet
  facet normal 0 0 -1
    outer loop
      vertex 24.5706 -15.3494 0
      vertex 29 -3.2 0
      vertex 24.6421 -15.56 0
    endloop
  endfacet
  facet normal 0 0 -1
    outer loop
      vertex 24.4722 -15.15 0
      vertex 29 -3.2 0
      vertex 24.5706 -15.3494 0
    endloop
  endfacet
  facet normal 0 0 -1
    outer loop
      vertex 24.3487 -14.9651 0
      vertex 29 -3.2 0
      vertex 24.4722 -15.15 0
    endloop
  endfacet
  facet normal 0 0 -1
    outer loop
      vertex 24.2021 -14.7979 0
      vertex 29 -3.2 0
      vertex 24.3487 -14.9651 0
    endloop
  endfacet
  facet normal 0 0 -1
    outer loop
      vertex 24.0349 -14.6513 0
      vertex 29 -3.2 0
      vertex 24.2021 -14.7979 0
    endloop
  endfacet
  facet normal 0 0 -1
    outer loop
      vertex 23.85 -14.5278 0
      vertex 29 -3.2 0
      vertex 24.0349 -14.6513 0
    endloop
  endfacet
  facet normal 0 0 -1
    outer loop
      vertex 23.6506 -14.4294 0
      vertex 29 -3.2 0
      vertex 23.85 -14.5278 0
    endloop
  endfacet
  facet normal 0 0 -1
    outer loop
      vertex 23.44 -14.3579 0
      vertex 29 -3.2 0
      vertex 23.6506 -14.4294 0
    endloop
  endfacet
  facet normal 0 0 -1
    outer loop
      vertex 23.2219 -14.3145 0
      vertex 29 -3.2 0
      vertex 23.44 -14.3579 0
    endloop
  endfacet
  facet normal 0 0 -1
    outer loop
      vertex 20 -3.2 0
      vertex 23.2219 -14.3145 0
      vertex 23 -14.3 0
    endloop
  endfacet
  facet normal 0 0 -1
    outer loop
      vertex 20 -3.2 0
      vertex 23 -14.3 0
      vertex 22.7781 -14.3145 0
    endloop
  endfacet
  facet normal 0 0 -1
    outer loop
      vertex 20 -14 0
      vertex 22.7781 -14.3145 0
      vertex 22.56 -14.3579 0
    endloop
  endfacet
  facet normal 0 0 -1
    outer loop
      vertex 20 -14 0
      vertex 22.56 -14.3579 0
      vertex 22.3494 -14.4294 0
    endloop
  endfacet
  facet normal 0 0 -1
    outer loop
      vertex 20 -14 0
      vertex 22.3494 -14.4294 0
      vertex 22.15 -14.5278 0
    endloop
  endfacet
  facet normal 0 0 -1
    outer loop
      vertex 20 -14 0
      vertex 22.15 -14.5278 0
      vertex 21.9651 -14.6513 0
    endloop
  endfacet
  facet normal 0 0 -1
    outer loop
      vertex 20 -14 0
      vertex 21.9651 -14.6513 0
      vertex 21.7979 -14.7979 0
    endloop
  endfacet
  facet normal 0 0 -1
    outer loop
      vertex 20 -14 0
      vertex 21.7979 -14.7979 0
      vertex 21.6513 -14.9651 0
    endloop
  endfacet
  facet normal 0 0 -1
    outer loop
      vertex 20 -14 0
      vertex 21.6513 -14.9651 0
      vertex 21.5278 -15.15 0
    endloop
  endfacet
  facet normal 0 0 -1
    outer loop
      vertex 20 -14 0
      vertex 21.3145 -15.7781 0
      vertex 21.3 -16 0
    endloop
  endfacet
  facet normal 0 0 -1
    outer loop
      vertex 20 -14 0
      vertex 21.3579 -15.56 0
      vertex 21.3145 -15.7781 0
    endloop
  endfacet
  facet normal 0 0 -1
    outer loop
      vertex 20 -14 0
      vertex 21.4294 -15.3494 0
      vertex 21.3579 -15.56 0
    endloop
  endfacet
  facet normal 0 0 -1
    outer loop
      vertex 20 -14 0
      vertex 21.5278 -15.15 0
      vertex 21.4294 -15.3494 0
    endloop
  endfacet
  facet normal 0 0 -1
    outer loop
      vertex 22.7781 -14.3145 0
      vertex 20 -14 0
      vertex 20 -3.2 0
    endloop
  endfacet
  facet normal 0 0 -1
    outer loop
      vertex 23.2219 -14.3145 0
      vertex 20 -3.2 0
      vertex 29 -3.2 0
    endloop
  endfacet
  facet normal 0 0 -1
    outer loop
      vertex -21.3579 -15.56 0
      vertex -20 -14 0
      vertex -21.3145 -15.7781 0
    endloop
  endfacet
  facet normal 0 0 -1
    outer loop
      vertex -21.4294 -15.3494 0
      vertex -20 -14 0
      vertex -21.3579 -15.56 0
    endloop
  endfacet
  facet normal 0 0 -1
    outer loop
      vertex -21.5278 -15.15 0
      vertex -20 -14 0
      vertex -21.4294 -15.3494 0
    endloop
  endfacet
  facet normal 0 0 -1
    outer loop
      vertex -21.6513 -14.9651 0
      vertex -20 -14 0
      vertex -21.5278 -15.15 0
    endloop
  endfacet
  facet normal 0 0 -1
    outer loop
      vertex -21.7979 -14.7979 0
      vertex -20 -14 0
      vertex -21.6513 -14.9651 0
    endloop
  endfacet
  facet normal 0 0 -1
    outer loop
      vertex -21.9651 -14.6513 0
      vertex -20 -14 0
      vertex -21.7979 -14.7979 0
    endloop
  endfacet
  facet normal 0 0 -1
    outer loop
      vertex -22.15 -14.5278 0
      vertex -20 -14 0
      vertex -21.9651 -14.6513 0
    endloop
  endfacet
  facet normal 0 0 -1
    outer loop
      vertex -22.3494 -14.4294 0
      vertex -20 -14 0
      vertex -22.15 -14.5278 0
    endloop
  endfacet
  facet normal 0 0 -1
    outer loop
      vertex -22.56 -14.3579 0
      vertex -20 -14 0
      vertex -22.3494 -14.4294 0
    endloop
  endfacet
  facet normal 0 0 -1
    outer loop
      vertex -22.7781 -14.3145 0
      vertex -20 -14 0
      vertex -22.56 -14.3579 0
    endloop
  endfacet
  facet normal -0 0 -1
    outer loop
      vertex -20 -14 0
      vertex -22.7781 -14.3145 0
      vertex -20 -3.2 0
    endloop
  endfacet
  facet normal 0 0 -1
    outer loop
      vertex -23 -14.3 0
      vertex -20 -3.2 0
      vertex -22.7781 -14.3145 0
    endloop
  endfacet
  facet normal 0 0 -1
    outer loop
      vertex -23.2219 -14.3145 0
      vertex -20 -3.2 0
      vertex -23 -14.3 0
    endloop
  endfacet
  facet normal 0 0 -1
    outer loop
      vertex -29 -3.2 0
      vertex -23.2219 -14.3145 0
      vertex -23.44 -14.3579 0
    endloop
  endfacet
  facet normal 0 0 -1
    outer loop
      vertex -29 -3.2 0
      vertex -23.44 -14.3579 0
      vertex -23.6506 -14.4294 0
    endloop
  endfacet
  facet normal 0 0 -1
    outer loop
      vertex -29 -3.2 0
      vertex -23.6506 -14.4294 0
      vertex -23.85 -14.5278 0
    endloop
  endfacet
  facet normal 0 0 -1
    outer loop
      vertex -29 -3.2 0
      vertex -23.85 -14.5278 0
      vertex -24.0349 -14.6513 0
    endloop
  endfacet
  facet normal 0 0 -1
    outer loop
      vertex -29 -3.2 0
      vertex -24.0349 -14.6513 0
      vertex -24.2021 -14.7979 0
    endloop
  endfacet
  facet normal 0 0 -1
    outer loop
      vertex -29 -3.2 0
      vertex -24.2021 -14.7979 0
      vertex -24.3487 -14.9651 0
    endloop
  endfacet
  facet normal 0 0 -1
    outer loop
      vertex -29 -3.2 0
      vertex -24.3487 -14.9651 0
      vertex -24.4722 -15.15 0
    endloop
  endfacet
  facet normal 0 0 -1
    outer loop
      vertex -29 -3.2 0
      vertex -24.4722 -15.15 0
      vertex -24.5706 -15.3494 0
    endloop
  endfacet
  facet normal 0 0 -1
    outer loop
      vertex -29 -21 0
      vertex -24.6855 -15.7781 0
      vertex -24.7 -16 0
    endloop
  endfacet
  facet normal 0 0 -1
    outer loop
      vertex -29 -21 0
      vertex -24.6421 -15.56 0
      vertex -24.6855 -15.7781 0
    endloop
  endfacet
  facet normal 0 0 -1
    outer loop
      vertex -29 -21 0
      vertex -24.5706 -15.3494 0
      vertex -24.6421 -15.56 0
    endloop
  endfacet
  facet normal 0 0 -1
    outer loop
      vertex -29 -3.2 0
      vertex -24.5706 -15.3494 0
      vertex -29 -21 0
    endloop
  endfacet
  facet normal 0 0 -1
    outer loop
      vertex -23.2219 -14.3145 0
      vertex -29 -3.2 0
      vertex -20 -3.2 0
    endloop
  endfacet
  facet normal -1 0 0
    outer loop
      vertex -29 -21 0
      vertex -29 -3.2 5.01
      vertex -29 -3.2 0
    endloop
  endfacet
  facet normal -1 -0 0
    outer loop
      vertex -29 -3.2 5.01
      vertex -29 -21 0
      vertex -29 -9 22.75
    endloop
  endfacet
  facet normal -1 0 0
    outer loop
      vertex -29 -21 26
      vertex -29 -9 22.75
      vertex -29 -21 0
    endloop
  endfacet
  facet normal -1 0 0
    outer loop
      vertex -29 -9 22.75
      vertex -29 -21 26
      vertex -29 -9 26
    endloop
  endfacet
  facet normal -1 0 0
    outer loop
      vertex -29 21 0
      vertex -29 9 22.75
      vertex -29 21 26
    endloop
  endfacet
  facet normal -1 0 0
    outer loop
      vertex -29 3.2 5.01
      vertex -29 21 0
      vertex -29 3.2 0
    endloop
  endfacet
  facet normal -1 0 0
    outer loop
      vertex -29 21 0
      vertex -29 3.2 5.01
      vertex -29 9 22.75
    endloop
  endfacet
  facet normal -1 0 0
    outer loop
      vertex -29 -3.2 5.01
      vertex -29 9 22.75
      vertex -29 3.2 5.01
    endloop
  endfacet
  facet normal -1 -0 0
    outer loop
      vertex -29 9 22.75
      vertex -29 -3.2 5.01
      vertex -29 -9 22.75
    endloop
  endfacet
  facet normal -1 -0 0
    outer loop
      vertex -29 21 26
      vertex -29 9 22.75
      vertex -29 9 26
    endloop
  endfacet
  facet normal 0 1 -0
    outer loop
      vertex 29 21 0
      vertex -29 21 26
      vertex 29 21 26
    endloop
  endfacet
  facet normal 0 1 0
    outer loop
      vertex -29 21 26
      vertex 29 21 0
      vertex -29 21 0
    endloop
  endfacet
  facet normal 0 -1 0
    outer loop
      vertex -29 -21 0
      vertex 29 -21 26
      vertex -29 -21 26
    endloop
  endfacet
  facet normal 0 -1 -0
    outer loop
      vertex 29 -21 26
      vertex -29 -21 0
      vertex 29 -21 0
    endloop
  endfacet
  facet normal 0.971511 0 -0.236992
    outer loop
      vertex -14.45 -11 22.75
      vertex -15.2916 -2.7 19.3
      vertex -14.45 -2.7 22.75
    endloop
  endfacet
  facet normal 0.971507 -7.47611e-06 -0.237009
    outer loop
      vertex -15.2916 -2.7 19.3
      vertex -14.45 -11 22.75
      vertex -18.7778 -3.2 5.01
    endloop
  endfacet
  facet normal 0.971508 1.89526e-06 -0.237006
    outer loop
      vertex -20 -14 0
      vertex -18.7778 -3.2 5.01
      vertex -14.45 -11 22.75
    endloop
  endfacet
  facet normal 0.971509 0 -0.237002
    outer loop
      vertex -18.7778 -3.2 5.01
      vertex -20 -14 0
      vertex -20 -3.2 0
    endloop
  endfacet
  facet normal 0.971511 0 -0.236992
    outer loop
      vertex -15.2916 2.7 19.3
      vertex -14.45 11 22.75
      vertex -14.45 2.7 22.75
    endloop
  endfacet
  facet normal 0.971507 7.47611e-06 -0.237009
    outer loop
      vertex -14.45 11 22.75
      vertex -15.2916 2.7 19.3
      vertex -18.7778 3.2 5.01
    endloop
  endfacet
  facet normal 0.971507 0 -0.23701
    outer loop
      vertex -15.2916 -2.7 19.3
      vertex -18.7778 3.2 5.01
      vertex -15.2916 2.7 19.3
    endloop
  endfacet
  facet normal 0.971507 0 -0.23701
    outer loop
      vertex -18.7778 3.2 5.01
      vertex -15.2916 -2.7 19.3
      vertex -18.7778 -3.2 5.01
    endloop
  endfacet
  facet normal 0.971508 -1.89526e-06 -0.237006
    outer loop
      vertex -18.7778 3.2 5.01
      vertex -20 14 0
      vertex -14.45 11 22.75
    endloop
  endfacet
  facet normal 0.971509 0 -0.237002
    outer loop
      vertex -20 14 0
      vertex -18.7778 3.2 5.01
      vertex -20 3.2 0
    endloop
  endfacet
  facet normal 0 0.991417 -0.130736
    outer loop
      vertex 20 -14 0
      vertex -14.45 -11 22.75
      vertex 14.45 -11 22.75
    endloop
  endfacet
  facet normal 0 0.991417 -0.130736
    outer loop
      vertex -14.45 -11 22.75
      vertex 20 -14 0
      vertex -20 -14 0
    endloop
  endfacet
  facet normal 0 -0.991417 -0.130736
    outer loop
      vertex -20 14 0
      vertex 14.45 11 22.75
      vertex -14.45 11 22.75
    endloop
  endfacet
  facet normal 0 -0.991417 -0.130736
    outer loop
      vertex 14.45 11 22.75
      vertex -20 14 0
      vertex 20 14 0
    endloop
  endfacet
  facet normal -0.971509 0 -0.237002
    outer loop
      vertex 20 -14 0
      vertex 18.7778 -3.2 5.01
      vertex 20 -3.2 0
    endloop
  endfacet
  facet normal -0.971508 1.89526e-06 -0.237006
    outer loop
      vertex 18.7778 -3.2 5.01
      vertex 20 -14 0
      vertex 14.45 -11 22.75
    endloop
  endfacet
  facet normal -0.971507 0 -0.23701
    outer loop
      vertex 18.7778 3.2 5.01
      vertex 15.2916 -2.7 19.3
      vertex 15.2916 2.7 19.3
    endloop
  endfacet
  facet normal -0.971507 0 -0.23701
    outer loop
      vertex 18.7778 -3.2 5.01
      vertex 15.2916 -2.7 19.3
      vertex 18.7778 3.2 5.01
    endloop
  endfacet
  facet normal -0.971507 -7.47611e-06 -0.237009
    outer loop
      vertex 14.45 -11 22.75
      vertex 15.2916 -2.7 19.3
      vertex 18.7778 -3.2 5.01
    endloop
  endfacet
  facet normal -0.971511 0 -0.236992
    outer loop
      vertex 15.2916 -2.7 19.3
      vertex 14.45 -11 22.75
      vertex 14.45 -2.7 22.75
    endloop
  endfacet
  facet normal -0.971509 0 -0.237002
    outer loop
      vertex 18.7778 3.2 5.01
      vertex 20 14 0
      vertex 20 3.2 0
    endloop
  endfacet
  facet normal -0.971508 -1.89526e-06 -0.237006
    outer loop
      vertex 20 14 0
      vertex 18.7778 3.2 5.01
      vertex 14.45 11 22.75
    endloop
  endfacet
  facet normal -0.971507 7.47611e-06 -0.237009
    outer loop
      vertex 15.2916 2.7 19.3
      vertex 14.45 11 22.75
      vertex 18.7778 3.2 5.01
    endloop
  endfacet
  facet normal -0.971511 -0 -0.236992
    outer loop
      vertex 14.45 11 22.75
      vertex 15.2916 2.7 19.3
      vertex 14.45 2.7 22.75
    endloop
  endfacet
  facet normal -1 0 0
    outer loop
      vertex 15.75 9 22.75
      vertex 15.75 12.3 26
      vertex 15.75 12.3 22.75
    endloop
  endfacet
  facet normal -1 -0 0
    outer loop
      vertex 15.75 12.3 26
      vertex 15.75 9 22.75
      vertex 15.75 9 26
    endloop
  endfacet
  facet normal -1 0 0
    outer loop
      vertex 15.75 -12.3 22.75
      vertex 15.75 -9 26
      vertex 15.75 -9 22.75
    endloop
  endfacet
  facet normal -1 -0 0
    outer loop
      vertex 15.75 -9 26
      vertex 15.75 -12.3 22.75
      vertex 15.75 -12.3 26
    endloop
  endfacet
  facet normal 1 -0 0
    outer loop
      vertex -15.75 -12.3 26
      vertex -15.75 -9 22.75
      vertex -15.75 -9 26
    endloop
  endfacet
  facet normal 1 0 0
    outer loop
      vertex -15.75 -9 22.75
      vertex -15.75 -12.3 26
      vertex -15.75 -12.3 22.75
    endloop
  endfacet
  facet normal 1 -0 0
    outer loop
      vertex -15.75 9 26
      vertex -15.75 12.3 22.75
      vertex -15.75 12.3 26
    endloop
  endfacet
  facet normal 1 0 0
    outer loop
      vertex -15.75 12.3 22.75
      vertex -15.75 9 26
      vertex -15.75 9 22.75
    endloop
  endfacet
  facet normal 0 -1 0
    outer loop
      vertex -15.75 12.3 22.75
      vertex 15.75 12.3 26
      vertex -15.75 12.3 26
    endloop
  endfacet
  facet normal 0 -1 -0
    outer loop
      vertex 15.75 12.3 26
      vertex -15.75 12.3 22.75
      vertex 15.75 12.3 22.75
    endloop
  endfacet
  facet normal 0 1 -0
    outer loop
      vertex 15.75 -12.3 22.75
      vertex -15.75 -12.3 26
      vertex 15.75 -12.3 26
    endloop
  endfacet
  facet normal 0 1 0
    outer loop
      vertex -15.75 -12.3 26
      vertex 15.75 -12.3 22.75
      vertex -15.75 -12.3 22.75
    endloop
  endfacet
endsolid OpenSCAD_Model
