solid OpenSCAD_Model
  facet normal -0.659268 -0.751908 0
    outer loop
      vertex -21.9651 -14.6513 0
      vertex -21.7979 -14.7979 2.5
      vertex -21.9651 -14.6513 2.5
    endloop
  endfacet
  facet normal -0.659268 -0.751908 -0
    outer loop
      vertex -21.7979 -14.7979 2.5
      vertex -21.9651 -14.6513 0
      vertex -21.7979 -14.7979 0
    endloop
  endfacet
  facet normal -0.98077 -0.195165 0
    outer loop
      vertex -21.3145 -15.7781 0
      vertex -21.3579 -15.56 2.5
      vertex -21.3579 -15.56 0
    endloop
  endfacet
  facet normal -0.98077 -0.195165 0
    outer loop
      vertex -21.3579 -15.56 2.5
      vertex -21.3145 -15.7781 0
      vertex -21.3145 -15.7781 2.5
    endloop
  endfacet
  facet normal -0.997872 -0.0652057 0
    outer loop
      vertex -21.3 -16 0
      vertex -21.3145 -15.7781 2.5
      vertex -21.3145 -15.7781 0
    endloop
  endfacet
  facet normal -0.997872 -0.0652057 0
    outer loop
      vertex -21.3145 -15.7781 2.5
      vertex -21.3 -16 0
      vertex -21.3 -16 2.5
    endloop
  endfacet
  facet normal 0.44253 -0.896754 0
    outer loop
      vertex -23.85 -14.5278 0
      vertex -23.6506 -14.4294 2.5
      vertex -23.85 -14.5278 2.5
    endloop
  endfacet
  facet normal 0.44253 -0.896754 0
    outer loop
      vertex -23.6506 -14.4294 2.5
      vertex -23.85 -14.5278 0
      vertex -23.6506 -14.4294 0
    endloop
  endfacet
  facet normal -0.321484 -0.946915 0
    outer loop
      vertex -22.56 -14.3579 0
      vertex -22.3494 -14.4294 2.5
      vertex -22.56 -14.3579 2.5
    endloop
  endfacet
  facet normal -0.321484 -0.946915 -0
    outer loop
      vertex -22.3494 -14.4294 2.5
      vertex -22.56 -14.3579 0
      vertex -22.3494 -14.4294 0
    endloop
  endfacet
  facet normal 0.195165 -0.98077 0
    outer loop
      vertex -23.44 -14.3579 0
      vertex -23.2219 -14.3145 2.5
      vertex -23.44 -14.3579 2.5
    endloop
  endfacet
  facet normal 0.195165 -0.98077 0
    outer loop
      vertex -23.2219 -14.3145 2.5
      vertex -23.44 -14.3579 0
      vertex -23.2219 -14.3145 0
    endloop
  endfacet
  facet normal 0.997872 -0.0652057 0
    outer loop
      vertex -24.7 -16 2.5
      vertex -24.6855 -15.7781 0
      vertex -24.6855 -15.7781 2.5
    endloop
  endfacet
  facet normal 0.997872 -0.0652057 0
    outer loop
      vertex -24.6855 -15.7781 0
      vertex -24.7 -16 2.5
      vertex -24.7 -16 0
    endloop
  endfacet
  facet normal -0.896754 0.44253 0
    outer loop
      vertex -21.5278 -16.85 0
      vertex -21.4294 -16.6506 2.5
      vertex -21.4294 -16.6506 0
    endloop
  endfacet
  facet normal -0.896754 0.44253 0
    outer loop
      vertex -21.4294 -16.6506 2.5
      vertex -21.5278 -16.85 0
      vertex -21.5278 -16.85 2.5
    endloop
  endfacet
  facet normal 0.98077 -0.195165 0
    outer loop
      vertex -24.6855 -15.7781 2.5
      vertex -24.6421 -15.56 0
      vertex -24.6421 -15.56 2.5
    endloop
  endfacet
  facet normal 0.98077 -0.195165 0
    outer loop
      vertex -24.6421 -15.56 0
      vertex -24.6855 -15.7781 2.5
      vertex -24.6855 -15.7781 0
    endloop
  endfacet
  facet normal -0.831566 -0.555426 0
    outer loop
      vertex -21.5278 -15.15 0
      vertex -21.6513 -14.9651 2.5
      vertex -21.6513 -14.9651 0
    endloop
  endfacet
  facet normal -0.831566 -0.555426 0
    outer loop
      vertex -21.6513 -14.9651 2.5
      vertex -21.5278 -15.15 0
      vertex -21.5278 -15.15 2.5
    endloop
  endfacet
  facet normal -0.195165 -0.98077 0
    outer loop
      vertex -22.7781 -14.3145 0
      vertex -22.56 -14.3579 2.5
      vertex -22.7781 -14.3145 2.5
    endloop
  endfacet
  facet normal -0.195165 -0.98077 -0
    outer loop
      vertex -22.56 -14.3579 2.5
      vertex -22.7781 -14.3145 0
      vertex -22.56 -14.3579 0
    endloop
  endfacet
  facet normal 0.896754 0.44253 0
    outer loop
      vertex -24.4722 -16.85 2.5
      vertex -24.5706 -16.6506 0
      vertex -24.5706 -16.6506 2.5
    endloop
  endfacet
  facet normal 0.896754 0.44253 0
    outer loop
      vertex -24.5706 -16.6506 0
      vertex -24.4722 -16.85 2.5
      vertex -24.4722 -16.85 0
    endloop
  endfacet
  facet normal -0.946915 -0.321484 0
    outer loop
      vertex -21.3579 -15.56 0
      vertex -21.4294 -15.3494 2.5
      vertex -21.4294 -15.3494 0
    endloop
  endfacet
  facet normal -0.946915 -0.321484 0
    outer loop
      vertex -21.4294 -15.3494 2.5
      vertex -21.3579 -15.56 0
      vertex -21.3579 -15.56 2.5
    endloop
  endfacet
  facet normal 0.555426 0.831566 -0
    outer loop
      vertex -23.85 -17.4722 0
      vertex -24.0349 -17.3487 2.5
      vertex -23.85 -17.4722 2.5
    endloop
  endfacet
  facet normal 0.555426 0.831566 0
    outer loop
      vertex -24.0349 -17.3487 2.5
      vertex -23.85 -17.4722 0
      vertex -24.0349 -17.3487 0
    endloop
  endfacet
  facet normal -0.321484 0.946915 0
    outer loop
      vertex -22.3494 -17.5706 0
      vertex -22.56 -17.6421 2.5
      vertex -22.3494 -17.5706 2.5
    endloop
  endfacet
  facet normal -0.321484 0.946915 0
    outer loop
      vertex -22.56 -17.6421 2.5
      vertex -22.3494 -17.5706 0
      vertex -22.56 -17.6421 0
    endloop
  endfacet
  facet normal 0.946915 0.321484 0
    outer loop
      vertex -24.5706 -16.6506 2.5
      vertex -24.6421 -16.44 0
      vertex -24.6421 -16.44 2.5
    endloop
  endfacet
  facet normal 0.946915 0.321484 0
    outer loop
      vertex -24.6421 -16.44 0
      vertex -24.5706 -16.6506 2.5
      vertex -24.5706 -16.6506 0
    endloop
  endfacet
  facet normal 0.659268 0.751908 -0
    outer loop
      vertex -24.0349 -17.3487 0
      vertex -24.2021 -17.2021 2.5
      vertex -24.0349 -17.3487 2.5
    endloop
  endfacet
  facet normal 0.659268 0.751908 0
    outer loop
      vertex -24.2021 -17.2021 2.5
      vertex -24.0349 -17.3487 0
      vertex -24.2021 -17.2021 0
    endloop
  endfacet
  facet normal -0.44253 0.896754 0
    outer loop
      vertex -22.15 -17.4722 0
      vertex -22.3494 -17.5706 2.5
      vertex -22.15 -17.4722 2.5
    endloop
  endfacet
  facet normal -0.44253 0.896754 0
    outer loop
      vertex -22.3494 -17.5706 2.5
      vertex -22.15 -17.4722 0
      vertex -22.3494 -17.5706 0
    endloop
  endfacet
  facet normal 0.321484 0.946915 -0
    outer loop
      vertex -23.44 -17.6421 0
      vertex -23.6506 -17.5706 2.5
      vertex -23.44 -17.6421 2.5
    endloop
  endfacet
  facet normal 0.321484 0.946915 0
    outer loop
      vertex -23.6506 -17.5706 2.5
      vertex -23.44 -17.6421 0
      vertex -23.6506 -17.5706 0
    endloop
  endfacet
  facet normal -0.195165 0.98077 0
    outer loop
      vertex -22.56 -17.6421 0
      vertex -22.7781 -17.6855 2.5
      vertex -22.56 -17.6421 2.5
    endloop
  endfacet
  facet normal -0.195165 0.98077 0
    outer loop
      vertex -22.7781 -17.6855 2.5
      vertex -22.56 -17.6421 0
      vertex -22.7781 -17.6855 0
    endloop
  endfacet
  facet normal 0.997872 0.0652057 0
    outer loop
      vertex -24.6855 -16.2219 2.5
      vertex -24.7 -16 0
      vertex -24.7 -16 2.5
    endloop
  endfacet
  facet normal 0.997872 0.0652057 0
    outer loop
      vertex -24.7 -16 0
      vertex -24.6855 -16.2219 2.5
      vertex -24.6855 -16.2219 0
    endloop
  endfacet
  facet normal -0.555426 -0.831566 0
    outer loop
      vertex -22.15 -14.5278 0
      vertex -21.9651 -14.6513 2.5
      vertex -22.15 -14.5278 2.5
    endloop
  endfacet
  facet normal -0.555426 -0.831566 -0
    outer loop
      vertex -21.9651 -14.6513 2.5
      vertex -22.15 -14.5278 0
      vertex -21.9651 -14.6513 0
    endloop
  endfacet
  facet normal -0.0652057 0.997872 0
    outer loop
      vertex -22.7781 -17.6855 0
      vertex -23 -17.7 2.5
      vertex -22.7781 -17.6855 2.5
    endloop
  endfacet
  facet normal -0.0652057 0.997872 0
    outer loop
      vertex -23 -17.7 2.5
      vertex -22.7781 -17.6855 0
      vertex -23 -17.7 0
    endloop
  endfacet
  facet normal -0.946915 0.321484 0
    outer loop
      vertex -21.4294 -16.6506 0
      vertex -21.3579 -16.44 2.5
      vertex -21.3579 -16.44 0
    endloop
  endfacet
  facet normal -0.946915 0.321484 0
    outer loop
      vertex -21.3579 -16.44 2.5
      vertex -21.4294 -16.6506 0
      vertex -21.4294 -16.6506 2.5
    endloop
  endfacet
  facet normal -0.831566 0.555426 0
    outer loop
      vertex -21.6513 -17.0349 0
      vertex -21.5278 -16.85 2.5
      vertex -21.5278 -16.85 0
    endloop
  endfacet
  facet normal -0.831566 0.555426 0
    outer loop
      vertex -21.5278 -16.85 2.5
      vertex -21.6513 -17.0349 0
      vertex -21.6513 -17.0349 2.5
    endloop
  endfacet
  facet normal -0.997872 0.0652057 0
    outer loop
      vertex -21.3145 -16.2219 0
      vertex -21.3 -16 2.5
      vertex -21.3 -16 0
    endloop
  endfacet
  facet normal -0.997872 0.0652057 0
    outer loop
      vertex -21.3 -16 2.5
      vertex -21.3145 -16.2219 0
      vertex -21.3145 -16.2219 2.5
    endloop
  endfacet
  facet normal -0.896754 -0.44253 0
    outer loop
      vertex -21.4294 -15.3494 0
      vertex -21.5278 -15.15 2.5
      vertex -21.5278 -15.15 0
    endloop
  endfacet
  facet normal -0.896754 -0.44253 0
    outer loop
      vertex -21.5278 -15.15 2.5
      vertex -21.4294 -15.3494 0
      vertex -21.4294 -15.3494 2.5
    endloop
  endfacet
  facet normal 0.831566 -0.555426 0
    outer loop
      vertex -24.4722 -15.15 2.5
      vertex -24.3487 -14.9651 0
      vertex -24.3487 -14.9651 2.5
    endloop
  endfacet
  facet normal 0.831566 -0.555426 0
    outer loop
      vertex -24.3487 -14.9651 0
      vertex -24.4722 -15.15 2.5
      vertex -24.4722 -15.15 0
    endloop
  endfacet
  facet normal 0.659268 -0.751908 0
    outer loop
      vertex -24.2021 -14.7979 0
      vertex -24.0349 -14.6513 2.5
      vertex -24.2021 -14.7979 2.5
    endloop
  endfacet
  facet normal 0.659268 -0.751908 0
    outer loop
      vertex -24.0349 -14.6513 2.5
      vertex -24.2021 -14.7979 0
      vertex -24.0349 -14.6513 0
    endloop
  endfacet
  facet normal 0.195165 0.98077 -0
    outer loop
      vertex -23.2219 -17.6855 0
      vertex -23.44 -17.6421 2.5
      vertex -23.2219 -17.6855 2.5
    endloop
  endfacet
  facet normal 0.195165 0.98077 0
    outer loop
      vertex -23.44 -17.6421 2.5
      vertex -23.2219 -17.6855 0
      vertex -23.44 -17.6421 0
    endloop
  endfacet
  facet normal 0.946915 -0.321484 0
    outer loop
      vertex -24.6421 -15.56 2.5
      vertex -24.5706 -15.3494 0
      vertex -24.5706 -15.3494 2.5
    endloop
  endfacet
  facet normal 0.946915 -0.321484 0
    outer loop
      vertex -24.5706 -15.3494 0
      vertex -24.6421 -15.56 2.5
      vertex -24.6421 -15.56 0
    endloop
  endfacet
  facet normal 0.321484 -0.946915 0
    outer loop
      vertex -23.6506 -14.4294 0
      vertex -23.44 -14.3579 2.5
      vertex -23.6506 -14.4294 2.5
    endloop
  endfacet
  facet normal 0.321484 -0.946915 0
    outer loop
      vertex -23.44 -14.3579 2.5
      vertex -23.6506 -14.4294 0
      vertex -23.44 -14.3579 0
    endloop
  endfacet
  facet normal 0.751908 0.659268 0
    outer loop
      vertex -24.2021 -17.2021 2.5
      vertex -24.3487 -17.0349 0
      vertex -24.3487 -17.0349 2.5
    endloop
  endfacet
  facet normal 0.751908 0.659268 0
    outer loop
      vertex -24.3487 -17.0349 0
      vertex -24.2021 -17.2021 2.5
      vertex -24.2021 -17.2021 0
    endloop
  endfacet
  facet normal -0.44253 -0.896754 0
    outer loop
      vertex -22.3494 -14.4294 0
      vertex -22.15 -14.5278 2.5
      vertex -22.3494 -14.4294 2.5
    endloop
  endfacet
  facet normal -0.44253 -0.896754 -0
    outer loop
      vertex -22.15 -14.5278 2.5
      vertex -22.3494 -14.4294 0
      vertex -22.15 -14.5278 0
    endloop
  endfacet
  facet normal -0.0652057 -0.997872 0
    outer loop
      vertex -23 -14.3 0
      vertex -22.7781 -14.3145 2.5
      vertex -23 -14.3 2.5
    endloop
  endfacet
  facet normal -0.0652057 -0.997872 -0
    outer loop
      vertex -22.7781 -14.3145 2.5
      vertex -23 -14.3 0
      vertex -22.7781 -14.3145 0
    endloop
  endfacet
  facet normal 0.0652057 -0.997872 0
    outer loop
      vertex -23.2219 -14.3145 0
      vertex -23 -14.3 2.5
      vertex -23.2219 -14.3145 2.5
    endloop
  endfacet
  facet normal 0.0652057 -0.997872 0
    outer loop
      vertex -23 -14.3 2.5
      vertex -23.2219 -14.3145 0
      vertex -23 -14.3 0
    endloop
  endfacet
  facet normal 0.98077 0.195165 0
    outer loop
      vertex -24.6421 -16.44 2.5
      vertex -24.6855 -16.2219 0
      vertex -24.6855 -16.2219 2.5
    endloop
  endfacet
  facet normal 0.98077 0.195165 0
    outer loop
      vertex -24.6855 -16.2219 0
      vertex -24.6421 -16.44 2.5
      vertex -24.6421 -16.44 0
    endloop
  endfacet
  facet normal -0.98077 0.195165 0
    outer loop
      vertex -21.3579 -16.44 0
      vertex -21.3145 -16.2219 2.5
      vertex -21.3145 -16.2219 0
    endloop
  endfacet
  facet normal -0.98077 0.195165 0
    outer loop
      vertex -21.3145 -16.2219 2.5
      vertex -21.3579 -16.44 0
      vertex -21.3579 -16.44 2.5
    endloop
  endfacet
  facet normal -0.659268 0.751908 0
    outer loop
      vertex -21.7979 -17.2021 0
      vertex -21.9651 -17.3487 2.5
      vertex -21.7979 -17.2021 2.5
    endloop
  endfacet
  facet normal -0.659268 0.751908 0
    outer loop
      vertex -21.9651 -17.3487 2.5
      vertex -21.7979 -17.2021 0
      vertex -21.9651 -17.3487 0
    endloop
  endfacet
  facet normal 0.831566 0.555426 0
    outer loop
      vertex -24.3487 -17.0349 2.5
      vertex -24.4722 -16.85 0
      vertex -24.4722 -16.85 2.5
    endloop
  endfacet
  facet normal 0.831566 0.555426 0
    outer loop
      vertex -24.4722 -16.85 0
      vertex -24.3487 -17.0349 2.5
      vertex -24.3487 -17.0349 0
    endloop
  endfacet
  facet normal -0.751908 -0.659268 0
    outer loop
      vertex -21.6513 -14.9651 0
      vertex -21.7979 -14.7979 2.5
      vertex -21.7979 -14.7979 0
    endloop
  endfacet
  facet normal -0.751908 -0.659268 0
    outer loop
      vertex -21.7979 -14.7979 2.5
      vertex -21.6513 -14.9651 0
      vertex -21.6513 -14.9651 2.5
    endloop
  endfacet
  facet normal 0.0652057 0.997872 -0
    outer loop
      vertex -23 -17.7 0
      vertex -23.2219 -17.6855 2.5
      vertex -23 -17.7 2.5
    endloop
  endfacet
  facet normal 0.0652057 0.997872 0
    outer loop
      vertex -23.2219 -17.6855 2.5
      vertex -23 -17.7 0
      vertex -23.2219 -17.6855 0
    endloop
  endfacet
  facet normal 0.751908 -0.659268 0
    outer loop
      vertex -24.3487 -14.9651 2.5
      vertex -24.2021 -14.7979 0
      vertex -24.2021 -14.7979 2.5
    endloop
  endfacet
  facet normal 0.751908 -0.659268 0
    outer loop
      vertex -24.2021 -14.7979 0
      vertex -24.3487 -14.9651 2.5
      vertex -24.3487 -14.9651 0
    endloop
  endfacet
  facet normal 0.44253 0.896754 -0
    outer loop
      vertex -23.6506 -17.5706 0
      vertex -23.85 -17.4722 2.5
      vertex -23.6506 -17.5706 2.5
    endloop
  endfacet
  facet normal 0.44253 0.896754 0
    outer loop
      vertex -23.85 -17.4722 2.5
      vertex -23.6506 -17.5706 0
      vertex -23.85 -17.4722 0
    endloop
  endfacet
  facet normal 0.555426 -0.831566 0
    outer loop
      vertex -24.0349 -14.6513 0
      vertex -23.85 -14.5278 2.5
      vertex -24.0349 -14.6513 2.5
    endloop
  endfacet
  facet normal 0.555426 -0.831566 0
    outer loop
      vertex -23.85 -14.5278 2.5
      vertex -24.0349 -14.6513 0
      vertex -23.85 -14.5278 0
    endloop
  endfacet
  facet normal -0.555426 0.831566 0
    outer loop
      vertex -21.9651 -17.3487 0
      vertex -22.15 -17.4722 2.5
      vertex -21.9651 -17.3487 2.5
    endloop
  endfacet
  facet normal -0.555426 0.831566 0
    outer loop
      vertex -22.15 -17.4722 2.5
      vertex -21.9651 -17.3487 0
      vertex -22.15 -17.4722 0
    endloop
  endfacet
  facet normal -0.751908 0.659268 0
    outer loop
      vertex -21.7979 -17.2021 0
      vertex -21.6513 -17.0349 2.5
      vertex -21.6513 -17.0349 0
    endloop
  endfacet
  facet normal -0.751908 0.659268 0
    outer loop
      vertex -21.6513 -17.0349 2.5
      vertex -21.7979 -17.2021 0
      vertex -21.7979 -17.2021 2.5
    endloop
  endfacet
  facet normal 0.896754 -0.44253 0
    outer loop
      vertex -24.5706 -15.3494 2.5
      vertex -24.4722 -15.15 0
      vertex -24.4722 -15.15 2.5
    endloop
  endfacet
  facet normal 0.896754 -0.44253 0
    outer loop
      vertex -24.4722 -15.15 0
      vertex -24.5706 -15.3494 2.5
      vertex -24.5706 -15.3494 0
    endloop
  endfacet
  facet normal -0.555426 -0.831566 0
    outer loop
      vertex -22.15 17.4722 0
      vertex -21.9651 17.3487 2.5
      vertex -22.15 17.4722 2.5
    endloop
  endfacet
  facet normal -0.555426 -0.831566 -0
    outer loop
      vertex -21.9651 17.3487 2.5
      vertex -22.15 17.4722 0
      vertex -21.9651 17.3487 0
    endloop
  endfacet
  facet normal 0.555426 -0.831566 0
    outer loop
      vertex -24.0349 17.3487 0
      vertex -23.85 17.4722 2.5
      vertex -24.0349 17.3487 2.5
    endloop
  endfacet
  facet normal 0.555426 -0.831566 0
    outer loop
      vertex -23.85 17.4722 2.5
      vertex -24.0349 17.3487 0
      vertex -23.85 17.4722 0
    endloop
  endfacet
  facet normal 0.0652057 0.997872 -0
    outer loop
      vertex -23 14.3 0
      vertex -23.2219 14.3145 2.5
      vertex -23 14.3 2.5
    endloop
  endfacet
  facet normal 0.0652057 0.997872 0
    outer loop
      vertex -23.2219 14.3145 2.5
      vertex -23 14.3 0
      vertex -23.2219 14.3145 0
    endloop
  endfacet
  facet normal -0.195165 0.98077 0
    outer loop
      vertex -22.56 14.3579 0
      vertex -22.7781 14.3145 2.5
      vertex -22.56 14.3579 2.5
    endloop
  endfacet
  facet normal -0.195165 0.98077 0
    outer loop
      vertex -22.7781 14.3145 2.5
      vertex -22.56 14.3579 0
      vertex -22.7781 14.3145 0
    endloop
  endfacet
  facet normal 0.98077 0.195165 0
    outer loop
      vertex -24.6421 15.56 2.5
      vertex -24.6855 15.7781 0
      vertex -24.6855 15.7781 2.5
    endloop
  endfacet
  facet normal 0.98077 0.195165 0
    outer loop
      vertex -24.6855 15.7781 0
      vertex -24.6421 15.56 2.5
      vertex -24.6421 15.56 0
    endloop
  endfacet
  facet normal 0.195165 -0.98077 0
    outer loop
      vertex -23.44 17.6421 0
      vertex -23.2219 17.6855 2.5
      vertex -23.44 17.6421 2.5
    endloop
  endfacet
  facet normal 0.195165 -0.98077 0
    outer loop
      vertex -23.2219 17.6855 2.5
      vertex -23.44 17.6421 0
      vertex -23.2219 17.6855 0
    endloop
  endfacet
  facet normal -0.997872 -0.0652057 0
    outer loop
      vertex -21.3 16 0
      vertex -21.3145 16.2219 2.5
      vertex -21.3145 16.2219 0
    endloop
  endfacet
  facet normal -0.997872 -0.0652057 0
    outer loop
      vertex -21.3145 16.2219 2.5
      vertex -21.3 16 0
      vertex -21.3 16 2.5
    endloop
  endfacet
  facet normal 0.997872 -0.0652057 0
    outer loop
      vertex -24.7 16 2.5
      vertex -24.6855 16.2219 0
      vertex -24.6855 16.2219 2.5
    endloop
  endfacet
  facet normal 0.997872 -0.0652057 0
    outer loop
      vertex -24.6855 16.2219 0
      vertex -24.7 16 2.5
      vertex -24.7 16 0
    endloop
  endfacet
  facet normal -0.946915 -0.321484 0
    outer loop
      vertex -21.3579 16.44 0
      vertex -21.4294 16.6506 2.5
      vertex -21.4294 16.6506 0
    endloop
  endfacet
  facet normal -0.946915 -0.321484 0
    outer loop
      vertex -21.4294 16.6506 2.5
      vertex -21.3579 16.44 0
      vertex -21.3579 16.44 2.5
    endloop
  endfacet
  facet normal 0.321484 -0.946915 0
    outer loop
      vertex -23.6506 17.5706 0
      vertex -23.44 17.6421 2.5
      vertex -23.6506 17.5706 2.5
    endloop
  endfacet
  facet normal 0.321484 -0.946915 0
    outer loop
      vertex -23.44 17.6421 2.5
      vertex -23.6506 17.5706 0
      vertex -23.44 17.6421 0
    endloop
  endfacet
  facet normal -0.98077 -0.195165 0
    outer loop
      vertex -21.3145 16.2219 0
      vertex -21.3579 16.44 2.5
      vertex -21.3579 16.44 0
    endloop
  endfacet
  facet normal -0.98077 -0.195165 0
    outer loop
      vertex -21.3579 16.44 2.5
      vertex -21.3145 16.2219 0
      vertex -21.3145 16.2219 2.5
    endloop
  endfacet
  facet normal 0.659268 0.751908 -0
    outer loop
      vertex -24.0349 14.6513 0
      vertex -24.2021 14.7979 2.5
      vertex -24.0349 14.6513 2.5
    endloop
  endfacet
  facet normal 0.659268 0.751908 0
    outer loop
      vertex -24.2021 14.7979 2.5
      vertex -24.0349 14.6513 0
      vertex -24.2021 14.7979 0
    endloop
  endfacet
  facet normal 0.98077 -0.195165 0
    outer loop
      vertex -24.6855 16.2219 2.5
      vertex -24.6421 16.44 0
      vertex -24.6421 16.44 2.5
    endloop
  endfacet
  facet normal 0.98077 -0.195165 0
    outer loop
      vertex -24.6421 16.44 0
      vertex -24.6855 16.2219 2.5
      vertex -24.6855 16.2219 0
    endloop
  endfacet
  facet normal 0.831566 -0.555426 0
    outer loop
      vertex -24.4722 16.85 2.5
      vertex -24.3487 17.0349 0
      vertex -24.3487 17.0349 2.5
    endloop
  endfacet
  facet normal 0.831566 -0.555426 0
    outer loop
      vertex -24.3487 17.0349 0
      vertex -24.4722 16.85 2.5
      vertex -24.4722 16.85 0
    endloop
  endfacet
  facet normal 0.831566 0.555426 0
    outer loop
      vertex -24.3487 14.9651 2.5
      vertex -24.4722 15.15 0
      vertex -24.4722 15.15 2.5
    endloop
  endfacet
  facet normal 0.831566 0.555426 0
    outer loop
      vertex -24.4722 15.15 0
      vertex -24.3487 14.9651 2.5
      vertex -24.3487 14.9651 0
    endloop
  endfacet
  facet normal -0.195165 -0.98077 0
    outer loop
      vertex -22.7781 17.6855 0
      vertex -22.56 17.6421 2.5
      vertex -22.7781 17.6855 2.5
    endloop
  endfacet
  facet normal -0.195165 -0.98077 -0
    outer loop
      vertex -22.56 17.6421 2.5
      vertex -22.7781 17.6855 0
      vertex -22.56 17.6421 0
    endloop
  endfacet
  facet normal -0.831566 0.555426 0
    outer loop
      vertex -21.6513 14.9651 0
      vertex -21.5278 15.15 2.5
      vertex -21.5278 15.15 0
    endloop
  endfacet
  facet normal -0.831566 0.555426 0
    outer loop
      vertex -21.5278 15.15 2.5
      vertex -21.6513 14.9651 0
      vertex -21.6513 14.9651 2.5
    endloop
  endfacet
  facet normal 0.997872 0.0652057 0
    outer loop
      vertex -24.6855 15.7781 2.5
      vertex -24.7 16 0
      vertex -24.7 16 2.5
    endloop
  endfacet
  facet normal 0.997872 0.0652057 0
    outer loop
      vertex -24.7 16 0
      vertex -24.6855 15.7781 2.5
      vertex -24.6855 15.7781 0
    endloop
  endfacet
  facet normal -0.751908 -0.659268 0
    outer loop
      vertex -21.6513 17.0349 0
      vertex -21.7979 17.2021 2.5
      vertex -21.7979 17.2021 0
    endloop
  endfacet
  facet normal -0.751908 -0.659268 0
    outer loop
      vertex -21.7979 17.2021 2.5
      vertex -21.6513 17.0349 0
      vertex -21.6513 17.0349 2.5
    endloop
  endfacet
  facet normal -0.0652057 -0.997872 0
    outer loop
      vertex -23 17.7 0
      vertex -22.7781 17.6855 2.5
      vertex -23 17.7 2.5
    endloop
  endfacet
  facet normal -0.0652057 -0.997872 -0
    outer loop
      vertex -22.7781 17.6855 2.5
      vertex -23 17.7 0
      vertex -22.7781 17.6855 0
    endloop
  endfacet
  facet normal 0.946915 -0.321484 0
    outer loop
      vertex -24.6421 16.44 2.5
      vertex -24.5706 16.6506 0
      vertex -24.5706 16.6506 2.5
    endloop
  endfacet
  facet normal 0.946915 -0.321484 0
    outer loop
      vertex -24.5706 16.6506 0
      vertex -24.6421 16.44 2.5
      vertex -24.6421 16.44 0
    endloop
  endfacet
  facet normal 0.195165 0.98077 -0
    outer loop
      vertex -23.2219 14.3145 0
      vertex -23.44 14.3579 2.5
      vertex -23.2219 14.3145 2.5
    endloop
  endfacet
  facet normal 0.195165 0.98077 0
    outer loop
      vertex -23.44 14.3579 2.5
      vertex -23.2219 14.3145 0
      vertex -23.44 14.3579 0
    endloop
  endfacet
  facet normal -0.44253 0.896754 0
    outer loop
      vertex -22.15 14.5278 0
      vertex -22.3494 14.4294 2.5
      vertex -22.15 14.5278 2.5
    endloop
  endfacet
  facet normal -0.44253 0.896754 0
    outer loop
      vertex -22.3494 14.4294 2.5
      vertex -22.15 14.5278 0
      vertex -22.3494 14.4294 0
    endloop
  endfacet
  facet normal -0.946915 0.321484 0
    outer loop
      vertex -21.4294 15.3494 0
      vertex -21.3579 15.56 2.5
      vertex -21.3579 15.56 0
    endloop
  endfacet
  facet normal -0.946915 0.321484 0
    outer loop
      vertex -21.3579 15.56 2.5
      vertex -21.4294 15.3494 0
      vertex -21.4294 15.3494 2.5
    endloop
  endfacet
  facet normal -0.831566 -0.555426 0
    outer loop
      vertex -21.5278 16.85 0
      vertex -21.6513 17.0349 2.5
      vertex -21.6513 17.0349 0
    endloop
  endfacet
  facet normal -0.831566 -0.555426 0
    outer loop
      vertex -21.6513 17.0349 2.5
      vertex -21.5278 16.85 0
      vertex -21.5278 16.85 2.5
    endloop
  endfacet
  facet normal 0.896754 0.44253 0
    outer loop
      vertex -24.4722 15.15 2.5
      vertex -24.5706 15.3494 0
      vertex -24.5706 15.3494 2.5
    endloop
  endfacet
  facet normal 0.896754 0.44253 0
    outer loop
      vertex -24.5706 15.3494 0
      vertex -24.4722 15.15 2.5
      vertex -24.4722 15.15 0
    endloop
  endfacet
  facet normal -0.0652057 0.997872 0
    outer loop
      vertex -22.7781 14.3145 0
      vertex -23 14.3 2.5
      vertex -22.7781 14.3145 2.5
    endloop
  endfacet
  facet normal -0.0652057 0.997872 0
    outer loop
      vertex -23 14.3 2.5
      vertex -22.7781 14.3145 0
      vertex -23 14.3 0
    endloop
  endfacet
  facet normal 0.44253 -0.896754 0
    outer loop
      vertex -23.85 17.4722 0
      vertex -23.6506 17.5706 2.5
      vertex -23.85 17.4722 2.5
    endloop
  endfacet
  facet normal 0.44253 -0.896754 0
    outer loop
      vertex -23.6506 17.5706 2.5
      vertex -23.85 17.4722 0
      vertex -23.6506 17.5706 0
    endloop
  endfacet
  facet normal -0.555426 0.831566 0
    outer loop
      vertex -21.9651 14.6513 0
      vertex -22.15 14.5278 2.5
      vertex -21.9651 14.6513 2.5
    endloop
  endfacet
  facet normal -0.555426 0.831566 0
    outer loop
      vertex -22.15 14.5278 2.5
      vertex -21.9651 14.6513 0
      vertex -22.15 14.5278 0
    endloop
  endfacet
  facet normal -0.659268 -0.751908 0
    outer loop
      vertex -21.9651 17.3487 0
      vertex -21.7979 17.2021 2.5
      vertex -21.9651 17.3487 2.5
    endloop
  endfacet
  facet normal -0.659268 -0.751908 -0
    outer loop
      vertex -21.7979 17.2021 2.5
      vertex -21.9651 17.3487 0
      vertex -21.7979 17.2021 0
    endloop
  endfacet
  facet normal 0.946915 0.321484 0
    outer loop
      vertex -24.5706 15.3494 2.5
      vertex -24.6421 15.56 0
      vertex -24.6421 15.56 2.5
    endloop
  endfacet
  facet normal 0.946915 0.321484 0
    outer loop
      vertex -24.6421 15.56 0
      vertex -24.5706 15.3494 2.5
      vertex -24.5706 15.3494 0
    endloop
  endfacet
  facet normal -0.321484 -0.946915 0
    outer loop
      vertex -22.56 17.6421 0
      vertex -22.3494 17.5706 2.5
      vertex -22.56 17.6421 2.5
    endloop
  endfacet
  facet normal -0.321484 -0.946915 -0
    outer loop
      vertex -22.3494 17.5706 2.5
      vertex -22.56 17.6421 0
      vertex -22.3494 17.5706 0
    endloop
  endfacet
  facet normal -0.997872 0.0652057 0
    outer loop
      vertex -21.3145 15.7781 0
      vertex -21.3 16 2.5
      vertex -21.3 16 0
    endloop
  endfacet
  facet normal -0.997872 0.0652057 0
    outer loop
      vertex -21.3 16 2.5
      vertex -21.3145 15.7781 0
      vertex -21.3145 15.7781 2.5
    endloop
  endfacet
  facet normal -0.321484 0.946915 0
    outer loop
      vertex -22.3494 14.4294 0
      vertex -22.56 14.3579 2.5
      vertex -22.3494 14.4294 2.5
    endloop
  endfacet
  facet normal -0.321484 0.946915 0
    outer loop
      vertex -22.56 14.3579 2.5
      vertex -22.3494 14.4294 0
      vertex -22.56 14.3579 0
    endloop
  endfacet
  facet normal -0.98077 0.195165 0
    outer loop
      vertex -21.3579 15.56 0
      vertex -21.3145 15.7781 2.5
      vertex -21.3145 15.7781 0
    endloop
  endfacet
  facet normal -0.98077 0.195165 0
    outer loop
      vertex -21.3145 15.7781 2.5
      vertex -21.3579 15.56 0
      vertex -21.3579 15.56 2.5
    endloop
  endfacet
  facet normal -0.896754 0.44253 0
    outer loop
      vertex -21.5278 15.15 0
      vertex -21.4294 15.3494 2.5
      vertex -21.4294 15.3494 0
    endloop
  endfacet
  facet normal -0.896754 0.44253 0
    outer loop
      vertex -21.4294 15.3494 2.5
      vertex -21.5278 15.15 0
      vertex -21.5278 15.15 2.5
    endloop
  endfacet
  facet normal 0.44253 0.896754 -0
    outer loop
      vertex -23.6506 14.4294 0
      vertex -23.85 14.5278 2.5
      vertex -23.6506 14.4294 2.5
    endloop
  endfacet
  facet normal 0.44253 0.896754 0
    outer loop
      vertex -23.85 14.5278 2.5
      vertex -23.6506 14.4294 0
      vertex -23.85 14.5278 0
    endloop
  endfacet
  facet normal 0.896754 -0.44253 0
    outer loop
      vertex -24.5706 16.6506 2.5
      vertex -24.4722 16.85 0
      vertex -24.4722 16.85 2.5
    endloop
  endfacet
  facet normal 0.896754 -0.44253 0
    outer loop
      vertex -24.4722 16.85 0
      vertex -24.5706 16.6506 2.5
      vertex -24.5706 16.6506 0
    endloop
  endfacet
  facet normal 0.0652057 -0.997872 0
    outer loop
      vertex -23.2219 17.6855 0
      vertex -23 17.7 2.5
      vertex -23.2219 17.6855 2.5
    endloop
  endfacet
  facet normal 0.0652057 -0.997872 0
    outer loop
      vertex -23 17.7 2.5
      vertex -23.2219 17.6855 0
      vertex -23 17.7 0
    endloop
  endfacet
  facet normal -0.44253 -0.896754 0
    outer loop
      vertex -22.3494 17.5706 0
      vertex -22.15 17.4722 2.5
      vertex -22.3494 17.5706 2.5
    endloop
  endfacet
  facet normal -0.44253 -0.896754 -0
    outer loop
      vertex -22.15 17.4722 2.5
      vertex -22.3494 17.5706 0
      vertex -22.15 17.4722 0
    endloop
  endfacet
  facet normal -0.896754 -0.44253 0
    outer loop
      vertex -21.4294 16.6506 0
      vertex -21.5278 16.85 2.5
      vertex -21.5278 16.85 0
    endloop
  endfacet
  facet normal -0.896754 -0.44253 0
    outer loop
      vertex -21.5278 16.85 2.5
      vertex -21.4294 16.6506 0
      vertex -21.4294 16.6506 2.5
    endloop
  endfacet
  facet normal 0.751908 0.659268 0
    outer loop
      vertex -24.2021 14.7979 2.5
      vertex -24.3487 14.9651 0
      vertex -24.3487 14.9651 2.5
    endloop
  endfacet
  facet normal 0.751908 0.659268 0
    outer loop
      vertex -24.3487 14.9651 0
      vertex -24.2021 14.7979 2.5
      vertex -24.2021 14.7979 0
    endloop
  endfacet
  facet normal 0.751908 -0.659268 0
    outer loop
      vertex -24.3487 17.0349 2.5
      vertex -24.2021 17.2021 0
      vertex -24.2021 17.2021 2.5
    endloop
  endfacet
  facet normal 0.751908 -0.659268 0
    outer loop
      vertex -24.2021 17.2021 0
      vertex -24.3487 17.0349 2.5
      vertex -24.3487 17.0349 0
    endloop
  endfacet
  facet normal 0.555426 0.831566 -0
    outer loop
      vertex -23.85 14.5278 0
      vertex -24.0349 14.6513 2.5
      vertex -23.85 14.5278 2.5
    endloop
  endfacet
  facet normal 0.555426 0.831566 0
    outer loop
      vertex -24.0349 14.6513 2.5
      vertex -23.85 14.5278 0
      vertex -24.0349 14.6513 0
    endloop
  endfacet
  facet normal -0.751908 0.659268 0
    outer loop
      vertex -21.7979 14.7979 0
      vertex -21.6513 14.9651 2.5
      vertex -21.6513 14.9651 0
    endloop
  endfacet
  facet normal -0.751908 0.659268 0
    outer loop
      vertex -21.6513 14.9651 2.5
      vertex -21.7979 14.7979 0
      vertex -21.7979 14.7979 2.5
    endloop
  endfacet
  facet normal 0.659268 -0.751908 0
    outer loop
      vertex -24.2021 17.2021 0
      vertex -24.0349 17.3487 2.5
      vertex -24.2021 17.2021 2.5
    endloop
  endfacet
  facet normal 0.659268 -0.751908 0
    outer loop
      vertex -24.0349 17.3487 2.5
      vertex -24.2021 17.2021 0
      vertex -24.0349 17.3487 0
    endloop
  endfacet
  facet normal 0.321484 0.946915 -0
    outer loop
      vertex -23.44 14.3579 0
      vertex -23.6506 14.4294 2.5
      vertex -23.44 14.3579 2.5
    endloop
  endfacet
  facet normal 0.321484 0.946915 0
    outer loop
      vertex -23.6506 14.4294 2.5
      vertex -23.44 14.3579 0
      vertex -23.6506 14.4294 0
    endloop
  endfacet
  facet normal -0.659268 0.751908 0
    outer loop
      vertex -21.7979 14.7979 0
      vertex -21.9651 14.6513 2.5
      vertex -21.7979 14.7979 2.5
    endloop
  endfacet
  facet normal -0.659268 0.751908 0
    outer loop
      vertex -21.9651 14.6513 2.5
      vertex -21.7979 14.7979 0
      vertex -21.9651 14.6513 0
    endloop
  endfacet
  facet normal -0.98077 -0.195165 0
    outer loop
      vertex 24.6855 -15.7781 0
      vertex 24.6421 -15.56 2.5
      vertex 24.6421 -15.56 0
    endloop
  endfacet
  facet normal -0.98077 -0.195165 0
    outer loop
      vertex 24.6421 -15.56 2.5
      vertex 24.6855 -15.7781 0
      vertex 24.6855 -15.7781 2.5
    endloop
  endfacet
  facet normal -0.997872 -0.0652057 0
    outer loop
      vertex 24.7 -16 0
      vertex 24.6855 -15.7781 2.5
      vertex 24.6855 -15.7781 0
    endloop
  endfacet
  facet normal -0.997872 -0.0652057 0
    outer loop
      vertex 24.6855 -15.7781 2.5
      vertex 24.7 -16 0
      vertex 24.7 -16 2.5
    endloop
  endfacet
  facet normal -0.0652057 0.997872 0
    outer loop
      vertex 23.2219 -17.6855 0
      vertex 23 -17.7 2.5
      vertex 23.2219 -17.6855 2.5
    endloop
  endfacet
  facet normal -0.0652057 0.997872 0
    outer loop
      vertex 23 -17.7 2.5
      vertex 23.2219 -17.6855 0
      vertex 23 -17.7 0
    endloop
  endfacet
  facet normal 0.659268 -0.751908 0
    outer loop
      vertex 21.7979 -14.7979 0
      vertex 21.9651 -14.6513 2.5
      vertex 21.7979 -14.7979 2.5
    endloop
  endfacet
  facet normal 0.659268 -0.751908 0
    outer loop
      vertex 21.9651 -14.6513 2.5
      vertex 21.7979 -14.7979 0
      vertex 21.9651 -14.6513 0
    endloop
  endfacet
  facet normal 0.831566 0.555426 0
    outer loop
      vertex 21.6513 -17.0349 2.5
      vertex 21.5278 -16.85 0
      vertex 21.5278 -16.85 2.5
    endloop
  endfacet
  facet normal 0.831566 0.555426 0
    outer loop
      vertex 21.5278 -16.85 0
      vertex 21.6513 -17.0349 2.5
      vertex 21.6513 -17.0349 0
    endloop
  endfacet
  facet normal 0.195165 0.98077 -0
    outer loop
      vertex 22.7781 -17.6855 0
      vertex 22.56 -17.6421 2.5
      vertex 22.7781 -17.6855 2.5
    endloop
  endfacet
  facet normal 0.195165 0.98077 0
    outer loop
      vertex 22.56 -17.6421 2.5
      vertex 22.7781 -17.6855 0
      vertex 22.56 -17.6421 0
    endloop
  endfacet
  facet normal -0.659268 -0.751908 0
    outer loop
      vertex 24.0349 -14.6513 0
      vertex 24.2021 -14.7979 2.5
      vertex 24.0349 -14.6513 2.5
    endloop
  endfacet
  facet normal -0.659268 -0.751908 -0
    outer loop
      vertex 24.2021 -14.7979 2.5
      vertex 24.0349 -14.6513 0
      vertex 24.2021 -14.7979 0
    endloop
  endfacet
  facet normal -0.946915 0.321484 0
    outer loop
      vertex 24.5706 -16.6506 0
      vertex 24.6421 -16.44 2.5
      vertex 24.6421 -16.44 0
    endloop
  endfacet
  facet normal -0.946915 0.321484 0
    outer loop
      vertex 24.6421 -16.44 2.5
      vertex 24.5706 -16.6506 0
      vertex 24.5706 -16.6506 2.5
    endloop
  endfacet
  facet normal -0.751908 0.659268 0
    outer loop
      vertex 24.2021 -17.2021 0
      vertex 24.3487 -17.0349 2.5
      vertex 24.3487 -17.0349 0
    endloop
  endfacet
  facet normal -0.751908 0.659268 0
    outer loop
      vertex 24.3487 -17.0349 2.5
      vertex 24.2021 -17.2021 0
      vertex 24.2021 -17.2021 2.5
    endloop
  endfacet
  facet normal -0.751908 -0.659268 0
    outer loop
      vertex 24.3487 -14.9651 0
      vertex 24.2021 -14.7979 2.5
      vertex 24.2021 -14.7979 0
    endloop
  endfacet
  facet normal -0.751908 -0.659268 0
    outer loop
      vertex 24.2021 -14.7979 2.5
      vertex 24.3487 -14.9651 0
      vertex 24.3487 -14.9651 2.5
    endloop
  endfacet
  facet normal 0.946915 0.321484 0
    outer loop
      vertex 21.4294 -16.6506 2.5
      vertex 21.3579 -16.44 0
      vertex 21.3579 -16.44 2.5
    endloop
  endfacet
  facet normal 0.946915 0.321484 0
    outer loop
      vertex 21.3579 -16.44 0
      vertex 21.4294 -16.6506 2.5
      vertex 21.4294 -16.6506 0
    endloop
  endfacet
  facet normal -0.321484 0.946915 0
    outer loop
      vertex 23.6506 -17.5706 0
      vertex 23.44 -17.6421 2.5
      vertex 23.6506 -17.5706 2.5
    endloop
  endfacet
  facet normal -0.321484 0.946915 0
    outer loop
      vertex 23.44 -17.6421 2.5
      vertex 23.6506 -17.5706 0
      vertex 23.44 -17.6421 0
    endloop
  endfacet
  facet normal 0.0652057 0.997872 -0
    outer loop
      vertex 23 -17.7 0
      vertex 22.7781 -17.6855 2.5
      vertex 23 -17.7 2.5
    endloop
  endfacet
  facet normal 0.0652057 0.997872 0
    outer loop
      vertex 22.7781 -17.6855 2.5
      vertex 23 -17.7 0
      vertex 22.7781 -17.6855 0
    endloop
  endfacet
  facet normal 0.321484 -0.946915 0
    outer loop
      vertex 22.3494 -14.4294 0
      vertex 22.56 -14.3579 2.5
      vertex 22.3494 -14.4294 2.5
    endloop
  endfacet
  facet normal 0.321484 -0.946915 0
    outer loop
      vertex 22.56 -14.3579 2.5
      vertex 22.3494 -14.4294 0
      vertex 22.56 -14.3579 0
    endloop
  endfacet
  facet normal -0.946915 -0.321484 0
    outer loop
      vertex 24.6421 -15.56 0
      vertex 24.5706 -15.3494 2.5
      vertex 24.5706 -15.3494 0
    endloop
  endfacet
  facet normal -0.946915 -0.321484 0
    outer loop
      vertex 24.5706 -15.3494 2.5
      vertex 24.6421 -15.56 0
      vertex 24.6421 -15.56 2.5
    endloop
  endfacet
  facet normal 0.751908 -0.659268 0
    outer loop
      vertex 21.6513 -14.9651 2.5
      vertex 21.7979 -14.7979 0
      vertex 21.7979 -14.7979 2.5
    endloop
  endfacet
  facet normal 0.751908 -0.659268 0
    outer loop
      vertex 21.7979 -14.7979 0
      vertex 21.6513 -14.9651 2.5
      vertex 21.6513 -14.9651 0
    endloop
  endfacet
  facet normal 0.44253 0.896754 -0
    outer loop
      vertex 22.3494 -17.5706 0
      vertex 22.15 -17.4722 2.5
      vertex 22.3494 -17.5706 2.5
    endloop
  endfacet
  facet normal 0.44253 0.896754 0
    outer loop
      vertex 22.15 -17.4722 2.5
      vertex 22.3494 -17.5706 0
      vertex 22.15 -17.4722 0
    endloop
  endfacet
  facet normal 0.0652057 -0.997872 0
    outer loop
      vertex 22.7781 -14.3145 0
      vertex 23 -14.3 2.5
      vertex 22.7781 -14.3145 2.5
    endloop
  endfacet
  facet normal 0.0652057 -0.997872 0
    outer loop
      vertex 23 -14.3 2.5
      vertex 22.7781 -14.3145 0
      vertex 23 -14.3 0
    endloop
  endfacet
  facet normal -0.896754 0.44253 0
    outer loop
      vertex 24.4722 -16.85 0
      vertex 24.5706 -16.6506 2.5
      vertex 24.5706 -16.6506 0
    endloop
  endfacet
  facet normal -0.896754 0.44253 0
    outer loop
      vertex 24.5706 -16.6506 2.5
      vertex 24.4722 -16.85 0
      vertex 24.4722 -16.85 2.5
    endloop
  endfacet
  facet normal -0.555426 0.831566 0
    outer loop
      vertex 24.0349 -17.3487 0
      vertex 23.85 -17.4722 2.5
      vertex 24.0349 -17.3487 2.5
    endloop
  endfacet
  facet normal -0.555426 0.831566 0
    outer loop
      vertex 23.85 -17.4722 2.5
      vertex 24.0349 -17.3487 0
      vertex 23.85 -17.4722 0
    endloop
  endfacet
  facet normal 0.98077 0.195165 0
    outer loop
      vertex 21.3579 -16.44 2.5
      vertex 21.3145 -16.2219 0
      vertex 21.3145 -16.2219 2.5
    endloop
  endfacet
  facet normal 0.98077 0.195165 0
    outer loop
      vertex 21.3145 -16.2219 0
      vertex 21.3579 -16.44 2.5
      vertex 21.3579 -16.44 0
    endloop
  endfacet
  facet normal 0.751908 0.659268 0
    outer loop
      vertex 21.7979 -17.2021 2.5
      vertex 21.6513 -17.0349 0
      vertex 21.6513 -17.0349 2.5
    endloop
  endfacet
  facet normal 0.751908 0.659268 0
    outer loop
      vertex 21.6513 -17.0349 0
      vertex 21.7979 -17.2021 2.5
      vertex 21.7979 -17.2021 0
    endloop
  endfacet
  facet normal -0.195165 -0.98077 0
    outer loop
      vertex 23.2219 -14.3145 0
      vertex 23.44 -14.3579 2.5
      vertex 23.2219 -14.3145 2.5
    endloop
  endfacet
  facet normal -0.195165 -0.98077 -0
    outer loop
      vertex 23.44 -14.3579 2.5
      vertex 23.2219 -14.3145 0
      vertex 23.44 -14.3579 0
    endloop
  endfacet
  facet normal -0.831566 -0.555426 0
    outer loop
      vertex 24.4722 -15.15 0
      vertex 24.3487 -14.9651 2.5
      vertex 24.3487 -14.9651 0
    endloop
  endfacet
  facet normal -0.831566 -0.555426 0
    outer loop
      vertex 24.3487 -14.9651 2.5
      vertex 24.4722 -15.15 0
      vertex 24.4722 -15.15 2.5
    endloop
  endfacet
  facet normal -0.997872 0.0652057 0
    outer loop
      vertex 24.6855 -16.2219 0
      vertex 24.7 -16 2.5
      vertex 24.7 -16 0
    endloop
  endfacet
  facet normal -0.997872 0.0652057 0
    outer loop
      vertex 24.7 -16 2.5
      vertex 24.6855 -16.2219 0
      vertex 24.6855 -16.2219 2.5
    endloop
  endfacet
  facet normal -0.321484 -0.946915 0
    outer loop
      vertex 23.44 -14.3579 0
      vertex 23.6506 -14.4294 2.5
      vertex 23.44 -14.3579 2.5
    endloop
  endfacet
  facet normal -0.321484 -0.946915 -0
    outer loop
      vertex 23.6506 -14.4294 2.5
      vertex 23.44 -14.3579 0
      vertex 23.6506 -14.4294 0
    endloop
  endfacet
  facet normal -0.555426 -0.831566 0
    outer loop
      vertex 23.85 -14.5278 0
      vertex 24.0349 -14.6513 2.5
      vertex 23.85 -14.5278 2.5
    endloop
  endfacet
  facet normal -0.555426 -0.831566 -0
    outer loop
      vertex 24.0349 -14.6513 2.5
      vertex 23.85 -14.5278 0
      vertex 24.0349 -14.6513 0
    endloop
  endfacet
  facet normal 0.195165 -0.98077 0
    outer loop
      vertex 22.56 -14.3579 0
      vertex 22.7781 -14.3145 2.5
      vertex 22.56 -14.3579 2.5
    endloop
  endfacet
  facet normal 0.195165 -0.98077 0
    outer loop
      vertex 22.7781 -14.3145 2.5
      vertex 22.56 -14.3579 0
      vertex 22.7781 -14.3145 0
    endloop
  endfacet
  facet normal -0.659268 0.751908 0
    outer loop
      vertex 24.2021 -17.2021 0
      vertex 24.0349 -17.3487 2.5
      vertex 24.2021 -17.2021 2.5
    endloop
  endfacet
  facet normal -0.659268 0.751908 0
    outer loop
      vertex 24.0349 -17.3487 2.5
      vertex 24.2021 -17.2021 0
      vertex 24.0349 -17.3487 0
    endloop
  endfacet
  facet normal 0.896754 -0.44253 0
    outer loop
      vertex 21.4294 -15.3494 2.5
      vertex 21.5278 -15.15 0
      vertex 21.5278 -15.15 2.5
    endloop
  endfacet
  facet normal 0.896754 -0.44253 0
    outer loop
      vertex 21.5278 -15.15 0
      vertex 21.4294 -15.3494 2.5
      vertex 21.4294 -15.3494 0
    endloop
  endfacet
  facet normal -0.98077 0.195165 0
    outer loop
      vertex 24.6421 -16.44 0
      vertex 24.6855 -16.2219 2.5
      vertex 24.6855 -16.2219 0
    endloop
  endfacet
  facet normal -0.98077 0.195165 0
    outer loop
      vertex 24.6855 -16.2219 2.5
      vertex 24.6421 -16.44 0
      vertex 24.6421 -16.44 2.5
    endloop
  endfacet
  facet normal -0.195165 0.98077 0
    outer loop
      vertex 23.44 -17.6421 0
      vertex 23.2219 -17.6855 2.5
      vertex 23.44 -17.6421 2.5
    endloop
  endfacet
  facet normal -0.195165 0.98077 0
    outer loop
      vertex 23.2219 -17.6855 2.5
      vertex 23.44 -17.6421 0
      vertex 23.2219 -17.6855 0
    endloop
  endfacet
  facet normal 0.659268 0.751908 -0
    outer loop
      vertex 21.9651 -17.3487 0
      vertex 21.7979 -17.2021 2.5
      vertex 21.9651 -17.3487 2.5
    endloop
  endfacet
  facet normal 0.659268 0.751908 0
    outer loop
      vertex 21.7979 -17.2021 2.5
      vertex 21.9651 -17.3487 0
      vertex 21.7979 -17.2021 0
    endloop
  endfacet
  facet normal -0.0652057 -0.997872 0
    outer loop
      vertex 23 -14.3 0
      vertex 23.2219 -14.3145 2.5
      vertex 23 -14.3 2.5
    endloop
  endfacet
  facet normal -0.0652057 -0.997872 -0
    outer loop
      vertex 23.2219 -14.3145 2.5
      vertex 23 -14.3 0
      vertex 23.2219 -14.3145 0
    endloop
  endfacet
  facet normal -0.44253 -0.896754 0
    outer loop
      vertex 23.6506 -14.4294 0
      vertex 23.85 -14.5278 2.5
      vertex 23.6506 -14.4294 2.5
    endloop
  endfacet
  facet normal -0.44253 -0.896754 -0
    outer loop
      vertex 23.85 -14.5278 2.5
      vertex 23.6506 -14.4294 0
      vertex 23.85 -14.5278 0
    endloop
  endfacet
  facet normal -0.831566 0.555426 0
    outer loop
      vertex 24.3487 -17.0349 0
      vertex 24.4722 -16.85 2.5
      vertex 24.4722 -16.85 0
    endloop
  endfacet
  facet normal -0.831566 0.555426 0
    outer loop
      vertex 24.4722 -16.85 2.5
      vertex 24.3487 -17.0349 0
      vertex 24.3487 -17.0349 2.5
    endloop
  endfacet
  facet normal 0.997872 0.0652057 0
    outer loop
      vertex 21.3145 -16.2219 2.5
      vertex 21.3 -16 0
      vertex 21.3 -16 2.5
    endloop
  endfacet
  facet normal 0.997872 0.0652057 0
    outer loop
      vertex 21.3 -16 0
      vertex 21.3145 -16.2219 2.5
      vertex 21.3145 -16.2219 0
    endloop
  endfacet
  facet normal -0.44253 0.896754 0
    outer loop
      vertex 23.85 -17.4722 0
      vertex 23.6506 -17.5706 2.5
      vertex 23.85 -17.4722 2.5
    endloop
  endfacet
  facet normal -0.44253 0.896754 0
    outer loop
      vertex 23.6506 -17.5706 2.5
      vertex 23.85 -17.4722 0
      vertex 23.6506 -17.5706 0
    endloop
  endfacet
  facet normal 0.98077 -0.195165 0
    outer loop
      vertex 21.3145 -15.7781 2.5
      vertex 21.3579 -15.56 0
      vertex 21.3579 -15.56 2.5
    endloop
  endfacet
  facet normal 0.98077 -0.195165 0
    outer loop
      vertex 21.3579 -15.56 0
      vertex 21.3145 -15.7781 2.5
      vertex 21.3145 -15.7781 0
    endloop
  endfacet
  facet normal 0.896754 0.44253 0
    outer loop
      vertex 21.5278 -16.85 2.5
      vertex 21.4294 -16.6506 0
      vertex 21.4294 -16.6506 2.5
    endloop
  endfacet
  facet normal 0.896754 0.44253 0
    outer loop
      vertex 21.4294 -16.6506 0
      vertex 21.5278 -16.85 2.5
      vertex 21.5278 -16.85 0
    endloop
  endfacet
  facet normal 0.946915 -0.321484 0
    outer loop
      vertex 21.3579 -15.56 2.5
      vertex 21.4294 -15.3494 0
      vertex 21.4294 -15.3494 2.5
    endloop
  endfacet
  facet normal 0.946915 -0.321484 0
    outer loop
      vertex 21.4294 -15.3494 0
      vertex 21.3579 -15.56 2.5
      vertex 21.3579 -15.56 0
    endloop
  endfacet
  facet normal -0.896754 -0.44253 0
    outer loop
      vertex 24.5706 -15.3494 0
      vertex 24.4722 -15.15 2.5
      vertex 24.4722 -15.15 0
    endloop
  endfacet
  facet normal -0.896754 -0.44253 0
    outer loop
      vertex 24.4722 -15.15 2.5
      vertex 24.5706 -15.3494 0
      vertex 24.5706 -15.3494 2.5
    endloop
  endfacet
  facet normal 0.997872 -0.0652057 0
    outer loop
      vertex 21.3 -16 2.5
      vertex 21.3145 -15.7781 0
      vertex 21.3145 -15.7781 2.5
    endloop
  endfacet
  facet normal 0.997872 -0.0652057 0
    outer loop
      vertex 21.3145 -15.7781 0
      vertex 21.3 -16 2.5
      vertex 21.3 -16 0
    endloop
  endfacet
  facet normal 0.321484 0.946915 -0
    outer loop
      vertex 22.56 -17.6421 0
      vertex 22.3494 -17.5706 2.5
      vertex 22.56 -17.6421 2.5
    endloop
  endfacet
  facet normal 0.321484 0.946915 0
    outer loop
      vertex 22.3494 -17.5706 2.5
      vertex 22.56 -17.6421 0
      vertex 22.3494 -17.5706 0
    endloop
  endfacet
  facet normal 0.44253 -0.896754 0
    outer loop
      vertex 22.15 -14.5278 0
      vertex 22.3494 -14.4294 2.5
      vertex 22.15 -14.5278 2.5
    endloop
  endfacet
  facet normal 0.44253 -0.896754 0
    outer loop
      vertex 22.3494 -14.4294 2.5
      vertex 22.15 -14.5278 0
      vertex 22.3494 -14.4294 0
    endloop
  endfacet
  facet normal 0.555426 -0.831566 0
    outer loop
      vertex 21.9651 -14.6513 0
      vertex 22.15 -14.5278 2.5
      vertex 21.9651 -14.6513 2.5
    endloop
  endfacet
  facet normal 0.555426 -0.831566 0
    outer loop
      vertex 22.15 -14.5278 2.5
      vertex 21.9651 -14.6513 0
      vertex 22.15 -14.5278 0
    endloop
  endfacet
  facet normal 0.831566 -0.555426 0
    outer loop
      vertex 21.5278 -15.15 2.5
      vertex 21.6513 -14.9651 0
      vertex 21.6513 -14.9651 2.5
    endloop
  endfacet
  facet normal 0.831566 -0.555426 0
    outer loop
      vertex 21.6513 -14.9651 0
      vertex 21.5278 -15.15 2.5
      vertex 21.5278 -15.15 0
    endloop
  endfacet
  facet normal 0.555426 0.831566 -0
    outer loop
      vertex 22.15 -17.4722 0
      vertex 21.9651 -17.3487 2.5
      vertex 22.15 -17.4722 2.5
    endloop
  endfacet
  facet normal 0.555426 0.831566 0
    outer loop
      vertex 21.9651 -17.3487 2.5
      vertex 22.15 -17.4722 0
      vertex 21.9651 -17.3487 0
    endloop
  endfacet
  facet normal -0.98077 -0.195165 0
    outer loop
      vertex 24.6855 16.2219 0
      vertex 24.6421 16.44 2.5
      vertex 24.6421 16.44 0
    endloop
  endfacet
  facet normal -0.98077 -0.195165 0
    outer loop
      vertex 24.6421 16.44 2.5
      vertex 24.6855 16.2219 0
      vertex 24.6855 16.2219 2.5
    endloop
  endfacet
  facet normal -0.997872 -0.0652057 0
    outer loop
      vertex 24.7 16 0
      vertex 24.6855 16.2219 2.5
      vertex 24.6855 16.2219 0
    endloop
  endfacet
  facet normal -0.997872 -0.0652057 0
    outer loop
      vertex 24.6855 16.2219 2.5
      vertex 24.7 16 0
      vertex 24.7 16 2.5
    endloop
  endfacet
  facet normal 0.44253 -0.896754 0
    outer loop
      vertex 22.15 17.4722 0
      vertex 22.3494 17.5706 2.5
      vertex 22.15 17.4722 2.5
    endloop
  endfacet
  facet normal 0.44253 -0.896754 0
    outer loop
      vertex 22.3494 17.5706 2.5
      vertex 22.15 17.4722 0
      vertex 22.3494 17.5706 0
    endloop
  endfacet
  facet normal -0.555426 -0.831566 0
    outer loop
      vertex 23.85 17.4722 0
      vertex 24.0349 17.3487 2.5
      vertex 23.85 17.4722 2.5
    endloop
  endfacet
  facet normal -0.555426 -0.831566 -0
    outer loop
      vertex 24.0349 17.3487 2.5
      vertex 23.85 17.4722 0
      vertex 24.0349 17.3487 0
    endloop
  endfacet
  facet normal 0.659268 -0.751908 0
    outer loop
      vertex 21.7979 17.2021 0
      vertex 21.9651 17.3487 2.5
      vertex 21.7979 17.2021 2.5
    endloop
  endfacet
  facet normal 0.659268 -0.751908 0
    outer loop
      vertex 21.9651 17.3487 2.5
      vertex 21.7979 17.2021 0
      vertex 21.9651 17.3487 0
    endloop
  endfacet
  facet normal -0.321484 0.946915 0
    outer loop
      vertex 23.6506 14.4294 0
      vertex 23.44 14.3579 2.5
      vertex 23.6506 14.4294 2.5
    endloop
  endfacet
  facet normal -0.321484 0.946915 0
    outer loop
      vertex 23.44 14.3579 2.5
      vertex 23.6506 14.4294 0
      vertex 23.44 14.3579 0
    endloop
  endfacet
  facet normal -0.831566 0.555426 0
    outer loop
      vertex 24.3487 14.9651 0
      vertex 24.4722 15.15 2.5
      vertex 24.4722 15.15 0
    endloop
  endfacet
  facet normal -0.831566 0.555426 0
    outer loop
      vertex 24.4722 15.15 2.5
      vertex 24.3487 14.9651 0
      vertex 24.3487 14.9651 2.5
    endloop
  endfacet
  facet normal -0.946915 0.321484 0
    outer loop
      vertex 24.5706 15.3494 0
      vertex 24.6421 15.56 2.5
      vertex 24.6421 15.56 0
    endloop
  endfacet
  facet normal -0.946915 0.321484 0
    outer loop
      vertex 24.6421 15.56 2.5
      vertex 24.5706 15.3494 0
      vertex 24.5706 15.3494 2.5
    endloop
  endfacet
  facet normal -0.321484 -0.946915 0
    outer loop
      vertex 23.44 17.6421 0
      vertex 23.6506 17.5706 2.5
      vertex 23.44 17.6421 2.5
    endloop
  endfacet
  facet normal -0.321484 -0.946915 -0
    outer loop
      vertex 23.6506 17.5706 2.5
      vertex 23.44 17.6421 0
      vertex 23.6506 17.5706 0
    endloop
  endfacet
  facet normal -0.195165 -0.98077 0
    outer loop
      vertex 23.2219 17.6855 0
      vertex 23.44 17.6421 2.5
      vertex 23.2219 17.6855 2.5
    endloop
  endfacet
  facet normal -0.195165 -0.98077 -0
    outer loop
      vertex 23.44 17.6421 2.5
      vertex 23.2219 17.6855 0
      vertex 23.44 17.6421 0
    endloop
  endfacet
  facet normal 0.555426 -0.831566 0
    outer loop
      vertex 21.9651 17.3487 0
      vertex 22.15 17.4722 2.5
      vertex 21.9651 17.3487 2.5
    endloop
  endfacet
  facet normal 0.555426 -0.831566 0
    outer loop
      vertex 22.15 17.4722 2.5
      vertex 21.9651 17.3487 0
      vertex 22.15 17.4722 0
    endloop
  endfacet
  facet normal -0.896754 0.44253 0
    outer loop
      vertex 24.4722 15.15 0
      vertex 24.5706 15.3494 2.5
      vertex 24.5706 15.3494 0
    endloop
  endfacet
  facet normal -0.896754 0.44253 0
    outer loop
      vertex 24.5706 15.3494 2.5
      vertex 24.4722 15.15 0
      vertex 24.4722 15.15 2.5
    endloop
  endfacet
  facet normal -0.659268 -0.751908 0
    outer loop
      vertex 24.0349 17.3487 0
      vertex 24.2021 17.2021 2.5
      vertex 24.0349 17.3487 2.5
    endloop
  endfacet
  facet normal -0.659268 -0.751908 -0
    outer loop
      vertex 24.2021 17.2021 2.5
      vertex 24.0349 17.3487 0
      vertex 24.2021 17.2021 0
    endloop
  endfacet
  facet normal -0.555426 0.831566 0
    outer loop
      vertex 24.0349 14.6513 0
      vertex 23.85 14.5278 2.5
      vertex 24.0349 14.6513 2.5
    endloop
  endfacet
  facet normal -0.555426 0.831566 0
    outer loop
      vertex 23.85 14.5278 2.5
      vertex 24.0349 14.6513 0
      vertex 23.85 14.5278 0
    endloop
  endfacet
  facet normal -0.44253 -0.896754 0
    outer loop
      vertex 23.6506 17.5706 0
      vertex 23.85 17.4722 2.5
      vertex 23.6506 17.5706 2.5
    endloop
  endfacet
  facet normal -0.44253 -0.896754 -0
    outer loop
      vertex 23.85 17.4722 2.5
      vertex 23.6506 17.5706 0
      vertex 23.85 17.4722 0
    endloop
  endfacet
  facet normal 0.659268 0.751908 -0
    outer loop
      vertex 21.9651 14.6513 0
      vertex 21.7979 14.7979 2.5
      vertex 21.9651 14.6513 2.5
    endloop
  endfacet
  facet normal 0.659268 0.751908 0
    outer loop
      vertex 21.7979 14.7979 2.5
      vertex 21.9651 14.6513 0
      vertex 21.7979 14.7979 0
    endloop
  endfacet
  facet normal 0.751908 0.659268 0
    outer loop
      vertex 21.7979 14.7979 2.5
      vertex 21.6513 14.9651 0
      vertex 21.6513 14.9651 2.5
    endloop
  endfacet
  facet normal 0.751908 0.659268 0
    outer loop
      vertex 21.6513 14.9651 0
      vertex 21.7979 14.7979 2.5
      vertex 21.7979 14.7979 0
    endloop
  endfacet
  facet normal 0.831566 0.555426 0
    outer loop
      vertex 21.6513 14.9651 2.5
      vertex 21.5278 15.15 0
      vertex 21.5278 15.15 2.5
    endloop
  endfacet
  facet normal 0.831566 0.555426 0
    outer loop
      vertex 21.5278 15.15 0
      vertex 21.6513 14.9651 2.5
      vertex 21.6513 14.9651 0
    endloop
  endfacet
  facet normal -0.831566 -0.555426 0
    outer loop
      vertex 24.4722 16.85 0
      vertex 24.3487 17.0349 2.5
      vertex 24.3487 17.0349 0
    endloop
  endfacet
  facet normal -0.831566 -0.555426 0
    outer loop
      vertex 24.3487 17.0349 2.5
      vertex 24.4722 16.85 0
      vertex 24.4722 16.85 2.5
    endloop
  endfacet
  facet normal -0.195165 0.98077 0
    outer loop
      vertex 23.44 14.3579 0
      vertex 23.2219 14.3145 2.5
      vertex 23.44 14.3579 2.5
    endloop
  endfacet
  facet normal -0.195165 0.98077 0
    outer loop
      vertex 23.2219 14.3145 2.5
      vertex 23.44 14.3579 0
      vertex 23.2219 14.3145 0
    endloop
  endfacet
  facet normal -0.98077 0.195165 0
    outer loop
      vertex 24.6421 15.56 0
      vertex 24.6855 15.7781 2.5
      vertex 24.6855 15.7781 0
    endloop
  endfacet
  facet normal -0.98077 0.195165 0
    outer loop
      vertex 24.6855 15.7781 2.5
      vertex 24.6421 15.56 0
      vertex 24.6421 15.56 2.5
    endloop
  endfacet
  facet normal 0.946915 0.321484 0
    outer loop
      vertex 21.4294 15.3494 2.5
      vertex 21.3579 15.56 0
      vertex 21.3579 15.56 2.5
    endloop
  endfacet
  facet normal 0.946915 0.321484 0
    outer loop
      vertex 21.3579 15.56 0
      vertex 21.4294 15.3494 2.5
      vertex 21.4294 15.3494 0
    endloop
  endfacet
  facet normal -0.44253 0.896754 0
    outer loop
      vertex 23.85 14.5278 0
      vertex 23.6506 14.4294 2.5
      vertex 23.85 14.5278 2.5
    endloop
  endfacet
  facet normal -0.44253 0.896754 0
    outer loop
      vertex 23.6506 14.4294 2.5
      vertex 23.85 14.5278 0
      vertex 23.6506 14.4294 0
    endloop
  endfacet
  facet normal -0.0652057 -0.997872 0
    outer loop
      vertex 23 17.7 0
      vertex 23.2219 17.6855 2.5
      vertex 23 17.7 2.5
    endloop
  endfacet
  facet normal -0.0652057 -0.997872 -0
    outer loop
      vertex 23.2219 17.6855 2.5
      vertex 23 17.7 0
      vertex 23.2219 17.6855 0
    endloop
  endfacet
  facet normal 0.321484 -0.946915 0
    outer loop
      vertex 22.3494 17.5706 0
      vertex 22.56 17.6421 2.5
      vertex 22.3494 17.5706 2.5
    endloop
  endfacet
  facet normal 0.321484 -0.946915 0
    outer loop
      vertex 22.56 17.6421 2.5
      vertex 22.3494 17.5706 0
      vertex 22.56 17.6421 0
    endloop
  endfacet
  facet normal 0.195165 -0.98077 0
    outer loop
      vertex 22.56 17.6421 0
      vertex 22.7781 17.6855 2.5
      vertex 22.56 17.6421 2.5
    endloop
  endfacet
  facet normal 0.195165 -0.98077 0
    outer loop
      vertex 22.7781 17.6855 2.5
      vertex 22.56 17.6421 0
      vertex 22.7781 17.6855 0
    endloop
  endfacet
  facet normal -0.896754 -0.44253 0
    outer loop
      vertex 24.5706 16.6506 0
      vertex 24.4722 16.85 2.5
      vertex 24.4722 16.85 0
    endloop
  endfacet
  facet normal -0.896754 -0.44253 0
    outer loop
      vertex 24.4722 16.85 2.5
      vertex 24.5706 16.6506 0
      vertex 24.5706 16.6506 2.5
    endloop
  endfacet
  facet normal -0.997872 0.0652057 0
    outer loop
      vertex 24.6855 15.7781 0
      vertex 24.7 16 2.5
      vertex 24.7 16 0
    endloop
  endfacet
  facet normal -0.997872 0.0652057 0
    outer loop
      vertex 24.7 16 2.5
      vertex 24.6855 15.7781 0
      vertex 24.6855 15.7781 2.5
    endloop
  endfacet
  facet normal -0.0652057 0.997872 0
    outer loop
      vertex 23.2219 14.3145 0
      vertex 23 14.3 2.5
      vertex 23.2219 14.3145 2.5
    endloop
  endfacet
  facet normal -0.0652057 0.997872 0
    outer loop
      vertex 23 14.3 2.5
      vertex 23.2219 14.3145 0
      vertex 23 14.3 0
    endloop
  endfacet
  facet normal -0.751908 -0.659268 0
    outer loop
      vertex 24.3487 17.0349 0
      vertex 24.2021 17.2021 2.5
      vertex 24.2021 17.2021 0
    endloop
  endfacet
  facet normal -0.751908 -0.659268 0
    outer loop
      vertex 24.2021 17.2021 2.5
      vertex 24.3487 17.0349 0
      vertex 24.3487 17.0349 2.5
    endloop
  endfacet
  facet normal 0.997872 0.0652057 0
    outer loop
      vertex 21.3145 15.7781 2.5
      vertex 21.3 16 0
      vertex 21.3 16 2.5
    endloop
  endfacet
  facet normal 0.997872 0.0652057 0
    outer loop
      vertex 21.3 16 0
      vertex 21.3145 15.7781 2.5
      vertex 21.3145 15.7781 0
    endloop
  endfacet
  facet normal -0.751908 0.659268 0
    outer loop
      vertex 24.2021 14.7979 0
      vertex 24.3487 14.9651 2.5
      vertex 24.3487 14.9651 0
    endloop
  endfacet
  facet normal -0.751908 0.659268 0
    outer loop
      vertex 24.3487 14.9651 2.5
      vertex 24.2021 14.7979 0
      vertex 24.2021 14.7979 2.5
    endloop
  endfacet
  facet normal 0.751908 -0.659268 0
    outer loop
      vertex 21.6513 17.0349 2.5
      vertex 21.7979 17.2021 0
      vertex 21.7979 17.2021 2.5
    endloop
  endfacet
  facet normal 0.751908 -0.659268 0
    outer loop
      vertex 21.7979 17.2021 0
      vertex 21.6513 17.0349 2.5
      vertex 21.6513 17.0349 0
    endloop
  endfacet
  facet normal 0.831566 -0.555426 0
    outer loop
      vertex 21.5278 16.85 2.5
      vertex 21.6513 17.0349 0
      vertex 21.6513 17.0349 2.5
    endloop
  endfacet
  facet normal 0.831566 -0.555426 0
    outer loop
      vertex 21.6513 17.0349 0
      vertex 21.5278 16.85 2.5
      vertex 21.5278 16.85 0
    endloop
  endfacet
  facet normal 0.0652057 -0.997872 0
    outer loop
      vertex 22.7781 17.6855 0
      vertex 23 17.7 2.5
      vertex 22.7781 17.6855 2.5
    endloop
  endfacet
  facet normal 0.0652057 -0.997872 0
    outer loop
      vertex 23 17.7 2.5
      vertex 22.7781 17.6855 0
      vertex 23 17.7 0
    endloop
  endfacet
  facet normal 0.98077 0.195165 0
    outer loop
      vertex 21.3579 15.56 2.5
      vertex 21.3145 15.7781 0
      vertex 21.3145 15.7781 2.5
    endloop
  endfacet
  facet normal 0.98077 0.195165 0
    outer loop
      vertex 21.3145 15.7781 0
      vertex 21.3579 15.56 2.5
      vertex 21.3579 15.56 0
    endloop
  endfacet
  facet normal 0.321484 0.946915 -0
    outer loop
      vertex 22.56 14.3579 0
      vertex 22.3494 14.4294 2.5
      vertex 22.56 14.3579 2.5
    endloop
  endfacet
  facet normal 0.321484 0.946915 0
    outer loop
      vertex 22.3494 14.4294 2.5
      vertex 22.56 14.3579 0
      vertex 22.3494 14.4294 0
    endloop
  endfacet
  facet normal -0.946915 -0.321484 0
    outer loop
      vertex 24.6421 16.44 0
      vertex 24.5706 16.6506 2.5
      vertex 24.5706 16.6506 0
    endloop
  endfacet
  facet normal -0.946915 -0.321484 0
    outer loop
      vertex 24.5706 16.6506 2.5
      vertex 24.6421 16.44 0
      vertex 24.6421 16.44 2.5
    endloop
  endfacet
  facet normal 0.44253 0.896754 -0
    outer loop
      vertex 22.3494 14.4294 0
      vertex 22.15 14.5278 2.5
      vertex 22.3494 14.4294 2.5
    endloop
  endfacet
  facet normal 0.44253 0.896754 0
    outer loop
      vertex 22.15 14.5278 2.5
      vertex 22.3494 14.4294 0
      vertex 22.15 14.5278 0
    endloop
  endfacet
  facet normal 0.555426 0.831566 -0
    outer loop
      vertex 22.15 14.5278 0
      vertex 21.9651 14.6513 2.5
      vertex 22.15 14.5278 2.5
    endloop
  endfacet
  facet normal 0.555426 0.831566 0
    outer loop
      vertex 21.9651 14.6513 2.5
      vertex 22.15 14.5278 0
      vertex 21.9651 14.6513 0
    endloop
  endfacet
  facet normal 0.0652057 0.997872 -0
    outer loop
      vertex 23 14.3 0
      vertex 22.7781 14.3145 2.5
      vertex 23 14.3 2.5
    endloop
  endfacet
  facet normal 0.0652057 0.997872 0
    outer loop
      vertex 22.7781 14.3145 2.5
      vertex 23 14.3 0
      vertex 22.7781 14.3145 0
    endloop
  endfacet
  facet normal 0.195165 0.98077 -0
    outer loop
      vertex 22.7781 14.3145 0
      vertex 22.56 14.3579 2.5
      vertex 22.7781 14.3145 2.5
    endloop
  endfacet
  facet normal 0.195165 0.98077 0
    outer loop
      vertex 22.56 14.3579 2.5
      vertex 22.7781 14.3145 0
      vertex 22.56 14.3579 0
    endloop
  endfacet
  facet normal 0.896754 -0.44253 0
    outer loop
      vertex 21.4294 16.6506 2.5
      vertex 21.5278 16.85 0
      vertex 21.5278 16.85 2.5
    endloop
  endfacet
  facet normal 0.896754 -0.44253 0
    outer loop
      vertex 21.5278 16.85 0
      vertex 21.4294 16.6506 2.5
      vertex 21.4294 16.6506 0
    endloop
  endfacet
  facet normal 0.896754 0.44253 0
    outer loop
      vertex 21.5278 15.15 2.5
      vertex 21.4294 15.3494 0
      vertex 21.4294 15.3494 2.5
    endloop
  endfacet
  facet normal 0.896754 0.44253 0
    outer loop
      vertex 21.4294 15.3494 0
      vertex 21.5278 15.15 2.5
      vertex 21.5278 15.15 0
    endloop
  endfacet
  facet normal 0.997872 -0.0652057 0
    outer loop
      vertex 21.3 16 2.5
      vertex 21.3145 16.2219 0
      vertex 21.3145 16.2219 2.5
    endloop
  endfacet
  facet normal 0.997872 -0.0652057 0
    outer loop
      vertex 21.3145 16.2219 0
      vertex 21.3 16 2.5
      vertex 21.3 16 0
    endloop
  endfacet
  facet normal 0.98077 -0.195165 0
    outer loop
      vertex 21.3145 16.2219 2.5
      vertex 21.3579 16.44 0
      vertex 21.3579 16.44 2.5
    endloop
  endfacet
  facet normal 0.98077 -0.195165 0
    outer loop
      vertex 21.3579 16.44 0
      vertex 21.3145 16.2219 2.5
      vertex 21.3145 16.2219 0
    endloop
  endfacet
  facet normal 0.946915 -0.321484 0
    outer loop
      vertex 21.3579 16.44 2.5
      vertex 21.4294 16.6506 0
      vertex 21.4294 16.6506 2.5
    endloop
  endfacet
  facet normal 0.946915 -0.321484 0
    outer loop
      vertex 21.4294 16.6506 0
      vertex 21.3579 16.44 2.5
      vertex 21.3579 16.44 0
    endloop
  endfacet
  facet normal -0.659268 0.751908 0
    outer loop
      vertex 24.2021 14.7979 0
      vertex 24.0349 14.6513 2.5
      vertex 24.2021 14.7979 2.5
    endloop
  endfacet
  facet normal -0.659268 0.751908 0
    outer loop
      vertex 24.0349 14.6513 2.5
      vertex 24.2021 14.7979 0
      vertex 24.0349 14.6513 0
    endloop
  endfacet
  facet normal -1 0 0
    outer loop
      vertex -11 -9 0
      vertex -11 9 2.5
      vertex -11 9 0
    endloop
  endfacet
  facet normal -1 -0 0
    outer loop
      vertex -11 9 2.5
      vertex -11 -9 0
      vertex -11 -9 2.5
    endloop
  endfacet
  facet normal 0 -1 0
    outer loop
      vertex -29 9 0
      vertex -11 9 2.5
      vertex -29 9 2.5
    endloop
  endfacet
  facet normal 0 -1 -0
    outer loop
      vertex -11 9 2.5
      vertex -29 9 0
      vertex -11 9 0
    endloop
  endfacet
  facet normal 0 1 -0
    outer loop
      vertex -11 -9 0
      vertex -29 -9 2.5
      vertex -11 -9 2.5
    endloop
  endfacet
  facet normal 0 1 0
    outer loop
      vertex -29 -9 2.5
      vertex -11 -9 0
      vertex -29 -9 0
    endloop
  endfacet
  facet normal 1 -0 0
    outer loop
      vertex 11 -9 2.5
      vertex 11 9 0
      vertex 11 9 2.5
    endloop
  endfacet
  facet normal 1 0 0
    outer loop
      vertex 11 9 0
      vertex 11 -9 2.5
      vertex 11 -9 0
    endloop
  endfacet
  facet normal 0 -1 0
    outer loop
      vertex 11 9 0
      vertex 29 9 2.5
      vertex 11 9 2.5
    endloop
  endfacet
  facet normal 0 -1 -0
    outer loop
      vertex 29 9 2.5
      vertex 11 9 0
      vertex 29 9 0
    endloop
  endfacet
  facet normal 0 1 -0
    outer loop
      vertex 29 -9 0
      vertex 11 -9 2.5
      vertex 29 -9 2.5
    endloop
  endfacet
  facet normal 0 1 0
    outer loop
      vertex 11 -9 2.5
      vertex 29 -9 0
      vertex 11 -9 0
    endloop
  endfacet
  facet normal 1 -0 0
    outer loop
      vertex 29 9 2.5
      vertex 29 21 0
      vertex 29 21 2.5
    endloop
  endfacet
  facet normal 1 0 0
    outer loop
      vertex 29 21 0
      vertex 29 9 2.5
      vertex 29 9 0
    endloop
  endfacet
  facet normal 1 -0 0
    outer loop
      vertex 29 -21 2.5
      vertex 29 -9 0
      vertex 29 -9 2.5
    endloop
  endfacet
  facet normal 1 0 0
    outer loop
      vertex 29 -9 0
      vertex 29 -21 2.5
      vertex 29 -21 0
    endloop
  endfacet
  facet normal 0 0 1
    outer loop
      vertex -11 -9 2.5
      vertex -21.3145 -15.7781 2.5
      vertex -21.3 -16 2.5
    endloop
  endfacet
  facet normal 0 0 1
    outer loop
      vertex -11 -9 2.5
      vertex -21.3579 -15.56 2.5
      vertex -21.3145 -15.7781 2.5
    endloop
  endfacet
  facet normal 0 0 1
    outer loop
      vertex -11 -9 2.5
      vertex -21.4294 -15.3494 2.5
      vertex -21.3579 -15.56 2.5
    endloop
  endfacet
  facet normal 0 0 1
    outer loop
      vertex -11 -9 2.5
      vertex -21.5278 -15.15 2.5
      vertex -21.4294 -15.3494 2.5
    endloop
  endfacet
  facet normal 0 0 1
    outer loop
      vertex -11 -9 2.5
      vertex -21.6513 -14.9651 2.5
      vertex -21.5278 -15.15 2.5
    endloop
  endfacet
  facet normal 0 0 1
    outer loop
      vertex -11 -9 2.5
      vertex -21.7979 -14.7979 2.5
      vertex -21.6513 -14.9651 2.5
    endloop
  endfacet
  facet normal 0 0 1
    outer loop
      vertex -11 -9 2.5
      vertex -21.9651 -14.6513 2.5
      vertex -21.7979 -14.7979 2.5
    endloop
  endfacet
  facet normal 0 0 1
    outer loop
      vertex -11 -9 2.5
      vertex -22.15 -14.5278 2.5
      vertex -21.9651 -14.6513 2.5
    endloop
  endfacet
  facet normal 0 0 1
    outer loop
      vertex -11 -9 2.5
      vertex -22.3494 -14.4294 2.5
      vertex -22.15 -14.5278 2.5
    endloop
  endfacet
  facet normal 0 0 1
    outer loop
      vertex -11 -9 2.5
      vertex -22.56 -14.3579 2.5
      vertex -22.3494 -14.4294 2.5
    endloop
  endfacet
  facet normal -0 0 1
    outer loop
      vertex -29 -9 2.5
      vertex -22.56 -14.3579 2.5
      vertex -11 -9 2.5
    endloop
  endfacet
  facet normal 0 0 1
    outer loop
      vertex -22.56 -14.3579 2.5
      vertex -29 -9 2.5
      vertex -22.7781 -14.3145 2.5
    endloop
  endfacet
  facet normal 0 0 1
    outer loop
      vertex -22.7781 -14.3145 2.5
      vertex -29 -9 2.5
      vertex -23 -14.3 2.5
    endloop
  endfacet
  facet normal 0 0 1
    outer loop
      vertex -23 -14.3 2.5
      vertex -29 -9 2.5
      vertex -23.2219 -14.3145 2.5
    endloop
  endfacet
  facet normal 0 0 1
    outer loop
      vertex -23.2219 -14.3145 2.5
      vertex -29 -9 2.5
      vertex -23.44 -14.3579 2.5
    endloop
  endfacet
  facet normal 0 0 1
    outer loop
      vertex -29 -21 2.5
      vertex -24.6855 -15.7781 2.5
      vertex -29 -9 2.5
    endloop
  endfacet
  facet normal 0 0 1
    outer loop
      vertex -24.6421 -15.56 2.5
      vertex -29 -9 2.5
      vertex -24.6855 -15.7781 2.5
    endloop
  endfacet
  facet normal 0 0 1
    outer loop
      vertex -24.5706 -15.3494 2.5
      vertex -29 -9 2.5
      vertex -24.6421 -15.56 2.5
    endloop
  endfacet
  facet normal 0 0 1
    outer loop
      vertex -24.4722 -15.15 2.5
      vertex -29 -9 2.5
      vertex -24.5706 -15.3494 2.5
    endloop
  endfacet
  facet normal 0 0 1
    outer loop
      vertex -24.3487 -14.9651 2.5
      vertex -29 -9 2.5
      vertex -24.4722 -15.15 2.5
    endloop
  endfacet
  facet normal 0 0 1
    outer loop
      vertex -24.2021 -14.7979 2.5
      vertex -29 -9 2.5
      vertex -24.3487 -14.9651 2.5
    endloop
  endfacet
  facet normal 0 0 1
    outer loop
      vertex -24.0349 -14.6513 2.5
      vertex -29 -9 2.5
      vertex -24.2021 -14.7979 2.5
    endloop
  endfacet
  facet normal 0 0 1
    outer loop
      vertex -23.85 -14.5278 2.5
      vertex -29 -9 2.5
      vertex -24.0349 -14.6513 2.5
    endloop
  endfacet
  facet normal 0 0 1
    outer loop
      vertex -23.6506 -14.4294 2.5
      vertex -29 -9 2.5
      vertex -23.85 -14.5278 2.5
    endloop
  endfacet
  facet normal 0 0 1
    outer loop
      vertex -23.44 -14.3579 2.5
      vertex -29 -9 2.5
      vertex -23.6506 -14.4294 2.5
    endloop
  endfacet
  facet normal 0 0 1
    outer loop
      vertex 24.6855 15.7781 2.5
      vertex 29 21 2.5
      vertex 24.7 16 2.5
    endloop
  endfacet
  facet normal 0 0 1
    outer loop
      vertex 29 21 2.5
      vertex 24.6855 16.2219 2.5
      vertex 24.7 16 2.5
    endloop
  endfacet
  facet normal 0 0 1
    outer loop
      vertex 29 21 2.5
      vertex 24.6421 16.44 2.5
      vertex 24.6855 16.2219 2.5
    endloop
  endfacet
  facet normal 0 0 1
    outer loop
      vertex 29 21 2.5
      vertex 24.5706 16.6506 2.5
      vertex 24.6421 16.44 2.5
    endloop
  endfacet
  facet normal 0 0 1
    outer loop
      vertex 29 21 2.5
      vertex 24.4722 16.85 2.5
      vertex 24.5706 16.6506 2.5
    endloop
  endfacet
  facet normal 0 0 1
    outer loop
      vertex 29 21 2.5
      vertex 24.3487 17.0349 2.5
      vertex 24.4722 16.85 2.5
    endloop
  endfacet
  facet normal 0 0 1
    outer loop
      vertex 29 21 2.5
      vertex 24.2021 17.2021 2.5
      vertex 24.3487 17.0349 2.5
    endloop
  endfacet
  facet normal 0 0 1
    outer loop
      vertex 29 21 2.5
      vertex 24.0349 17.3487 2.5
      vertex 24.2021 17.2021 2.5
    endloop
  endfacet
  facet normal 0 0 1
    outer loop
      vertex 29 21 2.5
      vertex 23.85 17.4722 2.5
      vertex 24.0349 17.3487 2.5
    endloop
  endfacet
  facet normal 0 0 1
    outer loop
      vertex 29 21 2.5
      vertex 23.6506 17.5706 2.5
      vertex 23.85 17.4722 2.5
    endloop
  endfacet
  facet normal 0 0 1
    outer loop
      vertex 29 21 2.5
      vertex 23.44 17.6421 2.5
      vertex 23.6506 17.5706 2.5
    endloop
  endfacet
  facet normal 0 0 1
    outer loop
      vertex 29 21 2.5
      vertex 23.2219 17.6855 2.5
      vertex 23.44 17.6421 2.5
    endloop
  endfacet
  facet normal 0 0 1
    outer loop
      vertex 29 21 2.5
      vertex 23 17.7 2.5
      vertex 23.2219 17.6855 2.5
    endloop
  endfacet
  facet normal 0 0 1
    outer loop
      vertex 29 21 2.5
      vertex 22.7781 17.6855 2.5
      vertex 23 17.7 2.5
    endloop
  endfacet
  facet normal 0 0 1
    outer loop
      vertex 29 21 2.5
      vertex 22.56 17.6421 2.5
      vertex 22.7781 17.6855 2.5
    endloop
  endfacet
  facet normal 0 0 1
    outer loop
      vertex 29 21 2.5
      vertex 22.3494 17.5706 2.5
      vertex 22.56 17.6421 2.5
    endloop
  endfacet
  facet normal 0 0 1
    outer loop
      vertex -22.3494 17.5706 2.5
      vertex 22.3494 17.5706 2.5
      vertex 29 21 2.5
    endloop
  endfacet
  facet normal 0 0 1
    outer loop
      vertex 21.3145 16.2219 2.5
      vertex 11 9 2.5
      vertex 21.3 16 2.5
    endloop
  endfacet
  facet normal 0 0 1
    outer loop
      vertex 21.3579 16.44 2.5
      vertex 11 9 2.5
      vertex 21.3145 16.2219 2.5
    endloop
  endfacet
  facet normal 0 0 1
    outer loop
      vertex 21.4294 16.6506 2.5
      vertex 11 9 2.5
      vertex 21.3579 16.44 2.5
    endloop
  endfacet
  facet normal 0 0 1
    outer loop
      vertex 21.5278 16.85 2.5
      vertex 11 9 2.5
      vertex 21.4294 16.6506 2.5
    endloop
  endfacet
  facet normal 0 0 1
    outer loop
      vertex 21.6513 17.0349 2.5
      vertex 11 9 2.5
      vertex 21.5278 16.85 2.5
    endloop
  endfacet
  facet normal 0 0 1
    outer loop
      vertex -21.6513 17.0349 2.5
      vertex 21.6513 17.0349 2.5
      vertex 21.7979 17.2021 2.5
    endloop
  endfacet
  facet normal 0 0 1
    outer loop
      vertex -21.7979 17.2021 2.5
      vertex 21.7979 17.2021 2.5
      vertex 21.9651 17.3487 2.5
    endloop
  endfacet
  facet normal 0 0 1
    outer loop
      vertex 11 9 2.5
      vertex -11 9 2.5
      vertex 11 -9 2.5
    endloop
  endfacet
  facet normal 0 0 1
    outer loop
      vertex 21.6513 17.0349 2.5
      vertex -11 9 2.5
      vertex 11 9 2.5
    endloop
  endfacet
  facet normal 0 0 1
    outer loop
      vertex -21.9651 17.3487 2.5
      vertex 21.9651 17.3487 2.5
      vertex 22.15 17.4722 2.5
    endloop
  endfacet
  facet normal 0 0 1
    outer loop
      vertex 22.3494 17.5706 2.5
      vertex -22.3494 17.5706 2.5
      vertex 22.15 17.4722 2.5
    endloop
  endfacet
  facet normal 0 0 1
    outer loop
      vertex 21.6513 17.0349 2.5
      vertex -21.6513 17.0349 2.5
      vertex -11 9 2.5
    endloop
  endfacet
  facet normal 0 0 1
    outer loop
      vertex -11 9 2.5
      vertex -21.3145 16.2219 2.5
      vertex -21.3 16 2.5
    endloop
  endfacet
  facet normal 0 0 1
    outer loop
      vertex -11 9 2.5
      vertex -21.3579 16.44 2.5
      vertex -21.3145 16.2219 2.5
    endloop
  endfacet
  facet normal 0 0 1
    outer loop
      vertex -11 9 2.5
      vertex -21.4294 16.6506 2.5
      vertex -21.3579 16.44 2.5
    endloop
  endfacet
  facet normal 0 0 1
    outer loop
      vertex -11 9 2.5
      vertex -21.5278 16.85 2.5
      vertex -21.4294 16.6506 2.5
    endloop
  endfacet
  facet normal 0 0 1
    outer loop
      vertex -11 9 2.5
      vertex -21.6513 17.0349 2.5
      vertex -21.5278 16.85 2.5
    endloop
  endfacet
  facet normal 0 0 1
    outer loop
      vertex 21.7979 17.2021 2.5
      vertex -21.7979 17.2021 2.5
      vertex -21.6513 17.0349 2.5
    endloop
  endfacet
  facet normal 0 0 1
    outer loop
      vertex 21.9651 17.3487 2.5
      vertex -21.9651 17.3487 2.5
      vertex -21.7979 17.2021 2.5
    endloop
  endfacet
  facet normal 0 0 1
    outer loop
      vertex 22.15 17.4722 2.5
      vertex -22.15 17.4722 2.5
      vertex -21.9651 17.3487 2.5
    endloop
  endfacet
  facet normal 0 0 1
    outer loop
      vertex 22.15 17.4722 2.5
      vertex -22.3494 17.5706 2.5
      vertex -22.15 17.4722 2.5
    endloop
  endfacet
  facet normal -0 0 1
    outer loop
      vertex -29 21 2.5
      vertex -22.3494 17.5706 2.5
      vertex 29 21 2.5
    endloop
  endfacet
  facet normal 0 0 1
    outer loop
      vertex -22.3494 17.5706 2.5
      vertex -29 21 2.5
      vertex -22.56 17.6421 2.5
    endloop
  endfacet
  facet normal 0 0 1
    outer loop
      vertex -22.56 17.6421 2.5
      vertex -29 21 2.5
      vertex -22.7781 17.6855 2.5
    endloop
  endfacet
  facet normal 0 0 1
    outer loop
      vertex -24.6855 16.2219 2.5
      vertex -29 21 2.5
      vertex -24.7 16 2.5
    endloop
  endfacet
  facet normal 0 0 1
    outer loop
      vertex -24.6421 16.44 2.5
      vertex -29 21 2.5
      vertex -24.6855 16.2219 2.5
    endloop
  endfacet
  facet normal 0 0 1
    outer loop
      vertex -24.5706 16.6506 2.5
      vertex -29 21 2.5
      vertex -24.6421 16.44 2.5
    endloop
  endfacet
  facet normal 0 0 1
    outer loop
      vertex -24.4722 16.85 2.5
      vertex -29 21 2.5
      vertex -24.5706 16.6506 2.5
    endloop
  endfacet
  facet normal 0 0 1
    outer loop
      vertex -24.3487 17.0349 2.5
      vertex -29 21 2.5
      vertex -24.4722 16.85 2.5
    endloop
  endfacet
  facet normal 0 0 1
    outer loop
      vertex -24.2021 17.2021 2.5
      vertex -29 21 2.5
      vertex -24.3487 17.0349 2.5
    endloop
  endfacet
  facet normal 0 0 1
    outer loop
      vertex -24.0349 17.3487 2.5
      vertex -29 21 2.5
      vertex -24.2021 17.2021 2.5
    endloop
  endfacet
  facet normal 0 0 1
    outer loop
      vertex -23.85 17.4722 2.5
      vertex -29 21 2.5
      vertex -24.0349 17.3487 2.5
    endloop
  endfacet
  facet normal 0 0 1
    outer loop
      vertex -23.6506 17.5706 2.5
      vertex -29 21 2.5
      vertex -23.85 17.4722 2.5
    endloop
  endfacet
  facet normal 0 0 1
    outer loop
      vertex -23.44 17.6421 2.5
      vertex -29 21 2.5
      vertex -23.6506 17.5706 2.5
    endloop
  endfacet
  facet normal 0 0 1
    outer loop
      vertex -23.2219 17.6855 2.5
      vertex -29 21 2.5
      vertex -23.44 17.6421 2.5
    endloop
  endfacet
  facet normal 0 0 1
    outer loop
      vertex -23 17.7 2.5
      vertex -29 21 2.5
      vertex -23.2219 17.6855 2.5
    endloop
  endfacet
  facet normal 0 0 1
    outer loop
      vertex -22.7781 17.6855 2.5
      vertex -29 21 2.5
      vertex -23 17.7 2.5
    endloop
  endfacet
  facet normal 0 0 1
    outer loop
      vertex 29 21 2.5
      vertex 24.6855 15.7781 2.5
      vertex 29 9 2.5
    endloop
  endfacet
  facet normal -0 0 1
    outer loop
      vertex 24.6421 15.56 2.5
      vertex 29 9 2.5
      vertex 24.6855 15.7781 2.5
    endloop
  endfacet
  facet normal -0 0 1
    outer loop
      vertex 24.5706 15.3494 2.5
      vertex 29 9 2.5
      vertex 24.6421 15.56 2.5
    endloop
  endfacet
  facet normal -0 0 1
    outer loop
      vertex 24.4722 15.15 2.5
      vertex 29 9 2.5
      vertex 24.5706 15.3494 2.5
    endloop
  endfacet
  facet normal -0 0 1
    outer loop
      vertex 24.3487 14.9651 2.5
      vertex 29 9 2.5
      vertex 24.4722 15.15 2.5
    endloop
  endfacet
  facet normal -0 0 1
    outer loop
      vertex 24.2021 14.7979 2.5
      vertex 29 9 2.5
      vertex 24.3487 14.9651 2.5
    endloop
  endfacet
  facet normal -0 0 1
    outer loop
      vertex 24.0349 14.6513 2.5
      vertex 29 9 2.5
      vertex 24.2021 14.7979 2.5
    endloop
  endfacet
  facet normal -0 0 1
    outer loop
      vertex 23.85 14.5278 2.5
      vertex 29 9 2.5
      vertex 24.0349 14.6513 2.5
    endloop
  endfacet
  facet normal -0 0 1
    outer loop
      vertex 23.6506 14.4294 2.5
      vertex 29 9 2.5
      vertex 23.85 14.5278 2.5
    endloop
  endfacet
  facet normal -0 0 1
    outer loop
      vertex 23.44 14.3579 2.5
      vertex 29 9 2.5
      vertex 23.6506 14.4294 2.5
    endloop
  endfacet
  facet normal -0 0 1
    outer loop
      vertex 23.2219 14.3145 2.5
      vertex 29 9 2.5
      vertex 23.44 14.3579 2.5
    endloop
  endfacet
  facet normal -0 0 1
    outer loop
      vertex 23 14.3 2.5
      vertex 29 9 2.5
      vertex 23.2219 14.3145 2.5
    endloop
  endfacet
  facet normal 0 0 1
    outer loop
      vertex 22.7781 14.3145 2.5
      vertex 29 9 2.5
      vertex 23 14.3 2.5
    endloop
  endfacet
  facet normal 0 0 1
    outer loop
      vertex 22.56 14.3579 2.5
      vertex 29 9 2.5
      vertex 22.7781 14.3145 2.5
    endloop
  endfacet
  facet normal 0 0 1
    outer loop
      vertex 11 9 2.5
      vertex 22.56 14.3579 2.5
      vertex 22.3494 14.4294 2.5
    endloop
  endfacet
  facet normal 0 0 1
    outer loop
      vertex 11 9 2.5
      vertex 22.3494 14.4294 2.5
      vertex 22.15 14.5278 2.5
    endloop
  endfacet
  facet normal 0 0 1
    outer loop
      vertex 11 9 2.5
      vertex 22.15 14.5278 2.5
      vertex 21.9651 14.6513 2.5
    endloop
  endfacet
  facet normal 0 0 1
    outer loop
      vertex 22.56 14.3579 2.5
      vertex 11 9 2.5
      vertex 29 9 2.5
    endloop
  endfacet
  facet normal 0 0 1
    outer loop
      vertex 21.7979 14.7979 2.5
      vertex 11 9 2.5
      vertex 21.9651 14.6513 2.5
    endloop
  endfacet
  facet normal 0 0 1
    outer loop
      vertex 21.6513 14.9651 2.5
      vertex 11 9 2.5
      vertex 21.7979 14.7979 2.5
    endloop
  endfacet
  facet normal 0 0 1
    outer loop
      vertex 21.5278 15.15 2.5
      vertex 11 9 2.5
      vertex 21.6513 14.9651 2.5
    endloop
  endfacet
  facet normal 0 0 1
    outer loop
      vertex 21.4294 15.3494 2.5
      vertex 11 9 2.5
      vertex 21.5278 15.15 2.5
    endloop
  endfacet
  facet normal 0 0 1
    outer loop
      vertex 21.3579 15.56 2.5
      vertex 11 9 2.5
      vertex 21.4294 15.3494 2.5
    endloop
  endfacet
  facet normal 0 0 1
    outer loop
      vertex 21.3145 15.7781 2.5
      vertex 11 9 2.5
      vertex 21.3579 15.56 2.5
    endloop
  endfacet
  facet normal 0 0 1
    outer loop
      vertex 11 9 2.5
      vertex 21.3145 15.7781 2.5
      vertex 21.3 16 2.5
    endloop
  endfacet
  facet normal -0 0 1
    outer loop
      vertex -21.3145 15.7781 2.5
      vertex -11 9 2.5
      vertex -21.3 16 2.5
    endloop
  endfacet
  facet normal -0 0 1
    outer loop
      vertex -21.3579 15.56 2.5
      vertex -11 9 2.5
      vertex -21.3145 15.7781 2.5
    endloop
  endfacet
  facet normal -0 0 1
    outer loop
      vertex -21.4294 15.3494 2.5
      vertex -11 9 2.5
      vertex -21.3579 15.56 2.5
    endloop
  endfacet
  facet normal -0 0 1
    outer loop
      vertex -21.5278 15.15 2.5
      vertex -11 9 2.5
      vertex -21.4294 15.3494 2.5
    endloop
  endfacet
  facet normal -0 0 1
    outer loop
      vertex -21.6513 14.9651 2.5
      vertex -11 9 2.5
      vertex -21.5278 15.15 2.5
    endloop
  endfacet
  facet normal -0 0 1
    outer loop
      vertex -21.7979 14.7979 2.5
      vertex -11 9 2.5
      vertex -21.6513 14.9651 2.5
    endloop
  endfacet
  facet normal -0 0 1
    outer loop
      vertex -21.9651 14.6513 2.5
      vertex -11 9 2.5
      vertex -21.7979 14.7979 2.5
    endloop
  endfacet
  facet normal -0 0 1
    outer loop
      vertex -22.15 14.5278 2.5
      vertex -11 9 2.5
      vertex -21.9651 14.6513 2.5
    endloop
  endfacet
  facet normal -0 0 1
    outer loop
      vertex -22.3494 14.4294 2.5
      vertex -11 9 2.5
      vertex -22.15 14.5278 2.5
    endloop
  endfacet
  facet normal -0 0 1
    outer loop
      vertex -22.56 14.3579 2.5
      vertex -11 9 2.5
      vertex -22.3494 14.4294 2.5
    endloop
  endfacet
  facet normal 0 0 1
    outer loop
      vertex -29 9 2.5
      vertex -22.56 14.3579 2.5
      vertex -22.7781 14.3145 2.5
    endloop
  endfacet
  facet normal 0 0 1
    outer loop
      vertex -29 9 2.5
      vertex -22.7781 14.3145 2.5
      vertex -23 14.3 2.5
    endloop
  endfacet
  facet normal 0 0 1
    outer loop
      vertex -29 9 2.5
      vertex -23 14.3 2.5
      vertex -23.2219 14.3145 2.5
    endloop
  endfacet
  facet normal 0 0 1
    outer loop
      vertex -29 9 2.5
      vertex -23.2219 14.3145 2.5
      vertex -23.44 14.3579 2.5
    endloop
  endfacet
  facet normal 0 0 1
    outer loop
      vertex -29 9 2.5
      vertex -23.44 14.3579 2.5
      vertex -23.6506 14.4294 2.5
    endloop
  endfacet
  facet normal 0 0 1
    outer loop
      vertex -29 21 2.5
      vertex -24.6855 15.7781 2.5
      vertex -24.7 16 2.5
    endloop
  endfacet
  facet normal 0 0 1
    outer loop
      vertex -29 9 2.5
      vertex -24.6855 15.7781 2.5
      vertex -29 21 2.5
    endloop
  endfacet
  facet normal 0 0 1
    outer loop
      vertex -24.6855 15.7781 2.5
      vertex -29 9 2.5
      vertex -24.6421 15.56 2.5
    endloop
  endfacet
  facet normal 0 0 1
    outer loop
      vertex -24.6421 15.56 2.5
      vertex -29 9 2.5
      vertex -24.5706 15.3494 2.5
    endloop
  endfacet
  facet normal 0 0 1
    outer loop
      vertex -24.5706 15.3494 2.5
      vertex -29 9 2.5
      vertex -24.4722 15.15 2.5
    endloop
  endfacet
  facet normal 0 0 1
    outer loop
      vertex -22.56 14.3579 2.5
      vertex -29 9 2.5
      vertex -11 9 2.5
    endloop
  endfacet
  facet normal 0 0 1
    outer loop
      vertex -23.85 14.5278 2.5
      vertex -29 9 2.5
      vertex -23.6506 14.4294 2.5
    endloop
  endfacet
  facet normal 0 0 1
    outer loop
      vertex -24.0349 14.6513 2.5
      vertex -29 9 2.5
      vertex -23.85 14.5278 2.5
    endloop
  endfacet
  facet normal 0 0 1
    outer loop
      vertex -24.2021 14.7979 2.5
      vertex -29 9 2.5
      vertex -24.0349 14.6513 2.5
    endloop
  endfacet
  facet normal 0 0 1
    outer loop
      vertex -24.3487 14.9651 2.5
      vertex -29 9 2.5
      vertex -24.2021 14.7979 2.5
    endloop
  endfacet
  facet normal 0 0 1
    outer loop
      vertex -24.4722 15.15 2.5
      vertex -29 9 2.5
      vertex -24.3487 14.9651 2.5
    endloop
  endfacet
  facet normal -0 0 1
    outer loop
      vertex 24.6855 -15.7781 2.5
      vertex 29 -21 2.5
      vertex 29 -9 2.5
    endloop
  endfacet
  facet normal 0 0 1
    outer loop
      vertex 29 -21 2.5
      vertex 24.6855 -15.7781 2.5
      vertex 24.7 -16 2.5
    endloop
  endfacet
  facet normal 0 0 1
    outer loop
      vertex 29 -9 2.5
      vertex 24.6421 -15.56 2.5
      vertex 24.6855 -15.7781 2.5
    endloop
  endfacet
  facet normal 0 0 1
    outer loop
      vertex 29 -9 2.5
      vertex 24.5706 -15.3494 2.5
      vertex 24.6421 -15.56 2.5
    endloop
  endfacet
  facet normal 0 0 1
    outer loop
      vertex 29 -9 2.5
      vertex 24.4722 -15.15 2.5
      vertex 24.5706 -15.3494 2.5
    endloop
  endfacet
  facet normal 0 0 1
    outer loop
      vertex 29 -9 2.5
      vertex 24.3487 -14.9651 2.5
      vertex 24.4722 -15.15 2.5
    endloop
  endfacet
  facet normal 0 0 1
    outer loop
      vertex 29 -9 2.5
      vertex 24.2021 -14.7979 2.5
      vertex 24.3487 -14.9651 2.5
    endloop
  endfacet
  facet normal 0 0 1
    outer loop
      vertex 29 -9 2.5
      vertex 24.0349 -14.6513 2.5
      vertex 24.2021 -14.7979 2.5
    endloop
  endfacet
  facet normal 0 0 1
    outer loop
      vertex 29 -9 2.5
      vertex 23.85 -14.5278 2.5
      vertex 24.0349 -14.6513 2.5
    endloop
  endfacet
  facet normal 0 0 1
    outer loop
      vertex 29 -9 2.5
      vertex 23.6506 -14.4294 2.5
      vertex 23.85 -14.5278 2.5
    endloop
  endfacet
  facet normal 0 0 1
    outer loop
      vertex 29 -9 2.5
      vertex 23.44 -14.3579 2.5
      vertex 23.6506 -14.4294 2.5
    endloop
  endfacet
  facet normal 0 0 1
    outer loop
      vertex 29 -9 2.5
      vertex 23.2219 -14.3145 2.5
      vertex 23.44 -14.3579 2.5
    endloop
  endfacet
  facet normal 0 0 1
    outer loop
      vertex 29 -9 2.5
      vertex 23 -14.3 2.5
      vertex 23.2219 -14.3145 2.5
    endloop
  endfacet
  facet normal 0 0 1
    outer loop
      vertex 29 -9 2.5
      vertex 22.7781 -14.3145 2.5
      vertex 23 -14.3 2.5
    endloop
  endfacet
  facet normal 0 0 1
    outer loop
      vertex 29 -9 2.5
      vertex 22.56 -14.3579 2.5
      vertex 22.7781 -14.3145 2.5
    endloop
  endfacet
  facet normal -0 0 1
    outer loop
      vertex 11 -9 2.5
      vertex 22.56 -14.3579 2.5
      vertex 29 -9 2.5
    endloop
  endfacet
  facet normal 0 0 1
    outer loop
      vertex 22.56 -14.3579 2.5
      vertex 11 -9 2.5
      vertex 22.3494 -14.4294 2.5
    endloop
  endfacet
  facet normal 0 0 1
    outer loop
      vertex 22.3494 -14.4294 2.5
      vertex 11 -9 2.5
      vertex 22.15 -14.5278 2.5
    endloop
  endfacet
  facet normal 0 0 1
    outer loop
      vertex 21.3145 -15.7781 2.5
      vertex 11 -9 2.5
      vertex 21.3 -16 2.5
    endloop
  endfacet
  facet normal 0 0 1
    outer loop
      vertex 21.3579 -15.56 2.5
      vertex 11 -9 2.5
      vertex 21.3145 -15.7781 2.5
    endloop
  endfacet
  facet normal 0 0 1
    outer loop
      vertex 21.4294 -15.3494 2.5
      vertex 11 -9 2.5
      vertex 21.3579 -15.56 2.5
    endloop
  endfacet
  facet normal 0 0 1
    outer loop
      vertex 21.5278 -15.15 2.5
      vertex 11 -9 2.5
      vertex 21.4294 -15.3494 2.5
    endloop
  endfacet
  facet normal 0 0 1
    outer loop
      vertex 21.6513 -14.9651 2.5
      vertex 11 -9 2.5
      vertex 21.5278 -15.15 2.5
    endloop
  endfacet
  facet normal 0 0 1
    outer loop
      vertex 21.7979 -14.7979 2.5
      vertex 11 -9 2.5
      vertex 21.6513 -14.9651 2.5
    endloop
  endfacet
  facet normal 0 0 1
    outer loop
      vertex 21.9651 -14.6513 2.5
      vertex 11 -9 2.5
      vertex 21.7979 -14.7979 2.5
    endloop
  endfacet
  facet normal 0 0 1
    outer loop
      vertex 22.15 -14.5278 2.5
      vertex 11 -9 2.5
      vertex 21.9651 -14.6513 2.5
    endloop
  endfacet
  facet normal -0 0 1
    outer loop
      vertex 24.6855 -16.2219 2.5
      vertex 29 -21 2.5
      vertex 24.7 -16 2.5
    endloop
  endfacet
  facet normal -0 0 1
    outer loop
      vertex 24.6421 -16.44 2.5
      vertex 29 -21 2.5
      vertex 24.6855 -16.2219 2.5
    endloop
  endfacet
  facet normal -0 0 1
    outer loop
      vertex 24.5706 -16.6506 2.5
      vertex 29 -21 2.5
      vertex 24.6421 -16.44 2.5
    endloop
  endfacet
  facet normal -0 0 1
    outer loop
      vertex 24.4722 -16.85 2.5
      vertex 29 -21 2.5
      vertex 24.5706 -16.6506 2.5
    endloop
  endfacet
  facet normal -0 0 1
    outer loop
      vertex 24.3487 -17.0349 2.5
      vertex 29 -21 2.5
      vertex 24.4722 -16.85 2.5
    endloop
  endfacet
  facet normal -0 0 1
    outer loop
      vertex 24.2021 -17.2021 2.5
      vertex 29 -21 2.5
      vertex 24.3487 -17.0349 2.5
    endloop
  endfacet
  facet normal -0 0 1
    outer loop
      vertex 24.0349 -17.3487 2.5
      vertex 29 -21 2.5
      vertex 24.2021 -17.2021 2.5
    endloop
  endfacet
  facet normal -0 0 1
    outer loop
      vertex 23.85 -17.4722 2.5
      vertex 29 -21 2.5
      vertex 24.0349 -17.3487 2.5
    endloop
  endfacet
  facet normal -0 0 1
    outer loop
      vertex 23.6506 -17.5706 2.5
      vertex 29 -21 2.5
      vertex 23.85 -17.4722 2.5
    endloop
  endfacet
  facet normal -0 0 1
    outer loop
      vertex 23.44 -17.6421 2.5
      vertex 29 -21 2.5
      vertex 23.6506 -17.5706 2.5
    endloop
  endfacet
  facet normal -0 0 1
    outer loop
      vertex 23.2219 -17.6855 2.5
      vertex 29 -21 2.5
      vertex 23.44 -17.6421 2.5
    endloop
  endfacet
  facet normal -0 0 1
    outer loop
      vertex 23 -17.7 2.5
      vertex 29 -21 2.5
      vertex 23.2219 -17.6855 2.5
    endloop
  endfacet
  facet normal 0 0 1
    outer loop
      vertex 22.7781 -17.6855 2.5
      vertex 29 -21 2.5
      vertex 23 -17.7 2.5
    endloop
  endfacet
  facet normal 0 0 1
    outer loop
      vertex 22.56 -17.6421 2.5
      vertex 29 -21 2.5
      vertex 22.7781 -17.6855 2.5
    endloop
  endfacet
  facet normal 0 0 1
    outer loop
      vertex 22.3494 -17.5706 2.5
      vertex 29 -21 2.5
      vertex 22.56 -17.6421 2.5
    endloop
  endfacet
  facet normal 0 0 1
    outer loop
      vertex -22.3494 -17.5706 2.5
      vertex 22.3494 -17.5706 2.5
      vertex 22.15 -17.4722 2.5
    endloop
  endfacet
  facet normal 0 0 1
    outer loop
      vertex 11 -9 2.5
      vertex 21.3145 -16.2219 2.5
      vertex 21.3 -16 2.5
    endloop
  endfacet
  facet normal 0 0 1
    outer loop
      vertex 11 -9 2.5
      vertex 21.3579 -16.44 2.5
      vertex 21.3145 -16.2219 2.5
    endloop
  endfacet
  facet normal 0 0 1
    outer loop
      vertex 11 -9 2.5
      vertex 21.4294 -16.6506 2.5
      vertex 21.3579 -16.44 2.5
    endloop
  endfacet
  facet normal 0 0 1
    outer loop
      vertex 11 -9 2.5
      vertex 21.5278 -16.85 2.5
      vertex 21.4294 -16.6506 2.5
    endloop
  endfacet
  facet normal 0 0 1
    outer loop
      vertex 11 -9 2.5
      vertex 21.6513 -17.0349 2.5
      vertex 21.5278 -16.85 2.5
    endloop
  endfacet
  facet normal -0 0 1
    outer loop
      vertex -11 -9 2.5
      vertex 21.6513 -17.0349 2.5
      vertex 11 -9 2.5
    endloop
  endfacet
  facet normal 0 0 1
    outer loop
      vertex -21.6513 -17.0349 2.5
      vertex 21.6513 -17.0349 2.5
      vertex -11 -9 2.5
    endloop
  endfacet
  facet normal 0 0 1
    outer loop
      vertex -11 -9 2.5
      vertex 11 -9 2.5
      vertex -11 9 2.5
    endloop
  endfacet
  facet normal 0 0 1
    outer loop
      vertex 21.6513 -17.0349 2.5
      vertex -21.6513 -17.0349 2.5
      vertex 21.7979 -17.2021 2.5
    endloop
  endfacet
  facet normal 0 0 1
    outer loop
      vertex -21.7979 -17.2021 2.5
      vertex 21.7979 -17.2021 2.5
      vertex -21.6513 -17.0349 2.5
    endloop
  endfacet
  facet normal 0 0 1
    outer loop
      vertex 21.7979 -17.2021 2.5
      vertex -21.7979 -17.2021 2.5
      vertex 21.9651 -17.3487 2.5
    endloop
  endfacet
  facet normal 0 0 1
    outer loop
      vertex -21.3145 -16.2219 2.5
      vertex -11 -9 2.5
      vertex -21.3 -16 2.5
    endloop
  endfacet
  facet normal 0 0 1
    outer loop
      vertex -21.3579 -16.44 2.5
      vertex -11 -9 2.5
      vertex -21.3145 -16.2219 2.5
    endloop
  endfacet
  facet normal 0 0 1
    outer loop
      vertex -21.4294 -16.6506 2.5
      vertex -11 -9 2.5
      vertex -21.3579 -16.44 2.5
    endloop
  endfacet
  facet normal 0 0 1
    outer loop
      vertex -21.5278 -16.85 2.5
      vertex -11 -9 2.5
      vertex -21.4294 -16.6506 2.5
    endloop
  endfacet
  facet normal 0 0 1
    outer loop
      vertex -21.6513 -17.0349 2.5
      vertex -11 -9 2.5
      vertex -21.5278 -16.85 2.5
    endloop
  endfacet
  facet normal 0 0 1
    outer loop
      vertex -21.9651 -17.3487 2.5
      vertex 21.9651 -17.3487 2.5
      vertex -21.7979 -17.2021 2.5
    endloop
  endfacet
  facet normal 0 0 1
    outer loop
      vertex 21.9651 -17.3487 2.5
      vertex -21.9651 -17.3487 2.5
      vertex 22.15 -17.4722 2.5
    endloop
  endfacet
  facet normal 0 0 1
    outer loop
      vertex -22.15 -17.4722 2.5
      vertex 22.15 -17.4722 2.5
      vertex -21.9651 -17.3487 2.5
    endloop
  endfacet
  facet normal 0 0 1
    outer loop
      vertex -22.3494 -17.5706 2.5
      vertex 22.15 -17.4722 2.5
      vertex -22.15 -17.4722 2.5
    endloop
  endfacet
  facet normal 0 0 1
    outer loop
      vertex 22.3494 -17.5706 2.5
      vertex -22.3494 -17.5706 2.5
      vertex 29 -21 2.5
    endloop
  endfacet
  facet normal 0 0 1
    outer loop
      vertex -29 -21 2.5
      vertex -22.3494 -17.5706 2.5
      vertex -22.56 -17.6421 2.5
    endloop
  endfacet
  facet normal 0 0 1
    outer loop
      vertex -29 -21 2.5
      vertex -22.56 -17.6421 2.5
      vertex -22.7781 -17.6855 2.5
    endloop
  endfacet
  facet normal 0 0 1
    outer loop
      vertex -29 -21 2.5
      vertex -22.7781 -17.6855 2.5
      vertex -23 -17.7 2.5
    endloop
  endfacet
  facet normal 0 0 1
    outer loop
      vertex -24.6855 -15.7781 2.5
      vertex -29 -21 2.5
      vertex -24.7 -16 2.5
    endloop
  endfacet
  facet normal 0 0 1
    outer loop
      vertex -24.7 -16 2.5
      vertex -29 -21 2.5
      vertex -24.6855 -16.2219 2.5
    endloop
  endfacet
  facet normal 0 0 1
    outer loop
      vertex -24.6855 -16.2219 2.5
      vertex -29 -21 2.5
      vertex -24.6421 -16.44 2.5
    endloop
  endfacet
  facet normal 0 0 1
    outer loop
      vertex -24.6421 -16.44 2.5
      vertex -29 -21 2.5
      vertex -24.5706 -16.6506 2.5
    endloop
  endfacet
  facet normal 0 0 1
    outer loop
      vertex -22.3494 -17.5706 2.5
      vertex -29 -21 2.5
      vertex 29 -21 2.5
    endloop
  endfacet
  facet normal 0 0 1
    outer loop
      vertex -23.2219 -17.6855 2.5
      vertex -29 -21 2.5
      vertex -23 -17.7 2.5
    endloop
  endfacet
  facet normal 0 0 1
    outer loop
      vertex -23.44 -17.6421 2.5
      vertex -29 -21 2.5
      vertex -23.2219 -17.6855 2.5
    endloop
  endfacet
  facet normal 0 0 1
    outer loop
      vertex -23.6506 -17.5706 2.5
      vertex -29 -21 2.5
      vertex -23.44 -17.6421 2.5
    endloop
  endfacet
  facet normal 0 0 1
    outer loop
      vertex -23.85 -17.4722 2.5
      vertex -29 -21 2.5
      vertex -23.6506 -17.5706 2.5
    endloop
  endfacet
  facet normal 0 0 1
    outer loop
      vertex -24.0349 -17.3487 2.5
      vertex -29 -21 2.5
      vertex -23.85 -17.4722 2.5
    endloop
  endfacet
  facet normal 0 0 1
    outer loop
      vertex -24.2021 -17.2021 2.5
      vertex -29 -21 2.5
      vertex -24.0349 -17.3487 2.5
    endloop
  endfacet
  facet normal 0 0 1
    outer loop
      vertex -24.3487 -17.0349 2.5
      vertex -29 -21 2.5
      vertex -24.2021 -17.2021 2.5
    endloop
  endfacet
  facet normal 0 0 1
    outer loop
      vertex -24.4722 -16.85 2.5
      vertex -29 -21 2.5
      vertex -24.3487 -17.0349 2.5
    endloop
  endfacet
  facet normal 0 0 1
    outer loop
      vertex -24.5706 -16.6506 2.5
      vertex -29 -21 2.5
      vertex -24.4722 -16.85 2.5
    endloop
  endfacet
  facet normal 0 0 -1
    outer loop
      vertex -11 9 0
      vertex -21.3145 15.7781 0
      vertex -21.3 16 0
    endloop
  endfacet
  facet normal 0 0 -1
    outer loop
      vertex -11 9 0
      vertex -21.3579 15.56 0
      vertex -21.3145 15.7781 0
    endloop
  endfacet
  facet normal 0 0 -1
    outer loop
      vertex -11 9 0
      vertex -21.4294 15.3494 0
      vertex -21.3579 15.56 0
    endloop
  endfacet
  facet normal 0 0 -1
    outer loop
      vertex -11 9 0
      vertex -21.5278 15.15 0
      vertex -21.4294 15.3494 0
    endloop
  endfacet
  facet normal 0 0 -1
    outer loop
      vertex -11 9 0
      vertex -21.6513 14.9651 0
      vertex -21.5278 15.15 0
    endloop
  endfacet
  facet normal 0 0 -1
    outer loop
      vertex -11 9 0
      vertex -21.7979 14.7979 0
      vertex -21.6513 14.9651 0
    endloop
  endfacet
  facet normal 0 0 -1
    outer loop
      vertex -11 9 0
      vertex -21.9651 14.6513 0
      vertex -21.7979 14.7979 0
    endloop
  endfacet
  facet normal 0 0 -1
    outer loop
      vertex -11 9 0
      vertex -22.15 14.5278 0
      vertex -21.9651 14.6513 0
    endloop
  endfacet
  facet normal 0 0 -1
    outer loop
      vertex -11 9 0
      vertex -22.3494 14.4294 0
      vertex -22.15 14.5278 0
    endloop
  endfacet
  facet normal 0 0 -1
    outer loop
      vertex -11 9 0
      vertex -22.56 14.3579 0
      vertex -22.3494 14.4294 0
    endloop
  endfacet
  facet normal 0 0 -1
    outer loop
      vertex -29 9 0
      vertex -22.56 14.3579 0
      vertex -11 9 0
    endloop
  endfacet
  facet normal 0 0 -1
    outer loop
      vertex -22.56 14.3579 0
      vertex -29 9 0
      vertex -22.7781 14.3145 0
    endloop
  endfacet
  facet normal 0 0 -1
    outer loop
      vertex -22.7781 14.3145 0
      vertex -29 9 0
      vertex -23 14.3 0
    endloop
  endfacet
  facet normal -0 0 -1
    outer loop
      vertex -23 14.3 0
      vertex -29 9 0
      vertex -23.2219 14.3145 0
    endloop
  endfacet
  facet normal -0 0 -1
    outer loop
      vertex -23.2219 14.3145 0
      vertex -29 9 0
      vertex -23.44 14.3579 0
    endloop
  endfacet
  facet normal 0 0 -1
    outer loop
      vertex -29 21 0
      vertex -24.6855 15.7781 0
      vertex -29 9 0
    endloop
  endfacet
  facet normal -0 0 -1
    outer loop
      vertex -24.6421 15.56 0
      vertex -29 9 0
      vertex -24.6855 15.7781 0
    endloop
  endfacet
  facet normal -0 0 -1
    outer loop
      vertex -24.5706 15.3494 0
      vertex -29 9 0
      vertex -24.6421 15.56 0
    endloop
  endfacet
  facet normal -0 0 -1
    outer loop
      vertex -24.4722 15.15 0
      vertex -29 9 0
      vertex -24.5706 15.3494 0
    endloop
  endfacet
  facet normal -0 0 -1
    outer loop
      vertex -24.3487 14.9651 0
      vertex -29 9 0
      vertex -24.4722 15.15 0
    endloop
  endfacet
  facet normal -0 0 -1
    outer loop
      vertex -24.2021 14.7979 0
      vertex -29 9 0
      vertex -24.3487 14.9651 0
    endloop
  endfacet
  facet normal -0 0 -1
    outer loop
      vertex -24.0349 14.6513 0
      vertex -29 9 0
      vertex -24.2021 14.7979 0
    endloop
  endfacet
  facet normal -0 0 -1
    outer loop
      vertex -23.85 14.5278 0
      vertex -29 9 0
      vertex -24.0349 14.6513 0
    endloop
  endfacet
  facet normal -0 0 -1
    outer loop
      vertex -23.6506 14.4294 0
      vertex -29 9 0
      vertex -23.85 14.5278 0
    endloop
  endfacet
  facet normal -0 0 -1
    outer loop
      vertex -23.44 14.3579 0
      vertex -29 9 0
      vertex -23.6506 14.4294 0
    endloop
  endfacet
  facet normal 0 0 -1
    outer loop
      vertex 24.6855 -15.7781 0
      vertex 29 -21 0
      vertex 24.7 -16 0
    endloop
  endfacet
  facet normal 0 0 -1
    outer loop
      vertex 29 -21 0
      vertex 24.6855 -16.2219 0
      vertex 24.7 -16 0
    endloop
  endfacet
  facet normal 0 0 -1
    outer loop
      vertex 29 -21 0
      vertex 24.6421 -16.44 0
      vertex 24.6855 -16.2219 0
    endloop
  endfacet
  facet normal 0 0 -1
    outer loop
      vertex 29 -21 0
      vertex 24.5706 -16.6506 0
      vertex 24.6421 -16.44 0
    endloop
  endfacet
  facet normal 0 0 -1
    outer loop
      vertex 29 -21 0
      vertex 24.4722 -16.85 0
      vertex 24.5706 -16.6506 0
    endloop
  endfacet
  facet normal 0 0 -1
    outer loop
      vertex 29 -21 0
      vertex 24.3487 -17.0349 0
      vertex 24.4722 -16.85 0
    endloop
  endfacet
  facet normal 0 0 -1
    outer loop
      vertex 29 -21 0
      vertex 24.2021 -17.2021 0
      vertex 24.3487 -17.0349 0
    endloop
  endfacet
  facet normal 0 0 -1
    outer loop
      vertex 29 -21 0
      vertex 24.0349 -17.3487 0
      vertex 24.2021 -17.2021 0
    endloop
  endfacet
  facet normal 0 0 -1
    outer loop
      vertex 29 -21 0
      vertex 23.85 -17.4722 0
      vertex 24.0349 -17.3487 0
    endloop
  endfacet
  facet normal 0 0 -1
    outer loop
      vertex 29 -21 0
      vertex 23.6506 -17.5706 0
      vertex 23.85 -17.4722 0
    endloop
  endfacet
  facet normal 0 0 -1
    outer loop
      vertex 29 -21 0
      vertex 23.44 -17.6421 0
      vertex 23.6506 -17.5706 0
    endloop
  endfacet
  facet normal 0 0 -1
    outer loop
      vertex 29 -21 0
      vertex 23.2219 -17.6855 0
      vertex 23.44 -17.6421 0
    endloop
  endfacet
  facet normal 0 0 -1
    outer loop
      vertex 29 -21 0
      vertex 23 -17.7 0
      vertex 23.2219 -17.6855 0
    endloop
  endfacet
  facet normal 0 0 -1
    outer loop
      vertex 29 -21 0
      vertex 22.7781 -17.6855 0
      vertex 23 -17.7 0
    endloop
  endfacet
  facet normal 0 0 -1
    outer loop
      vertex 29 -21 0
      vertex 22.56 -17.6421 0
      vertex 22.7781 -17.6855 0
    endloop
  endfacet
  facet normal 0 0 -1
    outer loop
      vertex 29 -21 0
      vertex 22.3494 -17.5706 0
      vertex 22.56 -17.6421 0
    endloop
  endfacet
  facet normal 0 0 -1
    outer loop
      vertex -22.3494 -17.5706 0
      vertex 22.3494 -17.5706 0
      vertex 29 -21 0
    endloop
  endfacet
  facet normal 0 0 -1
    outer loop
      vertex 21.3145 -16.2219 0
      vertex 11 -9 0
      vertex 21.3 -16 0
    endloop
  endfacet
  facet normal 0 0 -1
    outer loop
      vertex 21.3579 -16.44 0
      vertex 11 -9 0
      vertex 21.3145 -16.2219 0
    endloop
  endfacet
  facet normal 0 0 -1
    outer loop
      vertex 21.4294 -16.6506 0
      vertex 11 -9 0
      vertex 21.3579 -16.44 0
    endloop
  endfacet
  facet normal 0 0 -1
    outer loop
      vertex 21.5278 -16.85 0
      vertex 11 -9 0
      vertex 21.4294 -16.6506 0
    endloop
  endfacet
  facet normal 0 0 -1
    outer loop
      vertex 21.6513 -17.0349 0
      vertex 11 -9 0
      vertex 21.5278 -16.85 0
    endloop
  endfacet
  facet normal 0 0 -1
    outer loop
      vertex -21.6513 -17.0349 0
      vertex 21.6513 -17.0349 0
      vertex 21.7979 -17.2021 0
    endloop
  endfacet
  facet normal 0 0 -1
    outer loop
      vertex -21.7979 -17.2021 0
      vertex 21.7979 -17.2021 0
      vertex 21.9651 -17.3487 0
    endloop
  endfacet
  facet normal 0 0 -1
    outer loop
      vertex 11 -9 0
      vertex -11 -9 0
      vertex 11 9 0
    endloop
  endfacet
  facet normal 0 0 -1
    outer loop
      vertex 21.6513 -17.0349 0
      vertex -11 -9 0
      vertex 11 -9 0
    endloop
  endfacet
  facet normal 0 0 -1
    outer loop
      vertex -21.9651 -17.3487 0
      vertex 21.9651 -17.3487 0
      vertex 22.15 -17.4722 0
    endloop
  endfacet
  facet normal 0 0 -1
    outer loop
      vertex 22.3494 -17.5706 0
      vertex -22.3494 -17.5706 0
      vertex 22.15 -17.4722 0
    endloop
  endfacet
  facet normal 0 0 -1
    outer loop
      vertex 21.6513 -17.0349 0
      vertex -21.6513 -17.0349 0
      vertex -11 -9 0
    endloop
  endfacet
  facet normal 0 0 -1
    outer loop
      vertex -11 -9 0
      vertex -21.3145 -16.2219 0
      vertex -21.3 -16 0
    endloop
  endfacet
  facet normal 0 0 -1
    outer loop
      vertex -11 -9 0
      vertex -21.3579 -16.44 0
      vertex -21.3145 -16.2219 0
    endloop
  endfacet
  facet normal 0 0 -1
    outer loop
      vertex -11 -9 0
      vertex -21.4294 -16.6506 0
      vertex -21.3579 -16.44 0
    endloop
  endfacet
  facet normal 0 0 -1
    outer loop
      vertex -11 -9 0
      vertex -21.5278 -16.85 0
      vertex -21.4294 -16.6506 0
    endloop
  endfacet
  facet normal 0 0 -1
    outer loop
      vertex -11 -9 0
      vertex -21.6513 -17.0349 0
      vertex -21.5278 -16.85 0
    endloop
  endfacet
  facet normal 0 0 -1
    outer loop
      vertex 21.7979 -17.2021 0
      vertex -21.7979 -17.2021 0
      vertex -21.6513 -17.0349 0
    endloop
  endfacet
  facet normal 0 0 -1
    outer loop
      vertex 21.9651 -17.3487 0
      vertex -21.9651 -17.3487 0
      vertex -21.7979 -17.2021 0
    endloop
  endfacet
  facet normal 0 0 -1
    outer loop
      vertex 22.15 -17.4722 0
      vertex -22.15 -17.4722 0
      vertex -21.9651 -17.3487 0
    endloop
  endfacet
  facet normal -0 0 -1
    outer loop
      vertex 22.15 -17.4722 0
      vertex -22.3494 -17.5706 0
      vertex -22.15 -17.4722 0
    endloop
  endfacet
  facet normal 0 0 -1
    outer loop
      vertex -29 -21 0
      vertex -22.3494 -17.5706 0
      vertex 29 -21 0
    endloop
  endfacet
  facet normal 0 0 -1
    outer loop
      vertex -22.3494 -17.5706 0
      vertex -29 -21 0
      vertex -22.56 -17.6421 0
    endloop
  endfacet
  facet normal 0 0 -1
    outer loop
      vertex -22.56 -17.6421 0
      vertex -29 -21 0
      vertex -22.7781 -17.6855 0
    endloop
  endfacet
  facet normal -0 0 -1
    outer loop
      vertex -24.6855 -16.2219 0
      vertex -29 -21 0
      vertex -24.7 -16 0
    endloop
  endfacet
  facet normal -0 0 -1
    outer loop
      vertex -24.6421 -16.44 0
      vertex -29 -21 0
      vertex -24.6855 -16.2219 0
    endloop
  endfacet
  facet normal -0 0 -1
    outer loop
      vertex -24.5706 -16.6506 0
      vertex -29 -21 0
      vertex -24.6421 -16.44 0
    endloop
  endfacet
  facet normal -0 0 -1
    outer loop
      vertex -24.4722 -16.85 0
      vertex -29 -21 0
      vertex -24.5706 -16.6506 0
    endloop
  endfacet
  facet normal -0 0 -1
    outer loop
      vertex -24.3487 -17.0349 0
      vertex -29 -21 0
      vertex -24.4722 -16.85 0
    endloop
  endfacet
  facet normal -0 0 -1
    outer loop
      vertex -24.2021 -17.2021 0
      vertex -29 -21 0
      vertex -24.3487 -17.0349 0
    endloop
  endfacet
  facet normal -0 0 -1
    outer loop
      vertex -24.0349 -17.3487 0
      vertex -29 -21 0
      vertex -24.2021 -17.2021 0
    endloop
  endfacet
  facet normal -0 0 -1
    outer loop
      vertex -23.85 -17.4722 0
      vertex -29 -21 0
      vertex -24.0349 -17.3487 0
    endloop
  endfacet
  facet normal -0 0 -1
    outer loop
      vertex -23.6506 -17.5706 0
      vertex -29 -21 0
      vertex -23.85 -17.4722 0
    endloop
  endfacet
  facet normal -0 0 -1
    outer loop
      vertex -23.44 -17.6421 0
      vertex -29 -21 0
      vertex -23.6506 -17.5706 0
    endloop
  endfacet
  facet normal -0 0 -1
    outer loop
      vertex -23.2219 -17.6855 0
      vertex -29 -21 0
      vertex -23.44 -17.6421 0
    endloop
  endfacet
  facet normal -0 0 -1
    outer loop
      vertex -23 -17.7 0
      vertex -29 -21 0
      vertex -23.2219 -17.6855 0
    endloop
  endfacet
  facet normal 0 0 -1
    outer loop
      vertex -22.7781 -17.6855 0
      vertex -29 -21 0
      vertex -23 -17.7 0
    endloop
  endfacet
  facet normal 0 0 -1
    outer loop
      vertex 29 -21 0
      vertex 24.6855 -15.7781 0
      vertex 29 -9 0
    endloop
  endfacet
  facet normal 0 0 -1
    outer loop
      vertex 24.6421 -15.56 0
      vertex 29 -9 0
      vertex 24.6855 -15.7781 0
    endloop
  endfacet
  facet normal 0 0 -1
    outer loop
      vertex 24.5706 -15.3494 0
      vertex 29 -9 0
      vertex 24.6421 -15.56 0
    endloop
  endfacet
  facet normal 0 0 -1
    outer loop
      vertex 24.4722 -15.15 0
      vertex 29 -9 0
      vertex 24.5706 -15.3494 0
    endloop
  endfacet
  facet normal 0 0 -1
    outer loop
      vertex 24.3487 -14.9651 0
      vertex 29 -9 0
      vertex 24.4722 -15.15 0
    endloop
  endfacet
  facet normal 0 0 -1
    outer loop
      vertex 24.2021 -14.7979 0
      vertex 29 -9 0
      vertex 24.3487 -14.9651 0
    endloop
  endfacet
  facet normal 0 0 -1
    outer loop
      vertex 24.0349 -14.6513 0
      vertex 29 -9 0
      vertex 24.2021 -14.7979 0
    endloop
  endfacet
  facet normal 0 0 -1
    outer loop
      vertex 23.85 -14.5278 0
      vertex 29 -9 0
      vertex 24.0349 -14.6513 0
    endloop
  endfacet
  facet normal 0 0 -1
    outer loop
      vertex 23.6506 -14.4294 0
      vertex 29 -9 0
      vertex 23.85 -14.5278 0
    endloop
  endfacet
  facet normal 0 0 -1
    outer loop
      vertex 23.44 -14.3579 0
      vertex 29 -9 0
      vertex 23.6506 -14.4294 0
    endloop
  endfacet
  facet normal 0 0 -1
    outer loop
      vertex 23.2219 -14.3145 0
      vertex 29 -9 0
      vertex 23.44 -14.3579 0
    endloop
  endfacet
  facet normal 0 0 -1
    outer loop
      vertex 23 -14.3 0
      vertex 29 -9 0
      vertex 23.2219 -14.3145 0
    endloop
  endfacet
  facet normal 0 0 -1
    outer loop
      vertex 22.7781 -14.3145 0
      vertex 29 -9 0
      vertex 23 -14.3 0
    endloop
  endfacet
  facet normal 0 0 -1
    outer loop
      vertex 22.56 -14.3579 0
      vertex 29 -9 0
      vertex 22.7781 -14.3145 0
    endloop
  endfacet
  facet normal 0 0 -1
    outer loop
      vertex 11 -9 0
      vertex 22.56 -14.3579 0
      vertex 22.3494 -14.4294 0
    endloop
  endfacet
  facet normal 0 0 -1
    outer loop
      vertex 11 -9 0
      vertex 22.3494 -14.4294 0
      vertex 22.15 -14.5278 0
    endloop
  endfacet
  facet normal 0 0 -1
    outer loop
      vertex 11 -9 0
      vertex 22.15 -14.5278 0
      vertex 21.9651 -14.6513 0
    endloop
  endfacet
  facet normal 0 0 -1
    outer loop
      vertex 22.56 -14.3579 0
      vertex 11 -9 0
      vertex 29 -9 0
    endloop
  endfacet
  facet normal 0 0 -1
    outer loop
      vertex 21.7979 -14.7979 0
      vertex 11 -9 0
      vertex 21.9651 -14.6513 0
    endloop
  endfacet
  facet normal 0 0 -1
    outer loop
      vertex 21.6513 -14.9651 0
      vertex 11 -9 0
      vertex 21.7979 -14.7979 0
    endloop
  endfacet
  facet normal 0 0 -1
    outer loop
      vertex 21.5278 -15.15 0
      vertex 11 -9 0
      vertex 21.6513 -14.9651 0
    endloop
  endfacet
  facet normal 0 0 -1
    outer loop
      vertex 21.4294 -15.3494 0
      vertex 11 -9 0
      vertex 21.5278 -15.15 0
    endloop
  endfacet
  facet normal 0 0 -1
    outer loop
      vertex 21.3579 -15.56 0
      vertex 11 -9 0
      vertex 21.4294 -15.3494 0
    endloop
  endfacet
  facet normal 0 0 -1
    outer loop
      vertex 21.3145 -15.7781 0
      vertex 11 -9 0
      vertex 21.3579 -15.56 0
    endloop
  endfacet
  facet normal 0 0 -1
    outer loop
      vertex 11 -9 0
      vertex 21.3145 -15.7781 0
      vertex 21.3 -16 0
    endloop
  endfacet
  facet normal 0 0 -1
    outer loop
      vertex -21.3145 -15.7781 0
      vertex -11 -9 0
      vertex -21.3 -16 0
    endloop
  endfacet
  facet normal 0 0 -1
    outer loop
      vertex -21.3579 -15.56 0
      vertex -11 -9 0
      vertex -21.3145 -15.7781 0
    endloop
  endfacet
  facet normal 0 0 -1
    outer loop
      vertex -21.4294 -15.3494 0
      vertex -11 -9 0
      vertex -21.3579 -15.56 0
    endloop
  endfacet
  facet normal 0 0 -1
    outer loop
      vertex -21.5278 -15.15 0
      vertex -11 -9 0
      vertex -21.4294 -15.3494 0
    endloop
  endfacet
  facet normal 0 0 -1
    outer loop
      vertex -21.6513 -14.9651 0
      vertex -11 -9 0
      vertex -21.5278 -15.15 0
    endloop
  endfacet
  facet normal 0 0 -1
    outer loop
      vertex -21.7979 -14.7979 0
      vertex -11 -9 0
      vertex -21.6513 -14.9651 0
    endloop
  endfacet
  facet normal 0 0 -1
    outer loop
      vertex -21.9651 -14.6513 0
      vertex -11 -9 0
      vertex -21.7979 -14.7979 0
    endloop
  endfacet
  facet normal 0 0 -1
    outer loop
      vertex -22.15 -14.5278 0
      vertex -11 -9 0
      vertex -21.9651 -14.6513 0
    endloop
  endfacet
  facet normal 0 0 -1
    outer loop
      vertex -22.3494 -14.4294 0
      vertex -11 -9 0
      vertex -22.15 -14.5278 0
    endloop
  endfacet
  facet normal 0 0 -1
    outer loop
      vertex -22.56 -14.3579 0
      vertex -11 -9 0
      vertex -22.3494 -14.4294 0
    endloop
  endfacet
  facet normal 0 0 -1
    outer loop
      vertex -29 -9 0
      vertex -22.56 -14.3579 0
      vertex -22.7781 -14.3145 0
    endloop
  endfacet
  facet normal 0 0 -1
    outer loop
      vertex -29 -9 0
      vertex -22.7781 -14.3145 0
      vertex -23 -14.3 0
    endloop
  endfacet
  facet normal 0 0 -1
    outer loop
      vertex -29 -9 0
      vertex -23 -14.3 0
      vertex -23.2219 -14.3145 0
    endloop
  endfacet
  facet normal 0 0 -1
    outer loop
      vertex -29 -9 0
      vertex -23.2219 -14.3145 0
      vertex -23.44 -14.3579 0
    endloop
  endfacet
  facet normal 0 0 -1
    outer loop
      vertex -29 -9 0
      vertex -23.44 -14.3579 0
      vertex -23.6506 -14.4294 0
    endloop
  endfacet
  facet normal 0 0 -1
    outer loop
      vertex -29 -21 0
      vertex -24.6855 -15.7781 0
      vertex -24.7 -16 0
    endloop
  endfacet
  facet normal 0 0 -1
    outer loop
      vertex -29 -9 0
      vertex -24.6855 -15.7781 0
      vertex -29 -21 0
    endloop
  endfacet
  facet normal 0 0 -1
    outer loop
      vertex -24.6855 -15.7781 0
      vertex -29 -9 0
      vertex -24.6421 -15.56 0
    endloop
  endfacet
  facet normal 0 0 -1
    outer loop
      vertex -24.6421 -15.56 0
      vertex -29 -9 0
      vertex -24.5706 -15.3494 0
    endloop
  endfacet
  facet normal 0 0 -1
    outer loop
      vertex -24.5706 -15.3494 0
      vertex -29 -9 0
      vertex -24.4722 -15.15 0
    endloop
  endfacet
  facet normal 0 0 -1
    outer loop
      vertex -22.56 -14.3579 0
      vertex -29 -9 0
      vertex -11 -9 0
    endloop
  endfacet
  facet normal 0 0 -1
    outer loop
      vertex -23.85 -14.5278 0
      vertex -29 -9 0
      vertex -23.6506 -14.4294 0
    endloop
  endfacet
  facet normal 0 0 -1
    outer loop
      vertex -24.0349 -14.6513 0
      vertex -29 -9 0
      vertex -23.85 -14.5278 0
    endloop
  endfacet
  facet normal 0 0 -1
    outer loop
      vertex -24.2021 -14.7979 0
      vertex -29 -9 0
      vertex -24.0349 -14.6513 0
    endloop
  endfacet
  facet normal 0 0 -1
    outer loop
      vertex -24.3487 -14.9651 0
      vertex -29 -9 0
      vertex -24.2021 -14.7979 0
    endloop
  endfacet
  facet normal 0 0 -1
    outer loop
      vertex -24.4722 -15.15 0
      vertex -29 -9 0
      vertex -24.3487 -14.9651 0
    endloop
  endfacet
  facet normal 0 0 -1
    outer loop
      vertex 24.6855 15.7781 0
      vertex 29 21 0
      vertex 29 9 0
    endloop
  endfacet
  facet normal 0 0 -1
    outer loop
      vertex 29 21 0
      vertex 24.6855 15.7781 0
      vertex 24.7 16 0
    endloop
  endfacet
  facet normal 0 0 -1
    outer loop
      vertex 29 9 0
      vertex 24.6421 15.56 0
      vertex 24.6855 15.7781 0
    endloop
  endfacet
  facet normal 0 0 -1
    outer loop
      vertex 29 9 0
      vertex 24.5706 15.3494 0
      vertex 24.6421 15.56 0
    endloop
  endfacet
  facet normal 0 0 -1
    outer loop
      vertex 29 9 0
      vertex 24.4722 15.15 0
      vertex 24.5706 15.3494 0
    endloop
  endfacet
  facet normal 0 0 -1
    outer loop
      vertex 29 9 0
      vertex 24.3487 14.9651 0
      vertex 24.4722 15.15 0
    endloop
  endfacet
  facet normal 0 0 -1
    outer loop
      vertex 29 9 0
      vertex 24.2021 14.7979 0
      vertex 24.3487 14.9651 0
    endloop
  endfacet
  facet normal 0 0 -1
    outer loop
      vertex 29 9 0
      vertex 24.0349 14.6513 0
      vertex 24.2021 14.7979 0
    endloop
  endfacet
  facet normal 0 0 -1
    outer loop
      vertex 29 9 0
      vertex 23.85 14.5278 0
      vertex 24.0349 14.6513 0
    endloop
  endfacet
  facet normal 0 0 -1
    outer loop
      vertex 29 9 0
      vertex 23.6506 14.4294 0
      vertex 23.85 14.5278 0
    endloop
  endfacet
  facet normal 0 0 -1
    outer loop
      vertex 29 9 0
      vertex 23.44 14.3579 0
      vertex 23.6506 14.4294 0
    endloop
  endfacet
  facet normal 0 0 -1
    outer loop
      vertex 29 9 0
      vertex 23.2219 14.3145 0
      vertex 23.44 14.3579 0
    endloop
  endfacet
  facet normal 0 0 -1
    outer loop
      vertex 29 9 0
      vertex 23 14.3 0
      vertex 23.2219 14.3145 0
    endloop
  endfacet
  facet normal 0 0 -1
    outer loop
      vertex 29 9 0
      vertex 22.7781 14.3145 0
      vertex 23 14.3 0
    endloop
  endfacet
  facet normal 0 0 -1
    outer loop
      vertex 29 9 0
      vertex 22.56 14.3579 0
      vertex 22.7781 14.3145 0
    endloop
  endfacet
  facet normal 0 0 -1
    outer loop
      vertex 11 9 0
      vertex 22.56 14.3579 0
      vertex 29 9 0
    endloop
  endfacet
  facet normal -0 0 -1
    outer loop
      vertex 22.56 14.3579 0
      vertex 11 9 0
      vertex 22.3494 14.4294 0
    endloop
  endfacet
  facet normal -0 0 -1
    outer loop
      vertex 22.3494 14.4294 0
      vertex 11 9 0
      vertex 22.15 14.5278 0
    endloop
  endfacet
  facet normal -0 0 -1
    outer loop
      vertex 21.3145 15.7781 0
      vertex 11 9 0
      vertex 21.3 16 0
    endloop
  endfacet
  facet normal -0 0 -1
    outer loop
      vertex 21.3579 15.56 0
      vertex 11 9 0
      vertex 21.3145 15.7781 0
    endloop
  endfacet
  facet normal -0 0 -1
    outer loop
      vertex 21.4294 15.3494 0
      vertex 11 9 0
      vertex 21.3579 15.56 0
    endloop
  endfacet
  facet normal -0 0 -1
    outer loop
      vertex 21.5278 15.15 0
      vertex 11 9 0
      vertex 21.4294 15.3494 0
    endloop
  endfacet
  facet normal -0 0 -1
    outer loop
      vertex 21.6513 14.9651 0
      vertex 11 9 0
      vertex 21.5278 15.15 0
    endloop
  endfacet
  facet normal -0 0 -1
    outer loop
      vertex 21.7979 14.7979 0
      vertex 11 9 0
      vertex 21.6513 14.9651 0
    endloop
  endfacet
  facet normal -0 0 -1
    outer loop
      vertex 21.9651 14.6513 0
      vertex 11 9 0
      vertex 21.7979 14.7979 0
    endloop
  endfacet
  facet normal -0 0 -1
    outer loop
      vertex 22.15 14.5278 0
      vertex 11 9 0
      vertex 21.9651 14.6513 0
    endloop
  endfacet
  facet normal 0 0 -1
    outer loop
      vertex 24.6855 16.2219 0
      vertex 29 21 0
      vertex 24.7 16 0
    endloop
  endfacet
  facet normal 0 0 -1
    outer loop
      vertex 24.6421 16.44 0
      vertex 29 21 0
      vertex 24.6855 16.2219 0
    endloop
  endfacet
  facet normal 0 0 -1
    outer loop
      vertex 24.5706 16.6506 0
      vertex 29 21 0
      vertex 24.6421 16.44 0
    endloop
  endfacet
  facet normal 0 0 -1
    outer loop
      vertex 24.4722 16.85 0
      vertex 29 21 0
      vertex 24.5706 16.6506 0
    endloop
  endfacet
  facet normal 0 0 -1
    outer loop
      vertex 24.3487 17.0349 0
      vertex 29 21 0
      vertex 24.4722 16.85 0
    endloop
  endfacet
  facet normal 0 0 -1
    outer loop
      vertex 24.2021 17.2021 0
      vertex 29 21 0
      vertex 24.3487 17.0349 0
    endloop
  endfacet
  facet normal 0 0 -1
    outer loop
      vertex 24.0349 17.3487 0
      vertex 29 21 0
      vertex 24.2021 17.2021 0
    endloop
  endfacet
  facet normal 0 0 -1
    outer loop
      vertex 23.85 17.4722 0
      vertex 29 21 0
      vertex 24.0349 17.3487 0
    endloop
  endfacet
  facet normal 0 0 -1
    outer loop
      vertex 23.6506 17.5706 0
      vertex 29 21 0
      vertex 23.85 17.4722 0
    endloop
  endfacet
  facet normal 0 0 -1
    outer loop
      vertex 23.44 17.6421 0
      vertex 29 21 0
      vertex 23.6506 17.5706 0
    endloop
  endfacet
  facet normal 0 0 -1
    outer loop
      vertex 23.2219 17.6855 0
      vertex 29 21 0
      vertex 23.44 17.6421 0
    endloop
  endfacet
  facet normal 0 0 -1
    outer loop
      vertex 23 17.7 0
      vertex 29 21 0
      vertex 23.2219 17.6855 0
    endloop
  endfacet
  facet normal 0 0 -1
    outer loop
      vertex 22.7781 17.6855 0
      vertex 29 21 0
      vertex 23 17.7 0
    endloop
  endfacet
  facet normal 0 0 -1
    outer loop
      vertex 22.56 17.6421 0
      vertex 29 21 0
      vertex 22.7781 17.6855 0
    endloop
  endfacet
  facet normal 0 0 -1
    outer loop
      vertex 22.3494 17.5706 0
      vertex 29 21 0
      vertex 22.56 17.6421 0
    endloop
  endfacet
  facet normal 0 0 -1
    outer loop
      vertex -22.3494 17.5706 0
      vertex 22.3494 17.5706 0
      vertex 22.15 17.4722 0
    endloop
  endfacet
  facet normal 0 0 -1
    outer loop
      vertex 11 9 0
      vertex 21.3145 16.2219 0
      vertex 21.3 16 0
    endloop
  endfacet
  facet normal 0 0 -1
    outer loop
      vertex 11 9 0
      vertex 21.3579 16.44 0
      vertex 21.3145 16.2219 0
    endloop
  endfacet
  facet normal 0 0 -1
    outer loop
      vertex 11 9 0
      vertex 21.4294 16.6506 0
      vertex 21.3579 16.44 0
    endloop
  endfacet
  facet normal 0 0 -1
    outer loop
      vertex 11 9 0
      vertex 21.5278 16.85 0
      vertex 21.4294 16.6506 0
    endloop
  endfacet
  facet normal 0 0 -1
    outer loop
      vertex 11 9 0
      vertex 21.6513 17.0349 0
      vertex 21.5278 16.85 0
    endloop
  endfacet
  facet normal 0 0 -1
    outer loop
      vertex -11 9 0
      vertex 21.6513 17.0349 0
      vertex 11 9 0
    endloop
  endfacet
  facet normal 0 0 -1
    outer loop
      vertex -21.6513 17.0349 0
      vertex 21.6513 17.0349 0
      vertex -11 9 0
    endloop
  endfacet
  facet normal 0 0 -1
    outer loop
      vertex -11 9 0
      vertex 11 9 0
      vertex -11 -9 0
    endloop
  endfacet
  facet normal 0 0 -1
    outer loop
      vertex 21.6513 17.0349 0
      vertex -21.6513 17.0349 0
      vertex 21.7979 17.2021 0
    endloop
  endfacet
  facet normal 0 0 -1
    outer loop
      vertex -21.7979 17.2021 0
      vertex 21.7979 17.2021 0
      vertex -21.6513 17.0349 0
    endloop
  endfacet
  facet normal 0 0 -1
    outer loop
      vertex 21.7979 17.2021 0
      vertex -21.7979 17.2021 0
      vertex 21.9651 17.3487 0
    endloop
  endfacet
  facet normal 0 0 -1
    outer loop
      vertex -21.3145 16.2219 0
      vertex -11 9 0
      vertex -21.3 16 0
    endloop
  endfacet
  facet normal 0 0 -1
    outer loop
      vertex -21.3579 16.44 0
      vertex -11 9 0
      vertex -21.3145 16.2219 0
    endloop
  endfacet
  facet normal 0 0 -1
    outer loop
      vertex -21.4294 16.6506 0
      vertex -11 9 0
      vertex -21.3579 16.44 0
    endloop
  endfacet
  facet normal 0 0 -1
    outer loop
      vertex -21.5278 16.85 0
      vertex -11 9 0
      vertex -21.4294 16.6506 0
    endloop
  endfacet
  facet normal 0 0 -1
    outer loop
      vertex -21.6513 17.0349 0
      vertex -11 9 0
      vertex -21.5278 16.85 0
    endloop
  endfacet
  facet normal 0 0 -1
    outer loop
      vertex -21.9651 17.3487 0
      vertex 21.9651 17.3487 0
      vertex -21.7979 17.2021 0
    endloop
  endfacet
  facet normal 0 0 -1
    outer loop
      vertex 21.9651 17.3487 0
      vertex -21.9651 17.3487 0
      vertex 22.15 17.4722 0
    endloop
  endfacet
  facet normal 0 0 -1
    outer loop
      vertex -22.15 17.4722 0
      vertex 22.15 17.4722 0
      vertex -21.9651 17.3487 0
    endloop
  endfacet
  facet normal 0 0 -1
    outer loop
      vertex -22.3494 17.5706 0
      vertex 22.15 17.4722 0
      vertex -22.15 17.4722 0
    endloop
  endfacet
  facet normal 0 0 -1
    outer loop
      vertex 22.3494 17.5706 0
      vertex -22.3494 17.5706 0
      vertex 29 21 0
    endloop
  endfacet
  facet normal 0 0 -1
    outer loop
      vertex -29 21 0
      vertex -22.3494 17.5706 0
      vertex -22.56 17.6421 0
    endloop
  endfacet
  facet normal 0 0 -1
    outer loop
      vertex -29 21 0
      vertex -22.56 17.6421 0
      vertex -22.7781 17.6855 0
    endloop
  endfacet
  facet normal 0 0 -1
    outer loop
      vertex -29 21 0
      vertex -22.7781 17.6855 0
      vertex -23 17.7 0
    endloop
  endfacet
  facet normal 0 0 -1
    outer loop
      vertex -24.6855 15.7781 0
      vertex -29 21 0
      vertex -24.7 16 0
    endloop
  endfacet
  facet normal 0 0 -1
    outer loop
      vertex -24.7 16 0
      vertex -29 21 0
      vertex -24.6855 16.2219 0
    endloop
  endfacet
  facet normal 0 0 -1
    outer loop
      vertex -24.6855 16.2219 0
      vertex -29 21 0
      vertex -24.6421 16.44 0
    endloop
  endfacet
  facet normal 0 0 -1
    outer loop
      vertex -24.6421 16.44 0
      vertex -29 21 0
      vertex -24.5706 16.6506 0
    endloop
  endfacet
  facet normal 0 0 -1
    outer loop
      vertex -22.3494 17.5706 0
      vertex -29 21 0
      vertex 29 21 0
    endloop
  endfacet
  facet normal 0 0 -1
    outer loop
      vertex -23.2219 17.6855 0
      vertex -29 21 0
      vertex -23 17.7 0
    endloop
  endfacet
  facet normal 0 0 -1
    outer loop
      vertex -23.44 17.6421 0
      vertex -29 21 0
      vertex -23.2219 17.6855 0
    endloop
  endfacet
  facet normal 0 0 -1
    outer loop
      vertex -23.6506 17.5706 0
      vertex -29 21 0
      vertex -23.44 17.6421 0
    endloop
  endfacet
  facet normal 0 0 -1
    outer loop
      vertex -23.85 17.4722 0
      vertex -29 21 0
      vertex -23.6506 17.5706 0
    endloop
  endfacet
  facet normal 0 0 -1
    outer loop
      vertex -24.0349 17.3487 0
      vertex -29 21 0
      vertex -23.85 17.4722 0
    endloop
  endfacet
  facet normal 0 0 -1
    outer loop
      vertex -24.2021 17.2021 0
      vertex -29 21 0
      vertex -24.0349 17.3487 0
    endloop
  endfacet
  facet normal 0 0 -1
    outer loop
      vertex -24.3487 17.0349 0
      vertex -29 21 0
      vertex -24.2021 17.2021 0
    endloop
  endfacet
  facet normal 0 0 -1
    outer loop
      vertex -24.4722 16.85 0
      vertex -29 21 0
      vertex -24.3487 17.0349 0
    endloop
  endfacet
  facet normal 0 0 -1
    outer loop
      vertex -24.5706 16.6506 0
      vertex -29 21 0
      vertex -24.4722 16.85 0
    endloop
  endfacet
  facet normal -1 0 0
    outer loop
      vertex -29 9 0
      vertex -29 21 2.5
      vertex -29 21 0
    endloop
  endfacet
  facet normal -1 -0 0
    outer loop
      vertex -29 21 2.5
      vertex -29 9 0
      vertex -29 9 2.5
    endloop
  endfacet
  facet normal -1 0 0
    outer loop
      vertex -29 -21 0
      vertex -29 -9 2.5
      vertex -29 -9 0
    endloop
  endfacet
  facet normal -1 -0 0
    outer loop
      vertex -29 -9 2.5
      vertex -29 -21 0
      vertex -29 -21 2.5
    endloop
  endfacet
  facet normal 0 1 -0
    outer loop
      vertex 29 21 0
      vertex -29 21 2.5
      vertex 29 21 2.5
    endloop
  endfacet
  facet normal 0 1 0
    outer loop
      vertex -29 21 2.5
      vertex 29 21 0
      vertex -29 21 0
    endloop
  endfacet
  facet normal 0 -1 0
    outer loop
      vertex -29 -21 0
      vertex 29 -21 2.5
      vertex -29 -21 2.5
    endloop
  endfacet
  facet normal 0 -1 -0
    outer loop
      vertex 29 -21 2.5
      vertex -29 -21 0
      vertex 29 -21 0
    endloop
  endfacet
endsolid OpenSCAD_Model
